:020000040800F2
:10600000080400207D8400087DF3000881F3000867
:1060100025F1030885F300088DF3000875CF030808
:1060200075CF030875CF030875CF0308F18C0408FA
:1060300091F300086CDE0408818C040813CC04087A
:10604000D580000875CF030875CF030875CF030806
:1060500075CF030875CF030875CF030875CF030804
:1060600075CF030821F201085343040891F1010898
:106070004F43040875CF030875CF03084584000813
:1060800075CF030875CF030875CF030875CF0308D4
:1060900075CF0308DD8D000875CF030875CF0308A1
:1060A00075CF0308298700080987000875CF030802
:1060B00075CF03084D5A0208ED640208D356040850
:1060C000CF5604087D5C0208E9560408D756040838
:1060D000BD640208DB5604082D65020899650208B4
:1060E00075CF030875CF030875CF030875CF030874
:1060F000BDE8030875CF030875CF030875CF030803
:1061000075CF030875CF030875CF030875CF030853
:1061100075CF030875CF030875CF030875CF030843
:1061200075CF030875CF030875CF030875CF030833
:1061300075CF030875CF030875CF030875CF030823
:1061400075CF03085DC9000875CF0308F5CA0408B8
:10615000B946020875CF0308735604087956040837
:1061600075CF030875CF030875CF030875CF0308F3
:10617000F0B5114A114C124E00F00105E3695F07BA
:1061800013D40DB9334213D103EA00078F4207D16C
:106190000B4A1A40002A0CBF00206FF00100F0BD2E
:1061A000013AEBD16FF00200F9E74FF0FF30F6E76C
:1061B0006FF00100F3E700BF8096980000000350E5
:1061C000020001000B4B70B5D96911F480310DD17B
:1061D00001244FF48072084E084DF46020462C6470
:1061E0001A61FFF7C5FF3464EC6070BD6FF0010009
:1061F000FBE700BF000003500010035000200350D5
:106200004FF4803238B50E4B0E4C9A66E56941F674
:10621000713315400122E3630B4B0021DA60022346
:10622000606121202361FFF7A3FF10B92120FFF750
:106230009FFF0122054BDA600DB10023E36338BDF7
:106240000090005000000350001003500020035045
:1062500070B5134C6061E3695B071ED40E4656F8B7
:10626000043B8D18A361AE420BD1042300212120F1
:106270002361FFF77DFF58B9BDE870402120FFF78B
:1062800077BF08210846FFF773FF10B1042323618D
:1062900070BD56F8043BA361E5E74FF0FF30F7E728
:1062A000000003502DE9F84315464FF48032184B97
:1062B00089469A6603F51C33DF690646174041F6A6
:1062C0007132DA63012203F58053DFF84C80DA6023
:1062D00055B9284601220F4BDA601FB10022A3F501
:1062E0000053DA63BDE8F88306F5005404EA0804B5
:1062F000A41BAC4228BF2C46494622463046FFF735
:10630000A7FF0028E6D12644A1442D1BE0E700BFEB
:10631000009000500020035000E0FFFF000000004C
:10632000000000000000000000000000000000006D
:106330002DE9F04F4FF0FD0BC9B09A460DF11B0946
:106340009DF8503108AFCDF80C90CDF808B001970A
:10635000059303890446009383790E46904641884D
:106360008288407813F02CFB054650B10090A3883A
:10637000002062883A4913F043FD284649B0BDE841
:10638000F08F99F800003AF057FB38B12846A388FF
:106390006288344913F034FD8D25EEE75A463946BC
:1063A00099F800003AF01DFB8346002851D0529B1B
:1063B0001BB1BDF84C3198424BD8002399F800909E
:1063C0000793A9F14102012A5FFA8BF123D83846DD
:1063D0000139254ADFF898C05FFA81FE734513DB67
:1063E000059B04210792C3B907AF18221F489FEDF0
:1063F0001A7B02FB060420460A460830394684ED23
:10640000027B3EF01FFC11E010F8011F01335140E8
:106410000CFB01F2E2E7059B33B123464A463846BE
:1064200000960FF0C9F8A8E70829DED9B8F1000FE7
:1064300001D088F80090BAF1000F01D0AAF800B09E
:10644000529B002B99D05A46184608A93EF0FAFBF9
:1064500093E7012591E700BF000000000000000065
:10646000E00A0508150B0508C59D1C8118170020BA
:1064700093010001000000002DE9F04F93B0CDE939
:106480000A32DDE91C530E9353EC102BCDE90801C1
:10649000104619468DED060B1E9E19F00DFC80B1BD
:1064A000DDE906014FF0FF32C54B19F02DFC40B974
:1064B000DDE906014FF0FF326FF4801319F006FC9E
:1064C00070B1DDE908019DED060B0E9B1E96CDE92E
:1064D0001C53DDE90A3213B0BDE8F04F00F088B973
:1064E0000022DDE90601002319F0F0FB002800F08E
:1064F0003381DDE906A303F1004BCBF30A5016F418
:106500008063A0F2FF3008BF06250F9319F002F94F
:106510009BA3D3E9002319F067F99BA3D3E90023D8
:1065200018F0ACFFCBF31304894644F07F5180464A
:106530000022A44B504641F4401118F09DFF94A353
:10654000D3E9002319F050F902460B46404649466C
:1065500018F094FF19F0E2FB044619F0DBF88EA363
:10656000D3E900238046894619F03EF90022964B74
:1065700018F084FF19F0D2FB89A3D3E90023074662
:106580004946404619F030F980463846894619F0A8
:10659000C1F885A3D3E9002319F026F902460B467A
:1065A0004046494618F068FF02460B46CDE90C23E9
:1065B00019F01AF9DDE90C23804689461046194680
:1065C00018F05CFF0022CDE91001804B404649469F
:1065D00019F034FA00227E4B18F050FF02460B46A9
:1065E0004046494619F02AFA00227A4B18F046FF35
:1065F00002460B464046494619F020FADDE90C23D5
:106600008046894600204FF0804118F035FF024651
:106610000B464046494618F031FF02460B46DDE97D
:10662000100119F00BFA07F2FF3700226A4B18F03D
:1066300025FF00223B0519F0D7F852465B468046FD
:10664000894619F061FB002840F08980CDE90C896A
:1066500004F16303C72B34BF0427052731051BD57D
:1066600053A3D3E900235046594619F043FB0028B1
:106670007FD051A3D3E900235046594619F026FB99
:10668000002876D00027A542C6BF2C1B04F1FF3599
:1066900000253C4646F480660E9B9F422CBF4FF07F
:1066A0000008A3EB070816F0020903D0002F18BF5B
:1066B0004FF000083CB1DDE90C235046594619F073
:1066C000BDF982468B46DDE906010022002319F060
:1066D000FDFA10B10BF100439B46DDE9080126F4F9
:1066E0000063CDE90183DDE90A324BEC10AB009584
:1066F00000F07EF802465FB3DDE9091316F0200FC3
:1067000000F10105089E0CBF65204520B047DDE97A
:1067100008010523002205930A23002CCDE902324B
:1067200007F1FF374FEAD473B8BF64422A4601939A
:1067300004970A9B00943DF00DFD0246B9F1000F4D
:1067400006D00B9BC41A0B9B1A190E9BA34245D86B
:10675000104613B0BDE8F08FDDE906ABCDE60022B0
:10676000404649461A4B19F069F9013CCDE90C0144
:106770006EE7002D90D00F9B002B8DD0013D8BE755
:10678000FB799F501344D33FB3C8608B288AC63F20
:1067900061436F63A787D23F71A379094F930A4082
:1067A0001655B5BBB16B0240EF39FAFE422EE63FFB
:1067B0002D431CEBE2361A3F0000000080842E417E
:1067C000FFFFEF7F0000F83F0000E03F00002C409B
:1067D00000002440000018400000F03F2020DDE9C8
:1067E0000913089DA8470134ADE700BF0000000071
:1067F0002DE9F04F5BEC10AB97B0CDE90501DDE979
:106800002057CDE90723504652465B465946229E03
:1068100019F052FA70B90323CDE902760193B04B17
:106820000093DDE90501DDE907233DF0B3FB17B077
:10683000BDE8F08F4FF0FF326FF480135046594699
:1068400019F044FA28B10423CDE902760193A54B4F
:10685000E6E74FF0FF3250465946A34B19F054FA81
:1068600068B1A24A06F00403002B08BF0322A04B24
:106870001CBF13460422CDE902760192D0E75046B0
:1068800093A3D3E90023594619F03EFA38B992A3ED
:10689000D3E900235046594619F018FA68B1DDE9EA
:1068A0000723DDE905014BEC10ABCDE921762095FE
:1068B00017B0BDE8F04FFFF7DFBD002200235046C0
:1068C000594619F003FA002800F09A805B465246B8
:1068D0000020002118F0D0FD012382468B46099349
:1068E00016F4806400F08E80092D40F28E80002422
:1068F00030210EABA5F109020134202C03F8011B55
:10690000A5EB040901D09442F6D15946504619F03E
:1069100005FA784B054603EBC90393ED007B8DED3B
:106920000A7B18F0F7FE02460B465046594618F00F
:10693000A3FDDDE90A2318F057FF02460B46CDE917
:106940000C2319F013FA804618F0D4FE02460B46C9
:10695000DDE90C0118F090FD02460B46CDE90C2351
:106960000022654B19F0D0F9002851D008F1010838
:10697000404618F0BFFE02460B46DDE90A0119F059
:10698000AFF910B14FF000080135B9F1000F50D147
:10699000284618F0BFFE02460B465046594618F0EE
:1069A0006BFD0022544B8046894619F08FF930B1B7
:1069B000002240464946504B19F0A6F910B1E807AD
:1069C00000D501350A210EAB1A19202C0AD095FBEF
:1069D000F1F001FB1055303502F8015B013405463A
:1069E0000028F2D106F00302012A57D1002F55D01A
:1069F000099A12B916F00C0F00D0013F302245E081
:106A000009906DE74FF006097FE7A94600247CE76F
:106A10000022DDE90C01384B19F058F90028B4D1F7
:106A2000B8F1000F02D018F0010FAED008F1010844
:106A3000ABE70A210EAB2344202C0ED0B8FBF1F0BB
:106A400001FB1082B8F1090F02F1300209F1FF39A0
:106A500004F1010403F8012B11D83021A1440EAA3E
:106A6000202CAFD0A14504F101030AD11C4609F145
:106A700058030DEB03092E2309F8203CA2E78046BA
:106A8000DAE7A1541C46EBE71A550134A74205D9B1
:106A9000202CF9D1CDE902760194C1E6202CF9D061
:106AA000099A3AB12D2104F158026A4402F8201CD7
:106AB0000134EFE7710704D504F158022B216A4431
:106AC000F4E73207E6D504F1580220216A44EDE7E5
:106AD0000000000065CDCD410000000065CDCDC1B6
:106AE0009A3405089E340508FFFFEF7F91340508AE
:106AF00096340508A83405080000E03F00000000B7
:106B000070B58EB02C22002103A83EF090F86423CB
:106B10004FF002320893CDE905230B2301218DF8B4
:106B20003430534B8DF810101B88D80700F1988033
:106B3000084644F02FFE0A224E4B4F491A704FF47C
:106B400028734E48ADF812301FF0E4FD4C4C206025
:106B500020B94FF416714B4842F0B0FA0521206875
:106B60003EF071FE20B14FF41A71464842F0A6FA89
:106B7000206818F05BFB444B206819683EF0BBF9B5
:106B80000C2545F03BFA6843099045F037FA684315
:106B90000DEB05010790206819F008FD20B140F2C7
:106BA0007D21384842F08AFA256822F02BFB00222A
:106BB000014628463EF00AFA20B140F27F213148D2
:106BC00042F07CFA40F20353304D314E2B800523C6
:106BD00096F90000AB707F2801D120F0B5F833782A
:106BE000EB7045F00BFA00EB80008000A88045F0C8
:106BF00005FA0023C0004FF0FF31E880AB604FF092
:106C0000FF3019A3D3E9002344F016FF214920687F
:106C10003EF09EF9206802A93EF0BCFE20B14FF480
:106C20002E71184842F04AFA042220680DEB020146
:106C30003EF035F9042804D040F2BB21114842F05F
:106C40003DFA01A901203CF0B5F908F0DBFB012079
:106C500020F006FD37F02CF820F02CFD20F00CF889
:106C60000EB070BDAFF300800A0020FF42030000A9
:106C7000288E00206A960020BDB70408509E002090
:106C8000288400209C7805082C9A00201C84002071
:106C9000B2A1002031B804080348044B834202D05B
:106CA000034B03B11847704710A2002010A2002028
:106CB00000000000064B0749C91A891048BF01317E
:106CC000491003D0044B0BB101481847704700BF6F
:106CD00010A2002010A200200000000010B5064CF9
:106CE000237843B9FFF7D8FF044B13B10448AFF33F
:106CF00000800123237010BD1C8F002000000000C5
:106D00000881050808B5054B1BB105490548AFF3D7
:106D10000080BDE80840FFF7CDBF00BF00000000C5
:106D20000021002008810508A3F5803A704700BFC4
:106D3000174B002B08BF134B9D46FFF7F5FF0021B3
:106D40008B460F461348144A121A3DF070FF0E4B43
:106D5000002B00D098470D4B002B00D09847002007
:106D6000002104000D000D48002802D00C48AFF3AC
:106D7000008019F037FB2000290000F03DFF19F0DA
:106D8000A5F900BF0000080000000000000000009E
:106D900008040020080400200097002000000000E4
:106DA0000000000010B50446024B036000F0F2FA48
:106DB000204610BD54DB04081FB51A4835F0E4F82E
:106DC00020B905B05DF804EB34F024BE0DF10F03DB
:106DD0000DF10E020DF10D01124834F0BCFF9DF8CB
:106DE0000F309DF80D2000930F499DF80E300F488D
:106DF00035F075FC9DF80D101620C1F1FF0135F03E
:106E000086FF9DF80E101720C1F1FF0135F07FFFBE
:106E10009DF80F101820C1F1FF0135F078FF05B083
:106E20005DF804FB2421002068D9040858230020C1
:106E30002DE9F843534C23780BBB534834F0FDFE47
:106E4000E8B1012351495248237035F0B6FD51494C
:106E50004F4835F0B2FD4C4834F0FDFE0A220146A1
:106E60004B4835F014FE4C49494835F0A6FD4648DC
:106E700034F0F3FE10220146454835F0F1FD474855
:106E800035F082F8464B04461A7840B982B1187042
:106E900034F0C0FD43493E4835F0A0FD08E03AB962
:106EA000012241493A481A7035F098FDFFF784FFF6
:106EB0003E4DD5E8AF3F13F0010FDFF808810BD14D
:106EC00028463DF095FD38B1344834F013FF88F87A
:106ED000000028463DF098FD354DD5E8AF3F13F052
:106EE000010F344F0AD128463DF082FD30B12B48C6
:106EF00034F022FF387028463DF086FD2E4DD5E84F
:106F0000AF3F13F0010F2D4E0AD128463DF070FD22
:106F100030B1224834F0EEFF307028463DF074FD69
:106F20001E4834F0E7FE81461C4834F005FF054654
:106F30001A4834F0DFFF98F8002003464A4505D18F
:106F40003A78AA4202D13278824206D088F800907C
:106F50003D7033700CB1FFF72FFF192035F012FF91
:106F6000002814BF01250025154C04D1237813B146
:106F70000A4835F00EF825703220BDE8F84335F0A8
:106F8000BDBE00BF218F0020238F002095D90408AB
:106F900058230020B3D90408BDD9040824210020B7
:106FA000208F0020D3D90408CBD904082021002049
:106FB0001C2100201E8F0020182100201D8F002082
:106FC00074A100201F8F002010B5054C204600F052
:106FD000FFF82046BDE81040024A03493DF09ABC44
:106FE000242100206C990020A56D000808B54FF4FD
:106FF000E131344835F053FB3349324835F0EEFC8B
:107000000121162035F0B2FE0121172035F0AEFE29
:107010000121182035F0AAFE34F0FCFC19200221D1
:1070200035F0A4FE192035F0ADFE78B92749254882
:1070300035F0D4FC2649234835F0D0FC192035F032
:10704000A1FE002838D0234800F0A6F822492148A4
:1070500034F05BFD21491F4834F06FFD72211D485B
:1070600034F083FD1B4834F0A6FD1D4834F032FE99
:1070700001211B4834F083FF6421194834F035FFA7
:107080006421174834F045FE0021154834F03CFED9
:10709000FF2313481A46194634F0DCFE0D4834F03D
:1070A000D3FD68B90F49074835F098FCBDE80840A2
:1070B0000D49044835F092BC642035F01FFEBDE751
:1070C00008BD00BF58230020DCD90408F3D9040808
:1070D00008DA0408238F002025DA040832DA0408CD
:1070E0002421002049DA040864DA040813B5064CA8
:1070F000217839B9FF23054A0093054809F044FA7D
:107100000123237002B010BD228F002047BA03086C
:107110003421002008B540B1FFF7E8FFBDE8084082
:10712000FA22FF21014838F067B808BD3421002059
:10713000034B93F82030012B14BF0220032070472B
:10714000238F0020024A026000224260704700BF85
:10715000B8DA040810B5044634F023FD15F018FB26
:10716000064B93F82030002B0CBF8A2388230CB9E0
:1071700043F00403024A137010BD00BF238F0020A8
:1071800057950020152804D1024B93F82100FFF7F2
:10719000E1BF7047238F002008B534F060FD002167
:1071A000084615F06DFB044B186836F02EFABDE862
:1071B000084037F085BB00BF189A0020014834F022
:1071C00094BC00BF238F00200048704732DA0408C7
:1071D00010B5044600F076F8024B204623600023E9
:1071E000637310BDF4DA0408C1EB012C40F2FA51CC
:1071F000F0B5FE2441432B487F31814298BFB1FB5B
:10720000F4F14FF0FF078CBF002189B2B1FBF7F01A
:107210000CF17F0C1FFA8CFCBCFBF4FCC6B251FADB
:1072200080F0C0B25FFA8CFC391A00FB0CF50CFB45
:1072300001F17F357F31B5FBF7F5B1FBF7F1A7EB36
:107240000C047D1B791A5443554351437F347F35D9
:107250007F31B4FBF7F4B5FBF7F5B1FBF7F1E4B21E
:10726000EDB2C9B2042E1AD8DFE806F005030B1000
:10727000140011462A461A70059B1970069B1C7053
:10728000F0BD20460C4611460246F4E7204629464A
:107290001446F9E7204614460A460146EBE7214624
:1072A0002C46E8E70BEE0500004870470CDB0408AD
:1072B00010B50446024B036000F06CF8204610BD88
:1072C00054DB040810B5044600F072F8014B204668
:1072D000236010BD54DB040810B540B1074A0023F9
:1072E000114652F8044B1CB941F82300012010BD8F
:1072F00001331F2BF5D10020F9E700BF54210020F6
:1073000010B550B1084A0023114652F8044B84428C
:1073100004D10022012041F8232010BD01331F2B8E
:10732000F3D10020F9E700BF54210020F8B5094D42
:10733000064600242F4655F8040B30B135F048F9C5
:10734000B04202D157F82400F8BD01341F2CF2D10D
:107350000020F9E754210020004870476CDB040846
:10736000037B10B5044693B1806835F031F90146CE
:10737000074834F09AFCA068FFF7C2FFA06810B17C
:1073800003685B6898470023C4E90133237310BD89
:10739000238F002010B50446044B0360FFF7E0FF85
:1073A000204634F0A1FB204610BD00BFA4DB04083A
:1073B00010B50446FFF7C6FE034B204623600023AA
:1073C000A360237310BD00BFA4DB040810B50446FE
:1073D000054834F04FFC014620B12046BDE810407E
:1073E00034F0A4BD10BD00BF238F002010B50446AB
:1073F000024B036035F0E8F8204610BD50DC04086D
:10740000B5EEC00AF1EE10FA12D9F7EE007AB4EE3A
:10741000E70AF1EE10FA0DDA9FED087AF6EE007A3F
:10742000E0EE077AFCEEE77A17EE903A98B27047F2
:10743000002070474FF6FF70704700BF00FF7F4786
:10744000FE2928BFFE2107EE901AFE289FED2A6A2A
:1074500028BFFE20F8EE677A87EE865A07EE900A7C
:10746000F1EE086AB8EE677A27EE267AC7EE067A5A
:10747000F4EE667A9FED217AF1EE10FA67FE277A34
:10748000FDEEE75AB8EEE57A37EEC77AF7EE007A06
:10749000B0EE676A15EE900AA5EE476A37EEC77A36
:1074A00077EEC56AE7EE457A04281ED8DFE800F0DB
:1074B000210703111800B0EE666AF0EE676AF7EE76
:1074C000007A82ED006AC3ED007A009BC3ED006A8A
:1074D0007047F0EE467AB0EE666AF7EE006AF0E7C3
:1074E000B0EE676AF0EE667AF7E7F0EE667AF0EEF5
:1074F000466AB7EE006AE4E700007E430000000041
:10750000B4EEE00AF1EE10FA54BFF0EE406AF0EE8D
:10751000606AF4EE416AF1EE10FAB4EEE00A48BF98
:10752000F0EE416AF1EE10FA30FE807AB4EE417A64
:10753000F1EE10FAF5EEC06A31FE077AF1EE10FABC
:1075400082B04BD936EEC77AB5EEC07AF1EE10FABA
:1075500044D9F4EE406AF1EE10FAB1EE085A28D19F
:1075600070EEC10AC0EE877AF5EEC07AF1EE10FA3D
:1075700001D577EE857ADFED1B5A67EEA57A87EEA7
:10758000856AF6EE007A36EE276ABCEEC66A8DEDA5
:10759000016A87EE266AE6EE257AFCEEE77A9DF828
:1075A0000430CDED017A9DF8042003700A7002B01A
:1075B0007047F4EE606AF1EE10FA09BF31EE401A3E
:1075C00030EE600AC1EE077AB0EE006A1CBFC0EE72
:1075D000077AB1EE006A77EE867ACCE700231A4686
:1075E000E3E700BF00007E4330B587B01C4605AB23
:1075F0000093154604AB03AAFFF722FF9FED220A72
:10760000DDED047A9DED036A27EE800A9FED1F7A77
:10761000DFED1F6AA6EE070A9DED057AA7EE260AA2
:10762000DFED1C6ADFED1C5A67EEA66AE6EE256AFE
:10763000DFED1A5AE7EE256ADFED195A67EEA57AF3
:10764000DFED185AE6EE257A9FED176AE7EE067A27
:1076500030EE266A36EE276AB5EEC06AF1EE10FA11
:107660000CD980EE060AFFF7CBFE86EE860A0146AD
:10767000FFF7C6FE2980208007B030BD45F20D011E
:1076800045F23940F6E700BF5917B73E1826D33EFA
:10769000FED4383E5917373FD0B3593E98DD933D5D
:1076A000211FF43D091B9E3CF853733F06EE901AD0
:1076B0009FED376AF8EE666A86EE867AB5EEC07A96
:1076C000F1EE10FA07EE900A1946104603D800238F
:1076D00003700B707047F8EE677AC7EE866AF7EEB4
:1076E000007A77EEE67A77EEC77A86EE876A9FEDC4
:1076F000290AC7EE876ADFED287AA6EE270ADFEDB2
:10770000277ADFED270AA6EEE70ADFED267AE6EE16
:10771000270ADFED257AB5EEC00AE6EEA70A9FED4F
:10772000231ADFED237AF1EE10FAA6EE271AF5EE12
:10773000C00ADFED207A48BF9FED1F0AA6EEA71A08
:10774000F1EE10FAB5EEC01A48BFDFED1B0AF1EEFC
:1077500010FAB4EEE00A48BF9FED171AF1EE10FAE6
:1077600054BFF0EE407AF0EE607AB4EE671AF1EEB4
:1077700010FA71FE277AF5EEC07AF1EE10FAA6D96A
:1077800081EE271AC0EEA70A80EE270AFFF7B8BEDF
:1077900000FF7F47F8C2C4BFFE654F408048FF3EF0
:1077A000371AF03FD50978BFE7FB293D60E550BEA9
:1077B000AF25643DC74B873F0000000010B504466D
:1077C00000F028F800210D4B08466186616384F8BB
:1077D000381004F13402236004F13603FFF704FF8C
:1077E000204634F012FC204634F052FC204634F09F
:1077F00070FC204634F07CFC204610BDE4DB04081D
:1078000010B50446024B036034F0DEFE204610BD86
:1078100050DC040810B5044600F014F8034B204671
:107820002360002384F8313010BD00BF1CDC040845
:1078300010B50446024B036034F0C6FE204610BD6E
:1078400050DC040810B5044600F03CF8034B204619
:107850002360002384F8303010BD00BF50DC0408E2
:1078600038B5064D0446286808B9002038BD34F004
:10787000AFFEA042F9D12868F8E700BFD021002070
:107880002B2812D80F2815D91038C3B2012000FABE
:1078900003F313F0013F10D1084A13420CD1084AF8
:1078A000134208BF002080007047A0F1E203584255
:1078B0005841F8E70020704702207047000002029C
:1078C0000000080838B500250446074B80F825203D
:1078D0000360C5840585C562202204303DF06AF945
:1078E00084F82450204638BD7CDC0408002302467E
:1078F0001946014804F074BD00C0055010B50024BD
:107900000E4B186834F080FE0D4B0122C3F820475F
:107910000421C3F838470220C3F83047C3F828478A
:10792000C3F82C47234604F051FB2346BDE8104022
:1079300001220521022004F049BB00BFDC21002008
:1079400000C0035002460021014804F0A7B900BF5F
:107950000000015B10B500240E4B186834F054FE93
:107960000D4B2046C3F894440122C3F8AC440421D3
:10797000C3F8A444C3F89C44C3F8A044234604F0CD
:1079800025FB23462046BDE810400122052104F0D6
:107990001DBB00BFD421002000C00350084B1A6853
:1079A000084B1A60084B1A68084B1A60084B1A6893
:1079B000084B1A60084B1A68084B1A60704700BFE2
:1079C000909D0020E0210020A09D0020DC210020CF
:1079D0007C9D0020D82100208C9D0020D4210020F7
:1079E00008B50120024945F001FE024B186008BDB0
:1079F000E42100203422002000230448044A0549E1
:107A0000C0E9000083603CF085BF00BF3822002041
:107A10006C9900202DC603082DE9F04100259846F9
:107A20004FF47A73C0E90153184B04460F461646CB
:107A30002946802240F8103B3DF0F9F84FF4E1333D
:107A4000C4F89050C4F80C31C4F89450C4F89C5059
:107A5000C4F8985084F8085184F8105104F1A0013A
:107A6000012045F0C3FD069BC4F89C00C4F8F43027
:107A7000079B2046C4F8F830089BC4E94076C4F858
:107A8000F080C4F8FC30BDE8F08100BFFCDC0408E5
:107A90001FB50F4B0F4A02930F4B10490193104B28
:107AA000104800931268104B0968FFF7B5FF0F4BA1
:107AB0000F4A02930F4B10490193104B104800934B
:107AC0001268104B0968FFF7A7FF05B05DF804FBCB
:107AD0006DC60308DC210020FD780008E0210020AD
:107AE0001FC6030858230020ED780008DDC60308F0
:107AF000D421002055790008D821002023C603088E
:107B00004422002045790008014834F075BE00BFCA
:107B10006C24002010B50446044B0175036010224C
:107B2000002104303DF083F8204610BD74DD0408C8
:107B300030B5074D8374056000259DF80C30057540
:107B400045608560C56001744274C37430BD00BF78
:107B500074DD040807B501210648FFF7DBFF0023A9
:107B600005481A4619460093FFF7E2FF03B05DF897
:107B700004FB00BF08250020F024002008B50249BE
:107B800034F00BFF08BD00BF1AE4040810B5074924
:107B900043234222064834F07CFFBDE810404523D1
:107BA0004422044801F5804134F073BF004002597B
:107BB000482500202025002008B5FFF717FA094DB9
:107BC000094CFFF735F9284634F0A3FD284634F078
:107BD00007FE204634F09DFD204634F001FE45F0BE
:107BE0003BF9EEE75823002044220020014B18788F
:107BF000704700BF458F00201FB504F053FB0124E0
:107C00001F4B186035F0A0FF37F0AAFA34F00BFDD7
:107C10001C4B1C7034F04EFFFFF7E2FE1A4B4FF482
:107C200000620293194B1A49CDE900431948002319
:107C300045F086FDF8B9184C1849206836F07DFEED
:107C40001749206836F079FE35F0A7F835F0A6F828
:107C5000144B154A009315494223206836F06DFEF7
:107C60001349144A206836F068FE1349206836F03C
:107C700064FE00BEFDE737F080FA002004B010BDBE
:107C800070250020458F002074250020D425002079
:107C900094DD0408B97B0008704600201BE404084A
:107CA000A1DD040813DE0408A6DD040807DE0408CD
:107CB00034DE040818DE04084CDE0408A0F13203A8
:107CC000402B10B5044608D934F0AEFCA04292BF58
:107CD0004FF0FF34024B53F82440204610BD00BF44
:107CE0007099002038B54FF480730381082380F821
:107CF0006430FF23002283664FF47A7304460360E6
:107D0000C2600266027100F16C0300F1AC017220E6
:107D10000C4D10338B4207D104F11001012045F0C6
:107D200065FCE060204638BD43F8100C43F8085C61
:107D300003F8042C03F8032C03F8022C03F8012C9D
:107D4000E7E700BF008004500148FFF7CBBF00BF4A
:107D5000D44500200A460146014834F066BF00BF02
:107D6000D445002038B50446FFF740FF90B1712C90
:107D700011D8204634F09FFE0546204634F0A8FE78
:107D80001422302313FB0523044A9B5823FA00F0E6
:107D900000F0010038BD0020FCE700BF30C00350F8
:107DA000012208B5074B1A700022074B1A700422F3
:107DB000064B1A701F22064B1A7006F001FB054B8A
:107DC000186008BD77A10020468F002076A1002012
:107DD00075A100207046002008B5034836F062FD0A
:107DE000BDE808403CF063BA80DF0408014836F083
:107DF00059BD00BF80DF04084FF000639B6A03F1A8
:107E00007842B2F5C04F03D21968064A914203D0B6
:107E10000023037083607047012202709A689B6997
:107E20004260F7E707B0CD5E73B54F4B04461A7852
:107E30001AB102221A7002B070BDCDE900220028EA
:107E4000F9D001261E7044F0BDFC484D484B186027
:107E50001BF032FB2B785BB902F040FC40B945487F
:107E60000823454A4549006802F01EFA00B92E7001
:107E7000434B5A6E62619B6E424AA3614FF480434A
:107E80009366414B5968E16140499960196E2160E0
:107E9000596E6160D3F87011A160196CE160596C82
:107EA00021613B49086C1864496C59640121516691
:107EB0001B6E9C0441D5374AD368D807FCD4364B97
:107EC0001A68531C3ED04FF480139340334A136614
:107ED0004FF400730426314C2666236634F08BFF82
:107EE00001300DD034F087FF40F20113984207D0E3
:107EF0004FF4005323664FF480432366C4F8706147
:107F00000823264C684623664FF4805323664FF0BF
:107F1000006323664FF4002301A9636634F04FFF2A
:107F2000009B2366019B63662B78002B83D0124B4A
:107F30001A6822665B6863667DE7194AD368D907C9
:107F4000FCD4BCE7174B1B78002BC1D14FF4007257
:107F50000C4B5A6603F5A6235B68002BB8D14FF48F
:107F600080120E4B1A66B3E7488F0020498F00201D
:107F700094460020189A00209846002000710800BE
:107F800000800050009000500080004455CEAC00AE
:107F900000C0005400000440E0990020009000441C
:107FA00000000450478F002070B5224D04462E7803
:107FB000012E02D001232B7070BD0028FCD034F0BC
:107FC0001AFF01300BD034F016FF40F20113984233
:107FD00005D0194B194A5E66D368DE07FCD42268C7
:107FE000174B1A6662685A66A268C3F87021E26885
:107FF0001A6422695A64E269D00744BF00229A6079
:10800000104B1A68013207D10F4A127822B90F4972
:108010004968C90748BF1A6062690D4B5A66A26970
:108020009A661BF051FA0B4B186844F0C6FB00230C
:10803000C1E700BF488F00200090004000000440CE
:1080400000800044E0990020478F002000C00550C8
:108050000080005094460020F8B54FF00066B36AE7
:1080600003F17842B2F5C04F26D21A68144B9A42F7
:1080700022D1144D2C7814F0FD0402D000242046A7
:10808000F8BD4FF480371048FFF7CEFE204606F0CB
:1080900089F90E4B2046DF6006F068F90C4B1F6132
:1080A000B36ADB69984704460748FFF77DFF002C59
:1080B000E5D101232B70E1E74FF48174DFE700BFC6
:1080C00007B0CD5E478F00207446002000A000441A
:1080D0000090004413B5204B1B7803B9FEE7002342
:1080E0001E4CCDE900336A4608231D49206802F082
:1080F000DBF8F8B91B4AD2F84031D2F840211F2BE7
:108100004FF0010311D9203A9340019A1A4301928A
:1081100008236A461249206802F082F8124B134A7B
:108120001A6036F0CDFB02B010BD9340009A1A439E
:108130000092EDE72D28F1D10A4AD2F84031D2F869
:1081400040211F2B4FF0010385BF203A93409340FD
:10815000019398BF0093DBE7488F0020189A002016
:108160000071080000800044000000200B020FF0A6
:10817000BFF34F8F0549064BCA6802F4E062134310
:10818000CB60BFF34F8F00BFFDE700BF00ED00E005
:108190000400FA05014834F0D3BE00BFA046002019
:1081A0002DE9F0410E469046054608B303291FD835
:1081B000F2B144F007FB07460E4B1C686CB9012373
:1081C00029460C482B752E71C5F8088034F0BBFE8B
:1081D000384644F0F2FA204606E02379B34205D14E
:1081E000384644F0EAFA2E20BDE8F0812468E5E73D
:1081F0002120F9E7A046002003282DE9F341044699
:108200008846164635D8002A33D044F0DBFA0746B4
:10821000194B1D683DB92D24384644F0CEFA20464E
:1082200002B0BDE8F0812B79A34214D12969A1B92C
:108230000C2001AA019136F02BFF04460028EBD157
:10824000019905F11000C1E9018634F07CFE2B7B19
:1082500001332B7309E02D68DCE78B689E4206D161
:108260004B68019143EA08034B600024D4E7096896
:10827000DDE72124D3E700BFA0460020194608B55A
:108280001346002242F026FB0430042896BF024B1E
:108290000120185C08BD00BFBCDE04084FF0BA42E4
:1082A0000123054802F580514B60086203490968C3
:1082B000D160034A1370704701000C1FE49900203D
:1082C0004A8F00204FF0BA41074BCA681A60012359
:1082D000064A53604B6813F00203FBD14FF0FF31A5
:1082E0001162034A13707047E49900200020005D7A
:1082F0004A8F00204FF0BA42D369126A10B513407A
:1083000013F0F8501EBF0120114A1070DC070ED583
:108310004FF0BA410A695007FCD50E4A4C69106803
:10832000204410608869516801440120516059035C
:1083300041BF08490A6802F180720A601A0341BF0E
:1083400004494A6802F180724A60034AD36110BD51
:108350004B8F0020A44600200020005D0023044A2B
:1083600004491370044A05481360054A00F034B804
:108370004B8F0020C5820008AC4600209D8200087B
:10838000F58200088B1E012B03D8044B1B6823B118
:108390001847012901D8024BF8E77047C44600206E
:1083A000C846002010B544F000FA04460021012020
:1083B00040F032FF204644F0F3F90022014B1A70DE
:1083C00010BD00BF4C8F0020024B03C883E80300A0
:1083D00000207047B846002038B5114C2378E3B927
:1083E000104B114D1960114B28601A604FF08042FC
:1083F0000F4B10489A66FFF7E7FF0F2005F0B6FF16
:108400002B6803B198470C480C4907F091FB0123F6
:10841000002023700A4B187038BD1220FCE700BF03
:108420004D8F0020C4460020C8460020C0460020D2
:1084300000900050B8460020B0460020C4DE04087A
:108440004C8F002008B5054B1B682BB1984718B11D
:10845000BDE80840FFF7A6BF08BD00BFC04600202A
:108460000348044A0449121A921034F084BD00BF34
:108470007061000830630008A097002008B500F084
:108480002FF8FFF7EDFF124B12498B4212D3002059
:10849000114B12498B4218D3FEF74AFC186850F86A
:1084A0002240586840F82240013298688242F5D351
:1084B0000C33EAE70022F8E71C6844F82200013296
:1084C0005C68A242F8D30833E4E70022F8E700BF73
:1084D000108105081C8105081C8105081C81050800
:1084E0004FF48041124B134A70B59A60D3F888203C
:1084F000114D42F47002C3F88820104A05F500546B
:1085000091664FF0FF3222660D4A62660222C3F87E
:10851000D020BFF34F8FBFF36F8F4FF44036002052
:1085200005F040FF0020E66005F020FF2E6170BDE1
:1085300000ED00E000600008008000440090005062
:10854000F7FF3700014B1860704700BFEC9900201F
:10855000054B1860054B1B6F03F00703032B01D17C
:1085600040F008BC704700BFF49900200080005024
:108570002DE9F04104460C254FF00108124E0CB3D2
:1085800014F001000BD0002024F0010405FB006270
:108590005768002FF3D09168C0B2B847EFE7224682
:1085A000013020284FEA520201D0D307F8D508FA4B
:1085B00000F20F2824EA0204E8D9103805FB006213
:1085C000B432E5E7BDE8F081CC46002008B50C48A0
:1085D00036F068F9192005F0D7FE28B1192005F00A
:1085E000E1FE192005F0C2FE1A2005F0CDFE28B1EB
:1085F0001A2005F0D7FE1A2005F0B8FE002008BDAD
:1086000080DF04082DE9F0410E469046054618B378
:108610000F2923D80378E3B1012B03D0022B18D004
:10862000032B1BD13F236A78D340DB0716D50D4BB4
:10863000D3F81043A4B944F0C5F80746424628468B
:10864000314603F095FF384644F0B7F82046BDE8C0
:10865000F08140F2FF33E6E72224F7E72124F5E733
:108660000224F3E700C0035010B50446E8B10378D4
:10867000C3B1012B03D0022B14D0032B17D13F23FE
:108680006278D340DB0712D544F09CF8012263786E
:1086900021789A4030235943064B5A5044F08DF8C4
:1086A000002010BD40F2FF33EAE72220F9E7212045
:1086B000F7E700BF40D0035010B50446E8B1037897
:1086C000C3B1012B03D0022B14D0032B17D13F23AE
:1086D0006278D340DB0712D544F074F80122637846
:1086E00021789A4030235943064B5A5044F065F89C
:1086F000002010BD40F2FF33EAE72220F9E72120F5
:10870000F7E700BF40E0035008B503F027FF054B33
:1087100000F0553020F05020C3F82004BDE8084098
:10872000FFF726BF00E0035008B503F017FF054B25
:1087300000F0AA3020F0A020C3F82004BDE80840D3
:10874000FFF716BF00E00350144B98421AD008D828
:10875000A3F5004398420CD003F5804398420DD016
:1087600070470F4B984211D003F58043984211D0C7
:1087700070470C4B0B600C4B136070470B4B0B603E
:108780000B4BF9E70B4B0B600B4BF5E70B4B0B60FF
:108790000B4BF1E70B4B0B600B4BEDE7000005506B
:1087A0000040055074DF0408B8DF040870DF0408D7
:1087B000ACDF04086CDF0408A0DF040868DF0408ED
:1087C00094DF040864DF040888DF040830B5044639
:1087D0000D468DB002AA01A90068FFF7B5FF019808
:1087E00036F060F8384836F05DF863792A798DF80C
:1087F0000030003AA37918BF0122042168468DF8A1
:108800000130FFF7FFFE0D22002104A83CF00FFA13
:1088100002238DF811302D4B217905932B79206897
:108820005A1E5342534104AA8DF81A3035F0DAF932
:108830002268274B9A423ED003F580439A423CD0AF
:1088400003F580439A423AD003F580439A4238D0E8
:1088500020482149A3F5BC33A3F5CE73824208BF5B
:108860000B46A0796279217942EA004243F821203F
:10887000029B03A9187944F035F82A68039B256800
:10888000B3FBF2F3013B2A6BEB612379002405EB88
:1088900043132A6B21460F229C660DF121003CF008
:1088A000C6F90123284608A98DF8203035F059F97A
:1088B00020460DB030BD094BD3E7094BD1E7094B3A
:1088C000CFE7094BCDE700BF80DF040800010300BC
:1088D000008004500080055004C7035084C6035034
:1088E000A4C60350C4C60350E4C603500123017953
:1088F0000268114803FA01F1824216D000F5804067
:1089000082420DD00D4B9A4211D003F580439A421A
:108910000FD003F580439A4214BF4FF0FF33042376
:10892000074AB4335B01D15070470023F8E70223B4
:10893000F6E70323F4E700BF008004500000055071
:1089400000C00350012301790268114803FA01F1C4
:10895000824217D000F5804082420DD00D4B9A42E2
:1089600012D003F580439A4210D003F580439A4217
:1089700014BF4FF0FF330423074A03F59A735B01DA
:10898000D15070470023F7E70223F5E70323F3E70D
:10899000008004500000055000C0035030B504466C
:1089A00085B0FFF7CFFF20681D4B98422FD003F50D
:1089B000804398422DD003F5804398422BD003F595
:1089C0008043984229D01749174AA3F5BC33FC3B92
:1089D000884218BF13460025227943F8225003F03D
:1089E000BBFC63792A468DF80430A379294601A897
:1089F0008DF80530FFF706FE206803AA02A9FFF7ED
:108A0000A3FE029835F051FF284605B030BD074B54
:108A1000E1E7074BDFE7074BDDE7074BDBE700BF8D
:108A2000008004500080055064C6035084C6035083
:108A3000A4C60350C4C60350E4C603502DE9F04F4A
:108A40009A46564B85B01B7806460F461546DDF80C
:108A50003C909DF844B0DDF85080002B00F09780EA
:108A6000072A00F296800E9B002B00F09280B9F14D
:108A7000000F00F08E80129BB3F5006F00F3898029
:108A8000012803D1109B002B00F08380444B03EBA3
:108A900005131B7B002B7ED0424C10220021684620
:108AA0003CF0C5F804EB45141022A7BB394620461C
:108AB0003CF0BDF843F210036380BBF1000F03D11B
:108AC000E37843F00303E370364A0E9B02EB451C48
:108AD000CCE90193129B6901581E9DF84C30C0F3FC
:108AE0000A0003F003039B0643EA001E53582E4876
:108AF000012E00EA03004EEA0003CDF800A0535017
:108B000017D0B8F1000F2ED19CF8023068F304138F
:108B10008CF8023027E0002120463CF088F84FF422
:108B200044736380BBF1000FCED1E37843F0300390
:108B3000C9E713230CF1100ECCF80C309CE80F00A1
:108B40008EE80F006FF00301DCF81C20109B61F32E
:108B50009F02012FCCF81C20CCF8143003D1CCF8A4
:108B60001890CCF8043000270D4A290102EB0513B8
:108B700042F80180159A28465A60694622469F604D
:108B80005E7303F0B7FA384605B0BDE8F08F0748CA
:108B9000FAE70748F8E70748F6E700BF4E8F0020DE
:108BA00034490020344800200F80FFF3028000F099
:108BB000018000F0078000F038B5124B05461B78A5
:108BC000DBB1E0B143F0FEFD0F4A00231146147BF8
:108BD00054B92B6001251A0101EB03131D738C504E
:108BE00043F0EBFD204638BD0133082B02F11002A3
:108BF000EDD143F0E2FD0548F5E70548F3E7054808
:108C0000F1E700BF4E8F002034490020048000F0BF
:108C1000028000F0018000F038B543F0D3FD00235E
:108C200005460B4A147B6CB90133082B02F1100284
:108C3000F8D103F00BFA074B28461C7043F0BDFD3A
:108C4000204603E0284643F0B8FD034838BD00BF86
:108C5000344900204E8F0020058000F00D4B10B5E8
:108C60001B78044693B1072812D843F0ABFD0A4B9A
:108C700003EB04131A7B2AB100241C7343F09DFDFF
:108C8000204610BD43F099FD0448FAE70448F8E790
:108C90000448F6E74E8F002034490020068000F09B
:108CA000028000F0018000F0154B13B51868002316
:108CB00001908DF8043043F085FD124B1C7824B1EF
:108CC00043F07BFD104802B010BD01221A7043F042
:108CD00074FD0E4B01A81C731C7783F82C4083F89D
:108CE0003C4083F84C4083F85C4083F86C4083F848
:108CF0007C4008238DF8073003F0CCF92046E2E7EA
:108D0000CCDE04084E8F0020038000F034490020A0
:108D1000F8B50D4D2D7885B1072810DC0B4D0601F7
:108D200005EB0014277B67B1AB510025069BA560BE
:108D3000636003F0DFF92846F8BD0548FCE7054805
:108D4000FAE70548F8E700BF4E8F002034490020BD
:108D5000028000F0018000F0078000F00A4A08B5A8
:108D600012785AB107280BD8084A02EB00131B7B74
:108D700043B1002103F080F9002008BD0448FCE75E
:108D80000448FAE70448F8E74E8F002034490020F1
:108D9000028000F0018000F0078000F00A4A08B568
:108DA00012785AB107280BD8084A02EB00131B7B34
:108DB00043B1012103F060F9002008BD0448FCE73D
:108DC0000448FAE70448F8E74E8F002034490020B1
:108DD000028000F0018000F0078000F0184B2DE9C0
:108DE000F0411F6D5B6D1F4000D5FEE70126002599
:108DF000144CDFF85880374218D02368C8F8506008
:108E0000A3B1A168284601316268A1609847637BDD
:108E1000012B0BD150B90C4B03EB45131A7B60F3BC
:108E200041021A731A7F60F341021A770135082D47
:108E30004FEA460604F11004DDD1BDE8F08100BF21
:108E40000000045034490020344800200020045021
:108E50002DE9F04F144606460D469B46C36B87B07E
:108E600001225B6902A960689847F36B01225B6984
:108E700003A92846984702A834F0C3FC074648B126
:108E80000023A37563754FF0FF33A360002007B084
:108E9000BDE8F08F03A834F0C1FC0123A375237E45
:108EA00004EBC303DD611F846368AB420ED1206015
:108EB00003A834F0D5FC4FF0FF332075A360237D69
:108EC000043B022B26D80023A375DFE723681A1A78
:108ED00053425341A37503A834F0C2FC237D83425F
:108EE00018BFA77503A834F09DFC074602A834F00C
:108EF00099FC874218BF002303A818BFA37534F05C
:108F000099FC074602A834F095FC87421CBF002359
:108F1000A375D4E703A834F085FC80B1F36B02227B
:108F200028465B6904A9984704A834F08AFC0346E4
:108F3000207D032839D8DFE800F03838040903A879
:108F4000F3E7CC22237E04EBC3031A8401F03EFC3A
:108F5000109B187003A8277E34F058FC04EBC70759
:108F600087F82200237E03A804EBC303B3F8209004
:108F700093F8227034F056FC804603A834F05AFC73
:108F80008246B8F1000F15D0F36B022228465B69C8
:108F900004A9984704A834F019FC6075637D6BB987
:108FA0000023A3754FF0000838E0227E04EBC202D4
:108FB0001384CBE703A834F0F4FBEEE794F81680B3
:108FC000B8F1000FEED0B9F1000F09D1DFB10123E4
:108FD000627EE375002A44D19F4218D1677614E07F
:108FE000736C05EB0A02594285EA020008421CBF75
:108FF0000021A175591E0A409B1A9945D0D8A37D1E
:10900000002BE3D1CEE7E37D43B94FF000084B4698
:1090100052462946304634F017F9A060A27D12B1BD
:1090200023694B4423611449237E097899421ED950
:1090300001332376BBF1000F1BD0D2B1E37DC3B166
:10904000B8F1000F15D1032F13D0A1684B1C10D01D
:10905000109B2246009330460123FFF7F9FEA075CE
:1090600007E0012FDAD0032F08BFA376CDE7002356
:10907000A375A07D0BE700BFF0DE04082DE9F04FDB
:109080000E46984600238BB004464FF0FF31104641
:1090900017468DF8133001F083FBB6F5801F3BD3E4
:1090A000B21C53D1E56A6B1C57D12046616A34F07B
:1090B00011F80546B31C18BF0123DFF81091019386
:1090C000636A626C0293236805A902FB053AE36BAD
:1090D00005225B695046984705A834F02DFC34F012
:1090E00050FC504634F058FC4FF0000B82460146CD
:1090F0004B1C05D0636C81EA0A025B42134232D0FA
:109100002946204633F0E6FF029BAB424DD0BBF12F
:10911000000F4DD10546D3E7314605AA04F10800FA
:1091200034F0BDFA0146481C10D0384601F038FB37
:109130000122394620460DF1130334F0D7F828B147
:109140009DF8133088F80030002003E0237C002BCA
:10915000A8D12D200BB0BDE8F08F2368ED1A636C09
:10916000B5FBF3F5A6E7484601F01AFB0DF1130332
:1091700049462046019A34F0B9F8034690B1B21C32
:1091800003D0D9F80020B2420CD19DF813200393EC
:109190000D4B88F8002049461A6838463BF052FDCE
:1091A000039B9B46D9F80810A2E7BBF1000FD0D073
:1091B000B6F5801FC8D2314698F800307A6804F1BD
:1091C000080001F01BFABFE7ECDE0408285000207D
:1091D0002DE9F3410446174698460E46194D816A1B
:1091E000E36A8B422AD04B1C18E0284601F0D8FADB
:1091F0000122294620460DF1070334F077F830B1FB
:109200004346294620469DF80720B847B0B1A968D3
:109210004A1C05D0012E0AD0E36A9942E5D10DE03F
:109220006968204633F0E3FF012E0146D8D16B6810
:1092300081EA0302636C5B421A42D1D002B0BDE8FE
:10924000F08100BFFC4F00202DE9F041036B9046F8
:10925000826B07689A4288BF8363426C436A90B00E
:1092600002FB0377C36B0E46052201A95B69044626
:109270003846984701A834F05FFB0128014630705A
:1092800057D0656CE26B2368606AD2F814C005FBA6
:109290000030052206A9E04706A834F04DFB01285E
:1092A0004FF0000523D0D4E90A3201219342CDE9E1
:1092B0000B458DF834800E958DF83C102AD1194657
:1092C000204633F094FF236B626C14339B1AE062E8
:1092D00023630C9B53B99DF83C303BB1626A616CCF
:1092E0002368E06B01FB023134F0DEFA0C9DE36B86
:1092F00005225B6901A93846984701A834F01CFB98
:1093000030702846236BA26B9A4288BFA36310B0CB
:10931000BDE8F081237C33B91C490BAA04F1080095
:1093200001F0BAF9D5E72046194A0BABFFF750FF19
:10933000CFE7237C23BB2246164904F1080001F045
:10934000ABF9616A204633F0E6FE616A421C2046B2
:1093500033F0AFFE054620B9236B626C1344143B17
:1093600023632046A16A33F042FF2368A062C01A3B
:10937000636CB0FBF3F06062204633F07BFFB6E72E
:1093800000232046044AFFF723FFDAE72D9D00085B
:10939000A99C000875D3030811D3030873B50D46C3
:1093A000D11E4A421C461B7E4A419A4226D1296858
:1093B0002368994222D3636899421FD8114E0DF158
:1093C00007033246FFF75AFEC0B972686B689A42CB
:1093D00014D19DF80730DA1E53425341227E934246
:1093E0000CD1636901336361D4E90323934205D24D
:1093F0002968A26842F8231001332361012002B0DA
:1094000070BD00BF545000202DE9F04F9A468BB03C
:109410009DF85030DFF850B10293DBF810308046F1
:1094200053450D461646C0F09980D146DBF804300E
:109430000193B9F1000F00F08D80D8F83C30012283
:109440005B6907A90198984707A834F0E7F9DBF8AA
:109450000030984240F0858007A834F0EBF90428EA
:10946000074614D107A834F0ECF9019B029A044690
:109470003B44002A3FD1864212D91446361A404650
:10948000019933F0B4FEA9EB04090190D1E7D8F8B3
:109490003C3002225B69019808A9984708A8E2E7D6
:1094A000841B544528BF5446032C03EB0607AAEB44
:1094B000040A4FEA94021CD9D8F83C3029463846B1
:1094C0005B69984724F0030304F003061F441D441E
:1094D000002ED4D0D8F83C3001225B6908A9384668
:1094E00098473246284608A935443BF0ABFB002696
:1094F000C5E72646ECE7074600F003020392034463
:109500002A1804920593049BDD1B059BD81B039B23
:109510009F420FD1002FB2D0D8F83C30012208A9C9
:109520005B6998473A46284608A93BF056FB78B94C
:109530003D44A4E7D8F83C30012208A95B6998476C
:109540000422284608A93BF048FB08B9043FDAE7A3
:109550004FF0360948460BB0BDE8F08F4FF0630975
:10956000F8E74FF06F09F5E7805000202DE9F04152
:109570000F4616469846044688B060B390F83450BB
:10958000FDB1012133F06BFD00210E9BCDE90511EA
:10959000CDE902379DF83C30CDF804808DF81C30C1
:1095A000237C04968BB90D4901AA04F1080001F04F
:1095B00073F8DDE90553E06B002E08BF1D4633F05C
:1095C000E7FE284608B0BDE8F0812046044A01AB1A
:1095D000FFF7FEFDEDE70546F3E700BF3FD30308C5
:1095E0009D9300087FB590F84260044601920DF10A
:1095F0000B030A463046124933F0D2FE012E0546CF
:10960000E36B19D132465B6903A998479DF80B10AB
:10961000039B019A59B19BB243EA024301222846B7
:109620000393E36B03A99B69984704B070BD1B0CBF
:109630001B0492B21343F1E701229B6901A9F3E7EE
:10964000805000202DE9F04F99B00F4609920A6929
:10965000416C0E931439D31DB3FBF1F3013302EBCC
:10966000C302036B04469342C0F00D820023DFF86F
:1096700020940D93E36A48461946079301F090F849
:10968000D7E9033604930E9B022B4ED1CC2E40F02B
:109690008A81099B002B42D03946204633F0D6FE02
:1096A000656C079A6B1E13401490ED1AE36B012250
:1096B0005B6916A97868984716A834F0B3F80028B3
:1096C0000CBF04230823782E06933DD901230025DF
:1096D0004FF0080A05933B6805990E98C9F80030C9
:1096E000C9F8106034F0C0F84FEA9A0310930023D1
:1096F000DDF81CB089F814000B930F9308930C93BA
:10970000616C4A1E0BEA02028B1A002E38D05544B7
:10971000AB4240D8236B5B1A13442363ABE0049B3A
:109720001B68149308230693D0E7656C079A6B1E99
:109730001340782EA5EB030516D8FB7D7BB9099B5A
:10974000002BB3D104230693331DAB4210D9A6B12D
:10975000082DBBD804250023AA460593BBE7099B27
:10976000002BA3D10823EEE7099B002B9ED1D9E75C
:10977000002505954FF0040AADE704250596F9E7A5
:109780005345C7D3B0460BEB0A030393089B002B4A
:1097900018BF032313E0A3EB0A039E42B0460BEB72
:1097A0000A0228BF98469E420392EFD90123D9F8B6
:1097B000102089F81730964271D1C9F804B0089387
:1097C00099F81730002B6CD099F818200899D31C01
:1097D00009EBC3030132C3F804B0A3F808809972FF
:1097E00089F81820B8F1000F14D00E9B022B5BD122
:1097F0000B9B7BB90F9B4344032B0BD9E36B0122DB
:109800009B69039814A998470546002840F03D81BC
:1098100001230B93089B16A80193059B009399F8CD
:1098200014204346396800F071FFE36B58469B698A
:10983000109A16A99847051E0D9B18BF5B46524605
:109840000D9359464346204633F0FEFC236B08F146
:109850000302A3EB0A0322F003029B1AC9F80800D3
:109860002363002D40F011810F9BDDF80CB04344C1
:10987000A6EB08060F935946204633F0B8FC0025A6
:109880008346002E7FF43CAF814A3968936804F127
:109890000800E36252680E9B00F0B0FEDEE0022397
:1098A0008DE7C9F804B09DE7099B002B30D1049BDC
:1098B000B8F1030F43440A9327D9DDE90301E36BB1
:1098C0004FEA98029B6998470546002865D118F031
:1098D00003025FD0049B28F003052B440493039BF1
:1098E0001D444FF0FF33049915A815933BF0AAF9D6
:1098F000E36B28469B69012215A9984705460A9BF8
:109900000493002D86D0039B99E74246039DE8E728
:10991000039B0A9307F120031193FB7D78689BB1A9
:1099200000233D7E0C9AD9B28D4211D9119903F1D1
:10993000010C31F83310914226D9069907EBC30385
:10994000D8690A44104403E00C9B069A1344184457
:10995000E36B01225B6915A99847159B01221393BC
:109960000C9B0A9804330C93E36B13A99B699847EB
:10997000039B0A9A43449B1A042B054607D978B9DE
:10998000134604330A93C8E76346521ACBE70A9B8F
:109990000393B6E70A9B04933CE70A9B0493B2E760
:1099A0000A9B0393AFE7702604F10803039323682F
:1099B000079A606CA2EB030ABAFBF0FA00FB0A30CC
:1099C00033F0EAFFE16A8046204633F010FCA26AD9
:1099D00082424AD0626CD9F80830511E0B40216B8C
:1099E0002568891A0B4423630D9BE0625D1BB5FB60
:1099F000F2F5AA4536D1079BB3EB080A12D0E36B08
:109A00004FEA9A0241469B6998478346E36A079A60
:109A10005344E362236B03989B1A4344236333F05C
:109A20000FFEDA462368616CE06B01FB053133F011
:109A300028FF204633F01EFB204633F01BFC20633A
:109A4000BAF1000F11D03A69616CD31D1439B3FB20
:109A5000F1F3013302EBC3029042A8D2304619B0B1
:109A6000BDE8F08F4FF0000ADCE73A69616CD31D66
:109A70001439B3FBF1F3013302EBC302236B9342BE
:109A8000BFF4F8ADEAE71C26E8E72E468CE700BFF6
:109A9000285000202DE9F3471E4643690446B3428F
:109AA000884617469DF828903DD300258DF807502D
:109AB000204633F0ABFAD4F830A082450AD2236AAC
:109AC000B5EB430F06D2002220460DF10701FFF748
:109AD000BBFB30B39DF80730012B05D10022204697
:109AE0000DF10701FFF7B0FBB9F1030F06D03146C6
:109AF000204633F076FA256B854218D30D4D4FF092
:109B0000FF31284600F04CFE4B46002229462046F5
:109B1000C5E90376C5F8008002B0BDE8F047FFF75D
:109B200091BD0135C4E7622002B0BDE8F0871C207A
:109B3000FAE700BF545000202DE9F04790F842604A
:109B400086B0012E05460391A1EB020715D1B7F5AA
:109B5000807F28BF03264FF0640800244FF6FF796A
:109B6000DFF840A195F84230012B14BF3223642363
:109B70009C420AD35FFA88F415E0B7F5803F34BF02
:109B8000012602264FF03208E7E705AB2246514690
:109B9000284633F039FC95F84230012B059B34D12F
:109BA0004B452DD1E4B295F84230012B0CBF642215
:109BB0003222121BB24217D3012E39D10022012BBF
:109BC00005978DF8132027D1082205A90DF1130060
:109BD00033F0FEFE9DF81330059A42EA0322214637
:109BE0002846FFF7FFFC40B102232E490093284688
:109BF000CC23096803AAFFF74DFF06B0BDE8F08744
:109C0000DBB203B902340134ACE7591CCAD09BB2B1
:109C1000002BF8D10134F6E7102205A90DF113004D
:109C200033F0D6FE9DF81330059A42EA0342D6E798
:109C3000039A012B059223D10823202205A90DF1B7
:109C400013008DF8133033F0C3FE9DF81320120279
:109C500021462846FFF7C6FC95F84230611C012BCF
:109C6000C9B21AD10028BFD12846BDF81420FFF789
:109C7000B9FC0028B8D10234BDF81620E1B2AFE734
:109C80001023202205A90DF113008DF8133033F0B5
:109C90009FFE9DF813201204DAE70028A4D1059A4C
:109CA0009EE700BF80500020032A2DE9F3410646BD
:109CB0000D4617461C4606D1237A012B23D00120DE
:109CC00002B0BDE8F081DFF86080096842460DF11E
:109CD0000703FFF7D3F960600028EDD19DF8072056
:109CE000237A032AE8D0D8F804106A689142E3D1B5
:109CF000012B2969D4F80CC007D172690CEB010360
:109D0000934202D92074207CDAE708316144E16093
:109D10003B46012229463046FFF794FC606000284C
:109D2000CAD00020CCE700BF545000202DE9F341F9
:109D3000089C032A1746266806D1237A012B24D0D3
:109D4000012002B0BDE8F081DFF890803046424645
:109D50000DF10703FFF792F960600028EDD1256847
:109D6000D8F80400A96AD5F844C04840CCF10003F3
:109D70001840227AE1D1012A09D1E268D8F81030DE
:109D800013447269934202D92074207CD9E7286871
:109D9000EB6A1B1A081AB3FBFCF3B0FBFCF083421E
:109DA0000BD1706CF36A421E1340326B121A1344CB
:109DB0002846336333F01BFAE862D8F81020E368D2
:109DC00008321344E36001223B4604492068FFF750
:109DD00039FC60600028B0D00020B2E75450002069
:109DE0002DE9F04F4FF0FF334FF6FF720025044688
:109DF00000F10806C0E909238BB0C3620562056360
:109E000030460F4633F01CFC204633F033F920BBBC
:109E10002046394633F0AEF9204633F02BF920BB0B
:109E20005E200BB0BDE8F08FE26B2368606CD2F867
:109E300014C000FB0530052205A9E04705A833F052
:109E40007BFD012828D12946204633F064F9421CC5
:109E50002946204633F02DF90135E3699D42E3D3CD
:109E6000204633F007F90028D2D000254FF0FF3903
:109E70004FF6FF73CA46A846C4E90853E3699845FC
:109E800014D3A5EB0905012D36D84FF6FF72636A8E
:109E9000934246D16720C4E733F078FD0028DBD039
:109EA0002946204633F037F90246D1E72368E26BB2
:109EB000606C576900FB0830052205A9B84705A862
:109EC00033F03AFD834605A833F00DFD07465846AA
:109ED00033F057FD68B1574538BFC4F82480B94501
:109EE00028BFB946BD4238BF3D46BA46236A013352
:109EF000236208F10108C1E74FF6FF730025636292
:109F0000E3699D42C1D2676C2068E36B052207FBC1
:109F100005005B6905A9984705A833F0E4FC013505
:109F2000EEE7E26B676C2068694607FB0300556942
:109F30000522A847684633F0D6FC626A2368606C45
:109F4000504D00FB023033F027FD4FF0FF33A0628D
:109F5000E3622A466FF00101204605ABFFF78EF859
:109F600000284FD1AD6829462046E56233F05EF8FF
:109F7000206320B92046E16A33F039F9E0622946CE
:109F8000204633F034F90546A36A9D423CD1656909
:109F9000626CE91C143AB1FBF2F14FF0000805EBDA
:109FA000C1050335B5FBF2F5C1460235E3699945B4
:109FB0003CD3A8455AD22046616A33F08BF800277B
:109FC000064604F1400AB84512D8626C2368694617
:109FD00002FB0639E36B05225B69484698476846F1
:109FE00033F081FC534602464946E06B33F0D6FC21
:109FF0003146204633F06EF80137AF420646E2D3D1
:10A0000064200EE7A56AAEE72946204633F00EF835
:10A01000236B2946034407462363204633F0E7F8C1
:10A020000546002FB0D1C4E90B07ADE7636C276884
:10A03000052203FB0977E36B05A95B69384698475E
:10A0400005A833F079FC33F09CFC60B1384633F05E
:10A05000A3FC0146204632F0E9FF636C143B9842B2
:10A0600008BF08F1010809F101099FE7304633F004
:10A07000E7FA002320461946034AFFF7A9F8002013
:10A08000CFE600BF54500020DBD203080023624A11
:10A090002DE9F04117680E460446136018B92125D2
:10A0A0002846BDE8F08190F834500DB30968026885
:10A0B000914240F0A98071684268914240F0A480CA
:10A0C000B1688268914240F09F80F168C268914215
:10A0D00040F09A8031694269914240F09580B169BF
:10A0E000C26B914240F0908072691D468261D7E751
:10A0F00050222946D0F838803AF099FDD6E902126C
:10A10000336804F1080023607368C4F83880636022
:10A11000336963617369A36133F0A4FAB36904F12D
:10A120004000E3639B68984794F8432020B1E561C1
:10A13000002AB4D05B25B3E7656C002DF7D06668C4
:10A14000B6FBF5F3E361002AA9D0B542F2D8226844
:10A15000B2FBF5F105FB1122002A57D105FB136371
:10A16000002B53D1204632F051FFA369043303443E
:10A170009E424DD340F634726369CC3B934249D83A
:10A18000B5F5805FD6D30321204632F068FFD4E9CD
:10A190000001E36B1B6898470546E36B0220DB6810
:10A1A00098471DB1002384F834301DE0394620461D
:10A1B000FFF716FE6428054604D139462046FFF70E
:10A1C0000FFE0546636C143B002DEBD1226A20463E
:10A1D00002FB03F632F01AFFA369043303449E42E4
:10A1E00006D284F834505A25E06B33F0D1F857E7A3
:10A1F0000123D4E90001094A84F83430136801339B
:10A20000136033F0C9FAEFE75D2549E7592547E7C1
:10A210005A2545E75F2543E7B8490020B4490020A7
:10A220002DE9FF410F4690461E46054698B390F82B
:10A23000343093B3B1F5801F31D21A4C022132F081
:10A240000EFF2246394628460DF10F03FEF716FF92
:10A25000024678B1012342460093394633462846E8
:10A26000FFF718FC0446E86B33F092F8204604B080
:10A27000BDE8F0819DF80F30012BEBD12169B1428F
:10A28000E8D10093414633462846FFF7BDF804461F
:10A290000028DFD1E7E72124E8E71124E6E72924B5
:10A2A000E4E700BF805000202DE9FF410C46164630
:10A2B0001F46054680B390F834307BB3B1F5801F5C
:10A2C0002ED2DFF86080012132F0C9FE21464246DD
:10A2D00028460DF10F03FEF7D1FE044670B99DF834
:10A2E0000F30012B11D1D8F81030BB4212D10246E9
:10A2F000009031462846FFF787F80446E86B33F0B4
:10A3000047F8204604B0BDE8F081022B14BF2D248D
:10A310006024F3E76324F1E72124F2E71124F0E756
:10A320002924EEE7805000202DE9F04385B00C464B
:10A3300017461E460546DDF8308098B390F8343055
:10A3400093B3B1F5801F31D2DFF86490012132F070
:10A3500086FE21464A4628460DF10F03FEF78EFE83
:10A36000044688B99DF80F30012B14D1D9F810207C
:10A3700006EB08039A4213D300904346324639460F
:10A380002846FFF741F80446E86B33F001F8204611
:10A3900005B0BDE8F083022B14BF2D246024F3E741
:10A3A0006324F1E72124F2E71124F0E72924EEE702
:10A3B0008050002070B586B00E4605460392A0B3CB
:10A3C00090F834309BB3B1F5801F32D2022132F0C5
:10A3D00046FE31462846184A0DF11703FEF74EFE99
:10A3E000044618B99DF81730032B0ED102233146CD
:10A3F00000932846CC2303AAFFF74CFB0446E86BE6
:10A4000032F0C6FF204606B070BD022B0BD10A49C0
:10A41000284633F01BF8039902468142EFD02846C4
:10A42000FFF78AFBEAE76124E9E72124EAE7112440
:10A43000E8E72924E6E700BF8050002073B50C460A
:10A440001646054630B390F834302BB3B1F5801F73
:10A4500024D2012132F003FE21462846104A0DF194
:10A460000703FEF70BFE044680B99DF80730032B67
:10A470000CD0022B0CD12846094932F0E7FF30609E
:10A48000E86B32F085FF204602B070BD2D24F7E75F
:10A490006124F5E72124F6E71124F4E72924F2E703
:10A4A00080500020F7B50C461646054668B390F874
:10A4B000343063B3B1F5801F2BD2022132F0CFFDCF
:10A4C00021462846144A0DF10703FEF7D7FDC0B90F
:10A4D0009DF80730032B14D0022B14D10E492846C7
:10A4E00032F0B4FF471C024639462846FFF724FBEA
:10A4F000044606B13760E86B32F04AFF204603B0ED
:10A50000F0BD2D24F7E76124F5E72124F6E71124B7
:10A51000F4E72924F2E700BF805000202DE9F34141
:10A520001F4600230C46164605463B6050B390F884
:10A5300034304BB3B1F5801F28D2DFF854800121AD
:10A5400032F08DFD2146424628460DF10703FEF705
:10A5500095FD0446A0B99DF80730032B10D0022BBF
:10A560000AD10123336004233B60E86B32F010FF13
:10A57000204602B0BDE8F081D8F810303060F3E733
:10A580002D24F2E72124F3E71124F1E72924EFE752
:10A590008050002030B50C46054685B028B390F8B1
:10A5A000343023B3B1F5801F23D2022132F057FD9E
:10A5B0000DF10F03214628460F4AFEF75FFD0346C3
:10A5C00088B99DF80F20032A0DD00322214600925E
:10A5D00002462846FFF75EFA0446E86B32F0D8FEE2
:10A5E000204605B030BD2D24F7E72124F8E71124DB
:10A5F000F6E72924F4E700BF805000202DE9F0435E
:10A60000466886B3056898464FF0000CA946AE46EA
:10A6100055F83C400CF1010CC4F31307013401D090
:10A62000B94217D066450EF1080EF1D12F4600242D
:10A6300003E0A64207F1080712D055F83430013480
:10A640000133F6D1C1F3130141EA0851C7E9001201
:10A65000BDE8F08341EA0851CEE90012BDE8F0837D
:10A66000B8F1030F03D101230372BDE8F083002387
:10A6700003E09E4209F10809F5D055F83340013353
:10A68000C4F30754032CF4D1C1F3130343EA085372
:10A69000C9E90032BDE8F0832DE9F0410646406883
:10A6A00082B0C0B10F4690460024336853F834504E
:10A6B00003EBC403C5F30752C5F31301013504F1DD
:10A6C000010406D05B683046CDF80080B84710B171
:10A6D00070688442E9D302B0BDE8F081024B19688A
:10A6E000024B1868FFF7D2BCF8990020189A002096
:10A6F00008B542F05AF8014B186008BDAC50002074
:10A70000014B186842F04CB8AC50002073B50446B9
:10A710002248012A00EAC1119DF8185023F07C401C
:10A7200007D9961E012E28D9073303F07F0319435A
:10A7300008E09DF81C300A43DB0603F0C0531343C6
:10A7400043F060410023C4E900108DF80730B5B133
:10A75000202221460DF1070033F03AF91A220DF1BB
:10A760000700211D33F034F9082063689DF80720A5
:10A7700043EA8263636002B070BD1143E2E71B22CB
:10A780000DF10700214633F023F923689DF80720D7
:10A79000042043EAC2632360EDE700BF80FFFF07A8
:10A7A00038B5094B0D461A68002104463AF03FFAC5
:10A7B00000234FF0FF322383C4E900252361A26008
:10A7C000E382A37638BD00BFECDE04080138C0B2D6
:10A7D00005289ABF014B185C01207047F1DE040880
:10A7E0002DE9F0410746154600240E46596888B009
:10A7F000490A012922464FEA510104F10104F8D81F
:10A80000DC78997824031B88C90201F4006104F400
:10A8100080540C43C3F30A035203234492B24FF013
:10A8200000089C18274B6FEA0444039325F07843F3
:10A83000ED4302A90DF107001B2202938DF807805A
:10A8400033F0C6F89DF80720029B02A943EAC263D1
:10A850000DF107001B2225F07845049302958DF831
:10A86000078033F0B5F89DF80720029B6FEA144487
:10A8700043EAC26305934FF0FF330794069307A999
:10A88000BB69012206F110009847BB6905A904467F
:10A89000012206F108009847BB69404518BF0446ED
:10A8A00004A90122301D98470122404518BF0446E3
:10A8B000BB69304603A99847404508BF204608B009
:10A8C000BDE8F08101009AB2044BD3F88420D2068F
:10A8D000FBD4D3F88400C0F38110704700400050CF
:10A8E00038B5174B0546D3F828310C4603F007035B
:10A8F000013B052B20D8DFE803F003131B0F0B17D8
:10A900003EF012FA052305B1286004B1236038BD7A
:10A910003EF00AFA0623F6E73EF050FA0723F2E784
:10A920003EF042FA0323EEE73EF03EFA0423EAE764
:10A930003EF036FA0223E6E700231846E3E700BFBD
:10A9400000800050002337B50193164B0546D3F81D
:10A9500020320C4603F00703042B21D8DFE803F074
:10A96000030B11161B0001230DB1019A2A6004B1DB
:10A97000236003B030BD002101A8FFF7B1FF12230F
:10A98000F2E73EF01BFA07230190EDE741F02DFFBF
:10A990000A230190E8E73EF059FA09230190E3E722
:10A9A0000023E1E70080005038B5104B0546D3F88E
:10A9B00080300C4603F00303022B0BD0032B0DD089
:10A9C000012B0FD13EF0B6F90E2305B1286004B17A
:10A9D000236038BD3EF0F2F90723F6E73EF0A4F914
:10A9E0000623F2E700231846EFE700BF008000507F
:10A9F00038B5104B0546D3F800310C4603F003037D
:10AA0000022B0BD0032B0DD0012B0FD13EF0CCF934
:10AA1000032305B1286004B1236038BD3EF016FA67
:10AA20000923F6E73EF0C6F90823F2E701230020E8
:10AA3000EFE700BF0080005038B5184B0546D3F84B
:10AA400020010C4600F00700062823D8DFE800F0BC
:10AA5000040A0E16121A1E00012305B1286004B163
:10AA6000236038BD3EF060F90523F6E73EF09CF91F
:10AA70000323F2E73EF0A2F90723EEE73EF090F958
:10AA80000223EAE73EF050F90623E6E73EF08CF9B0
:10AA90000423E2E700231846DFE700BF00800050F0
:10AAA00038B5104B0546D3F840310C4603F003038C
:10AAB000022B0BD0032B0DD0012B0FD141F095FEB3
:10AAC0000A2305B1286004B1236038BD3EF0BEF909
:10AAD0000923F6E741F08CFE0C23F2E70123002066
:10AAE000EFE700BF00800050002337B50193164BFD
:10AAF0000546D3F860320C4603F00703013B032BF5
:10AB00001FD8DFE803F0020E1914002101A8FFF797
:10AB100093FF10230DB1019A2A6004B1236003B0A2
:10AB200030BD002101A8FFF7BBFF1123F2E73EF083
:10AB300045F907230190EDE73EF032F90223019039
:10AB4000E8E70023E6E700BF00800050002337B5A8
:10AB50000193164B0546D3F894320C4603F00703D5
:10AB6000013B032B1FD8DFE803F0020E191400216C
:10AB700001A8FFF761FF10230DB1019A2A6004B10B
:10AB8000236003B030BD002101A8FFF789FF112326
:10AB9000F2E73EF013F907230190EDE73EF000F9EC
:10ABA00002230190E8E70023E6E700BF00800050A1
:10ABB00038B5104B0546D3F860310C4603F003035B
:10ABC000022B0BD0032B0DD0012B0FD141F00DFE2A
:10ABD0000A2305B1286004B1236038BD3EF036F980
:10ABE0000923F6E741F004FE0C23F2E701230020DD
:10ABF000EFE700BF008000502E4B98424AD022D889
:10AC00002D4B984240D014D82C4B984239D00AD8BA
:10AC10002B4B984232D02B4B98422FD02A4B984244
:10AC20002CD000207047294B9842FAD1284B186F3E
:10AC30007047284B98422AD0274B9842F1D1244B99
:10AC4000D3F880007047254B98422BD009D8244B6D
:10AC5000984223D0234B9842E3D11D4BD3F88C006C
:10AC60007047214B984221D003F5740303F510532C
:10AC70009842D6D1164BD3F898007047144B986D74
:10AC80007047134B586E7047114B586F7047104BFD
:10AC9000986F70470E4BD3F8840070470C4BD3F875
:10ACA000880070470A4BD3F890007047084BD3F8E0
:10ACB000940070470048E8010024F400C0CF6A0007
:10ACC00080841E0000093D0040420F00405DC60028
:10ACD0000080E00FC0EA210180BA8C01007E56039B
:10ACE00080D54302006CDC020090D00373B50D46A2
:10ACF0000021114B0191D3F88041064604F0030472
:10AD0000022C13D0032C0CD0012C13D101A8FFF777
:10AD100093FE10240EB1019B336005B12C6002B08C
:10AD200070BD3EF04BF807240190F3E73EF038F891
:10AD30000190EFE70C46EDE70080005038B5104B6E
:10AD40000546D3F840320C4603F00303022B0BD028
:10AD5000032B0DD0012B0FD141F047FD0A2305B184
:10AD6000286004B1236038BD3EF070F80923F6E78F
:10AD700041F03EFD0C23F2E701230020EFE700BF86
:10AD80000080005038B5144B0546D3F800020C463D
:10AD900000F0070004281BD8DFE800F003090D11BC
:10ADA0001500012305B1286004B1236038BD41F0CE
:10ADB0001CFD0A23F6E73EF049F80923F2E741F0CB
:10ADC00017FD0C23EEE73DF0D5FF0F23800AE9E7DE
:10ADD00000231846E6E700BF0080005038B5144B4A
:10ADE0000546D3F808020C4600F0070004281BD8DB
:10ADF000DFE800F003090D111500012305B12860FB
:10AE000004B1236038BD41F0F0FC0A23F6E73EF0C0
:10AE10001DF80923F2E741F0EBFC0C23EEE73DF0CF
:10AE2000A9FF0F23800AE9E700231846E6E700BFE1
:10AE300000800050B0F5207F1FD009D8B0F5007F0A
:10AE400015D003D868B1B0F5C07F0AD000200CE05F
:10AE5000B0F5607FFAD10B4BD3F88000C0F301103E
:10AE600003E0084B186FC0F3033001307047054B07
:10AE7000D3F89000C0F30460F7E7024B186FC0F3FB
:10AE80008020F2E70080005002464FF48030104BE3
:10AE900010B598660020FFF7CDFF504341F67132A0
:10AEA0000C4BDC69DA635A6804F4803422F44012F3
:10AEB00059B90949884294BF002001200005024386
:10AEC0005A600CB10022DA6310BD0449F2E700BFFA
:10AED0000090005000000350005A6202002D310122
:10AEE000430905D0012B0CD0022B084B18BF0023BF
:10AEF00000F01F0039B103F58053012282401A602F
:10AF00007047034BF4E703F50053F6E76880005001
:10AF1000648000501FB50021B0F5807F0446CDE964
:10AF2000001100F0D2803AD85E2833D85E2833D89A
:10AF3000DFE800F0453232323232323232323232EF
:10AF400032323232323232323232323232323232E1
:10AF50003232323245AC45ACBCBCBCBCBCACC64EDB
:10AF60006BDC4EACACAC3232323232323232ACAC60
:10AF7000AC7EE6AC323232323232323232323232BD
:10AF800032BC454545E14E4EEB8D63C13232323223
:10AF9000329E4500802870D0009804B010BDB0F5F6
:10AFA000D06F00F0A38035D8B0F5607F79D01AD883
:10AFB000B0F5007F65D005D8B0F5C07FECD13DF08D
:10AFC000D9FE5CE0B0F5207F60D0B0F5407FE3D1E2
:10AFD0003DF0D0FE02464FF42070FFF72BFFB2FB8E
:10AFE000F0F252085BE0B0F5B06F69D00AD8B0F566
:10AFF000806F5BD0B0F5A06FCED100216846FFF71F
:10B00000A1FCC9E7B0F5C06FC6D100216846FFF7C3
:10B0100047FDC1E7B0F5106F6DD00ED8B0F5086FE1
:10B0200078D0B9D8B0F5E06F6AD0B0F5F06FB3D191
:10B0300000216846FFF7BCFDAEE7B0F5406F3AD09F
:10B0400013D8B0F5206F60D0B0F5286FA4D10021DF
:10B05000324B0391D3F8703203F00303012B02D17A
:10B0600003A8FFF71DFD039B39E0B0F5486F93D1AE
:10B0700000216846FFF76AFD8EE73DF05BFE009019
:10B080008AE73DF057FE0246204604E03DF072FE9E
:10B0900002464FF42070FFF7CDFEB2FBF0F20092B3
:10B0A0007AE701A8FFF780FC019AEDE700216846E6
:10B0B000FFF7C2FC70E700216846FFF711FC6BE761
:10B0C00000216846FFF712FE66E74FF0E023029189
:10B0D0001B695B0705D53DF04DFE0290029B009376
:10B0E0005AE703A902A8FFF7DBFCF7E7002168464F
:10B0F000FFF748FE50E700216846FFF76FFE4BE779
:10B1000000216846FFF71AFE46E700216846FFF770
:10B11000EBFC41E76846FFF76BFC3DE70080005021
:10B1200008B58020FFF7F6FE034B98429EBF4FF410
:10B130008032024B1A6708BD005A620200A000501C
:10B140001FB503460020B3F5807F019000F0C58055
:10B1500065D85D2B56D84C2B07D82D2B48D8232BE0
:10B160002CD8019805B05DF804FB4D3B102BF8D8A6
:10B1700001A252F823F000BFD1B2000863B1000869
:10B1800063B1000863B100087FB2000863B1000832
:10B1900063B100082BB300089DB2000843B2000859
:10B1A00021B3000863B1000863B1000863B100086F
:10B1B00063B1000863B1000835B30008243B092BD4
:10B1C000CFD801A252F823F0D1B20008D1B20008C2
:10B1D000D1B20008D1B20008D1B2000863B10008B2
:10B1E000C7B2000863B100085FB2000807B30008E7
:10B1F0003D2B00F083803E2BB3D1002001A9FFF747
:10B200009DFDAEE7802BACD1504B1B6F03F00703C5
:10B21000013B032BA5D8DFE803F0544D5052B3F5A2
:10B22000F06F6BD020D8B3F5B06F4CD00ED8B3F51B
:10B23000607F71D095D3B3F5806F49D0B3F5A06F1F
:10B240008FD1002001A9FFF77DFB8AE7B3F5D06F0E
:10B2500059D0B3F5E06FD0D0B3F5C06F81D10020E5
:10B2600001A9FFF71DFC7CE7B3F5206F5DD00BD87B
:10B27000B3F5086F4CD0B3F5106F7FF472AF0020B8
:10B2800001A9FFF7ABFD6CE7B3F5406F48D0B3F50C
:10B29000486F4FD0B3F5286F7FF463AF2B4BD3F8D3
:10B2A000703203F00303012B49D0022B0CBF15238E
:10B2B000002300E00523019353E70323FBE7082362
:10B2C000F9E70223F7E7002001A9FFF70FFD48E7A0
:10B2D000002001A9FFF7B0FB43E74FF0E023029005
:10B2E0001B695B0705D53DF045FD0D230393039BCB
:10B2F000E1E703A902A8FFF7D3FBF8E7002001A9C3
:10B30000FFF756FC2DE7002001A9FFF73BFD28E7DA
:10B3100001A9FFF76DFB24E701A9FFF745FB20E733
:10B32000002001A9FFF7DCFA1BE7002001A9FFF7C5
:10B33000DBFB16E7002001A9FFF708FC11E700215D
:10B3400003A8FFF7ADFB1123B5E700BF0080005055
:10B350004FF48032074B0849586E03F580535A6604
:10B360004B6A23F001034B62C3035CBF034B5A6675
:10B37000704700BF0080005000C0075000A0005080
:10B3800038B504468020FFF7DBFE032800F08380F9
:10B390004FF48012524B4FF0A0615A6645F60E02F0
:10B3A000504BC3F88020504A91624FF4803102F52F
:10B3B000805291629A6DD203FCD4996D11F0804154
:10B3C000FBD1D4E90002120542EA0062E07B0243AD
:10B3D000207B42EA0042607B42EA0032A07B42EAE4
:10B3E00080121A619869D4E90452120642EA856211
:10B3F00000F000400243A07EE57E0243207E42EA48
:10B400000042607E42EA00229A611A6AE06922F0F4
:10B410000F0242EA8502354D00283DD11A6294F8A8
:10B420002420996A94F82000D200294042EA401270
:10B430000A4394F8211042EA011242F480329A62DF
:10B440002B49284A936D31EA0303FBD14FF08071F9
:10B45000254881621369A56823F4700343EA055304
:10B4600013614FF00043836194F822300BB9214BF4
:10B47000996294F823303BB94FF480321D4B9A62A5
:10B48000184A936D5B00FCD494F825301BB1154B22
:10B49000194AC3F8802038BD024342F0080202284E
:10B4A0001A6208D119614FF40852996113484FF498
:10B4B0007F4132F0ABFA0B4994F822308A6A94F853
:10B4C00020001B062A4043EA4013134394F824202B
:10B4D00043EAC20394F8232043EA02438B62D3E792
:10B4E000009000500040005A0050005AC7FFFEFE76
:10B4F000030001000060005AF1A7FFFF3440005A2A
:10B50000014B93F90000704778A10020014B18808F
:10B51000704700BF34A100204FF4800208B5184BDB
:10B520005A660223174A5360936813F48033FBD1A1
:10B53000012822D13DF038FC134B984215D003F579
:10B54000122303F5F863984213D0104B00EB8002EE
:10B55000400AB3FBF0F3520A0A49CA620B630123A3
:10B560004B620022074B5A6008BD45F67A13084A21
:10B57000F2E745F61A03074AEEE75362F1E700BF28
:10B58000009000500040025000F049026466666678
:10B59000D8B80500BBCF0500B0F5207F10B50C462C
:10B5A0005DD008D8B0F5007F4ED003D8C0B1B0F55B
:10B5B000C07F15D010BDB0F5607FFBD12C4B4C1E69
:10B5C000D3F8FC202B4912F0807F4FEA041427D1D6
:10B5D000D1F8803023F030032343C1F88030E9E70D
:10B5E00032F023FA32F02FFA4FF48031224B214A05
:10B5F0001967136F013C23F4704343EA0433136764
:10B600003DF0B8FB0446FFF75FF9C0F102012046A8
:10B6100032F013FA00F04AF8BDE81040FFF780BDA1
:10B62000D3F8FC2022F08072C3F8FC20D1F88020EF
:10B6300022F030022243C1F88020D3F8FC2042F0EF
:10B640008072C3F8FC20B5E70A4A4C1ED2F890304D
:10B6500023F0F85343EA0463C2F89030AAE7054A9E
:10B660004C1E136F23F4806343EA84231367A1E71E
:10B6700000ED00E0008000500090005008B501216E
:10B68000022000F095F94FF42070FFF7D3FB054B33
:10B69000187032F0CAF932F0D6F94FF48032024B0A
:10B6A0001A6708BD4F8F00200090005008B54FF476
:10B6B000C070FFF72FFCBDE808400449884294BFE2
:10B6C000012102214FF42070FFF766BF80F0FA02DB
:10B6D00038B504463DF04EFB0546FFF7F5F8C0F1DE
:10B6E0000201284632F0A9F90121002000F0A0F95A
:10B6F0002CB1FFF7DBFFBDE83840FFF711BD034B6E
:10B700004FF420701978FFF747FFF4E74F8F0020C0
:10B710004FF4C02270B50546FFF76EFA314B044670
:10B720005A6603F598335A68012A04D12E494A60B3
:10B730005A689207FCD48020FFF702FD052807D144
:10B7400032F073F932F07FF94FF48032254B1A67EB
:10B75000264B24F040749D4230D0254B9D4230D082
:10B760003DF0E2FA8542064603D90121284600F061
:10B770005FF9204BDA6812F0060FFBD199689C60E4
:10B780009A68624012F4F81F1ED12846FCF7DAFED0
:10B790008020FFF7D5FC05280DD13DF0EBFA0446DB
:10B7A000FFF792F8C0F10201204632F046F9FFF7A8
:10B7B0007DFFFFF7B5FCAE420CD270BD44F00074C3
:10B7C000CEE744F08074CBE780209960FFF7B8FCA7
:10B7D000052805D0BDE870400121002000F028B9FF
:10B7E0003546DAE70090005000E0015040420F007B
:10B7F00080841E0000000150304B314A984251D0E5
:10B8000020D8A3F5B703A3F55863984246D00DD8C6
:10B810002C4B984231D02C4B984239D02B4B4FF4C3
:10B82000002198421DD00023516622E0284B4FF49E
:10B8300000219842F7D1274BD3F8BC30516623F052
:10B84000407316E0244B984230D0244B984231D0BC
:10B85000234B4FF400219842E5D11E4BD3F8C8305A
:10B86000ECE71C4BD3F8A030516623F0407343F053
:10B8700000734FF0B442936070474FF40021154BB2
:10B88000D3F8A030516623F0407343F08073F0E7A3
:10B89000104BD3F8A0304FF40021CFE70D4BD3F875
:10B8A000B830F8E70B4BD3F8C030F4E7094BD3F8C6
:10B8B000CC30F0E7074BD3F8D030ECE7C0EA2101F9
:10B8C0000090005080841E0000093D0040420F009F
:10B8D0000024F4000080E00F0048E801005A6202F2
:10B8E00080BA8C01024A536B0342FCD1704700BFFF
:10B8F00000400950044A4178536F23F4407343EAEF
:10B9000001235367704700BF004000500E4A10B536
:10B910001369044643F0040313613DF0E9FE32F07D
:10B9200097F80A4B5B6E5B0142BF094B094AC3F8AB
:10B93000202430BF32F08DF804F07CFA1CB9BDE849
:10B9400010403DF017BA10BD00ED00E0008000503F
:10B9500000E003500000FF0F0C4A10B513690446C5
:10B9600043F0040313610A4B5B6E5B0142BF094B5A
:10B97000094AC3F820243DF0BBFE30BF04F05AFA58
:10B980001CB9BDE810403DF0F5B910BD00ED00E078
:10B990000080005000E003500000FF0F034A0179CF
:10B9A000D36E23F030030B43D36670470040005042
:10B9B000F8B504461C4BD3F88420D106FBD4D3F849
:10B9C0008430C3F381139C422CD03DF0B3F9012C99
:10B9D000064602D1214632F030F840F0E6FE4FF044
:10B9E0000072124B07465A66204632F035F84FF483
:10B9F00080630D4D621E93402B676B6E9A0103D4DA
:10BA0000D5F884309B060AD5384640F0C9FE022C92
:10BA100008D13046BDE8F840002132F00EB8D5F824
:10BA20008430EAE7F8BD00BF0040005000600050DD
:10BA300010B50C4608B93DF07DF9074B21461B783F
:10BA40003BB1064B984204D80120BDE81040FFF7F7
:10BA5000AFBF0220F9E700BF508F0020005A6202FA
:10BA60000278034B012100201A70FFF7E1BF00BFED
:10BA7000508F00204FF0004238B5244B244C5A66BA
:10BA80004AF6CD33656C014605F00105236428BBF9
:10BA90000120FFF727FF6368DB0715D51D4B5860B2
:10BAA00008461D4B226BD2070CD4984208D10724BC
:10BAB00015B1174B194A1A6439F0E8F9204638BD18
:10BAC0000130EFE79842F2D00024F1E70132236B16
:10BAD00013F0080305D08A42F8D1E8E700220E49A6
:10BAE000F5E78A42E3D020210A4A91620121A2F5BA
:10BAF000805251600649084A886A800603D49342FE
:10BB0000D5D00133F8E79342DDE700BF0090005045
:10BB1000004009500060095040420F003254FFFFBE
:10BB20004FF0004238B5164B01465A664AF6CD33FF
:10BB3000144C154A656C236443780B205B0043F07A
:10BB40000103D363FFF7CEFE63688A7823F4F873AA
:10BB500043EA02136360CA784B7943EA0223A36085
:10BB60000A798B7943EA022323610878FFF782FF81
:10BB7000EB0744BF054B236439F088F9012038BD39
:10BB80000090005000400950004000503254FFFF28
:10BB90004FF00042124B70B55D6E03F580535A664C
:10BBA0004AF6CD3304460F4980204E6C0B64FFF7F4
:10BBB00099FE0B6A23F00F030F2C94BF234343F02D
:10BBC0000F030B62F30744BF074B0B64002DA2BFAA
:10BBD0004FF00042054B5A6639F058F970BD00BF6E
:10BBE00000800050004009503254FFFF00A0005078
:10BBF0004FF00042104B70B55D6E03F580535A66EE
:10BC00004AF6CD3304460D4980204E6C0B64FFF795
:10BC100069FE0B6A23F4F85343EA04230B62F3072B
:10BC200044BF074B0B64002DA2BF4FF00042054BF1
:10BC30005A6639F02BF970BD008000500040095061
:10BC40003254FFFF00A0005010B531F00AFF04236A
:10BC500000F5805100F500520B6113610B61136117
:10BC60000B6113610B611361202341F20201036137
:10BC70000023C360836041614FF4A0218361836529
:10BC800041620549C36103628362C3624363036522
:10BC9000D164036310BD00BFFF3F0D0370B50546BF
:10BCA0001446084641B9354B9D4218D0344B9D424D
:10BCB00008BF5720FFF72EF9AB6813F0010F6B6830
:10BCC00030D0B0FBF4F4D80704F1FF344FEA046439
:10BCD00007D42B6923F07F4323432B6170BD56208B
:10BCE000E8E72821284631F0B8FEAB6C990715D15A
:10BCF000AB6CDA0714D4AB6C13F0020F14BF06263A
:10BD00000026284631F0ADFE2B69314623F07F43F3
:10BD100023432B61BDE8704031F0DABE0526F0E721
:10BD20000926EEE7AB6DDB07AB6848BF640003F0A4
:10BD3000E003402B1BD004D8DBB1202BCED108234D
:10BD400004E0602B17D0802BC8D10123634341014D
:10BD5000B1FBF3F20B4B203A284603EAC202012161
:10BD600031F07BFE2A63BDE8704031F076BE0623D9
:10BD7000ECE71023EAE70423E8E700BF0000015BDB
:10BD800000000A50F8FF7F002DE9F8439846436809
:10BD900004460E4617461BB140F6FF7131F05DFEBA
:10BDA0002046FFF751FFF189737B62690B43318AAB
:10BDB00022F44C520B4322F00F0213436361A2683A
:10BDC000317E337B22F0804222F0E2020B431343A8
:10BDD0007269D6F808901343A360B9F1000F03D13C
:10BDE000A36843F00043A360F069002874D0857A0B
:10BDF000037A6D04A26845EA83556D4B13401D43D9
:10BE0000838803F4C0431D43437845EA8305437B9D
:10BE100045EAC305837B45EA0315837845EA832514
:10BE2000A560D0E90432E5681343624A2A4013430F
:10BE3000827943EA8223C27943EA4223E3600378AA
:10BE40005D4A012B14D1E36843F00403E36094429C
:10BE500000F09280594B9C420CBF01234FF0FF33FE
:10BE60005B0103F1A04342F2944203F5703314E006
:10BE7000032B7BD1E36843F00403E360944279D061
:10BE80004E4B9C420CBF01234FF0FF3341F29442D2
:10BE90005B0103F1A04303F5703302259D50437A03
:10BEA00004F5805293621BB1E36843F40063E360DE
:10BEB000C37A5BB1E36843F40043E3603E4B9C42CA
:10BEC0005CD1037B3E4A03F00F035367636AC27B76
:10BED00023F00303134363623FB197F8203004F566
:10BEE0008050002B54D001230362B8F1000F27D0FB
:10BEF00004F5805011B14FF4004383652E4BB8F820
:10BF000022109C4298F821304FD02C4A94420DD1F7
:10BF10000122112B34BF012702272A4DB1F5006FF2
:10BF2000AF5494BF01270227274DAF54A26D0B4396
:10BF300022F4F95222F01E021343A3650123836504
:10BF40000521204631F0A7FDB9F1000F03D04A4684
:10BF50007168FFF7A3FE2046317831F0B9FDA36C7C
:10BF6000DB4313F4405FFAD1BDE8F883023B012BB9
:10BF700084D96CE7002389E7002371E70F4B9C42CB
:10BF800001BF037B0E4A03F00F03C2F880309DE728
:10BF9000E26997F8223097F8215022F009022B43EA
:10BFA000134343F00103C3619FE70022B1E700BFE1
:10BFB000E39BBDFFFFF9F0870000015B00000A5022
:10BFC00000900350538F0020518F00202DE9F04145
:10BFD00005460F461E4690464AB101233022194CB1
:10BFE0008B4002FB004436B304F5825423600F21DA
:10BFF000072F05EB450388BFA7F108044FEA031399
:10C00000114895BFBC00A40004330C3308FA04F2B5
:10C01000A140184431F06CFDB8F1000F09D10123A3
:10C020003021084ABB4001FB05223EB102F5825295
:10C030001360BDE8F08104F50154D7E702F5015221
:10C04000F6E700BF00C0035030C0035010B5152004
:10C0500002F07AF90024FF22064B21465C6520207D
:10C060009A625C60FEF73CFF2146BDE8104021204B
:10C07000FEF736BF00000450044A054B002908BFF4
:10C080001346012282401A60704700BF40100450DE
:10C090004020045010B5012104462020FEF720FF67
:10C0A00001212120FEF71CFF0122114B15205A60AF
:10C0B000227812069A606178A27842EA01429A6177
:10C0C000FF229A6200229A631A644FF000425A6576
:10C0D0004FF0FF3203F500531A6502F063F91520A3
:10C0E000E17832F0EFFBBDE81040152002F03EB9D8
:10C0F00000000450F8B50125C3B2D1F800E091F872
:10C100000AC00F7B0C469D40CB7A1D491D4E0D6524
:10C11000810001F1A04101F58821C1F804E04FF050
:10C12000300E0EFB00601B05617B43EA0C4343EAC3
:10C13000475322F003020166C365026740F042FBE9
:10C14000114B5D65237A13B1336C2B433364637AEF
:10C1500013B1B36B2B43B3632279A37943EA024350
:10C16000074A93616179E37943EA014306498B61A8
:10C17000044B55639D64BDE8F84040F01EBB00BF12
:10C1800000200450000004500010045010B5012499
:10C19000C0B2844040F016FB044B5A6D22EA040200
:10C1A0005A659C62BDE8104040F007BB0000045097
:10C1B00010B50124C0B2844040F004FB074BDA6A9A
:10C1C000224208D15B6B9C430CBF0124002440F049
:10C1D000F4FA204610BD0024F9E700BF0000045027
:10C1E00070B5054640F0EEFA3022084B5E6B02FB5C
:10C1F00005335C6E40F0E1FA0123EDB2AB4033420F
:10C200000ABFC4F30A100020013070BD00000450C2
:10C210004FF48032054B9A6641F6713203F51C33B8
:10C22000DA63012203F50053DA6070470090005092
:10C2300041F671320121064BDA6303F50052D160F9
:10C240000022DA634FF48032A3F518339A66704700
:10C2500000000350013831289ABF024B185C0020BF
:10C26000704700BFF7DE040838B5C2F30625044660
:10C2700002F0070241B942EA052242F440220634A4
:10C28000074B43F8242038BD1146284631F03FFCC7
:10C2900002462846FFF7DEFF163442EA0022EFE7A7
:10C2A00000800350044B1868421C02BF034AD2F8B6
:10C2B00094001860704700BF1C9A00200040005096
:10C2C0004FF48032064B5A6603F5E6239B69C3F3AD
:10C2D0008512827003F03F021B0B4270037070479F
:10C2E000009000500120034B9B680A3303F01F03AA
:10C2F000984070470080E00F30B5154CA04219D02F
:10C3000004F58044A04217D004F58044A04215D023
:10C3100004F58044A04213D004F58044A04208D123
:10C32000042006250B4C6BB105FB001004EB8004C8
:10C33000A26430BD0020F4E70120F2E70220F0E71C
:10C340000320EEE705FB0011120204EB8104EFE786
:10C35000008004500081035038B5012500F580535A
:10C360001D630223C36000231C4A00F50054836050
:10C37000836162614FF6FF720362C2614CF68062B4
:10C380004362436683660367C0F88430C0F8883030
:10C39000C0F89030C0F8A430C0F8A830C0F8B03071
:10C3A000C0F8FC20C0F8EC30C0F8F0301F23014684
:10C3B000C0F8F83031F0CEFB25630B6B13F00203AD
:10C3C000FBD14B600B66C1F88030C1F8A030C1F8DA
:10C3D000E030C1F8E830C1F8E43038BD77007707C5
:10C3E00070B5054616461C4621B94FF42070FEF77D
:10C3F00091FD0146402C1BD003D8DCB1202C1BD072
:10C4000070BD602CFCD1042303FB06F2530803EB40
:10C410004113B3FBF2F3094A203B02EAC303AA68C3
:10C4200022F06002AA60AA681443AC60EB61E7E7FF
:10C430000623E9E71023E7E70823E5E7F8FF7F0095
:10C44000012100F5805310B5596040F6AA6341F20E
:10C45000050243610023094C8360C365C26000F597
:10C4600000520361C361C3649464054C8365A042B8
:10C4700004BF03654365516010BD00BFFFFF0100AD
:10C4800000C0055070B50D46FFF7DAFF012300F537
:10C4900080567360AB7C04461BB1836843F08043D5
:10C4A0008360EB7C5BB1244B9C4202BF2A7DA3F5E9
:10C4B0001033C3F8C821E36D43F08003E3652A8A93
:10C4C0006B7B20461343EA891343E3602B7BD5E95A
:10C4D0000112FFF785FF6B7D1BB1A36843F4803326
:10C4E000A360AB7D1BB1A36843F40043A360EB7D65
:10C4F0002A7E1B07120502F4E00203F0E043134317
:10C50000A3656B7E9A1E012A4FF0020209D80B49DF
:10C51000032BC1F8202709D10423F3652B7863612D
:10C5200070BD0749012BC1F82027F4E7042204F568
:10C530000053DA65F2E700BF00C0055000D0035099
:10C5400000E003500122437801789A403023594398
:10C55000014B5A50704700BF40E00350034BD3F8E3
:10C560002424D3F820041040704700BF00C00350BB
:10C570002DE9F8431F4B0546D3F810334B1E0E2B05
:10C580000E461746047890F8018026D951B34FF033
:10C59000000928461FB33CF0C3FC0F21B8F1070F78
:10C5A00004EB440488BFA8F108084FEA04141248B9
:10C5B00095BF4FEA88084FEA880804340C3409FA1A
:10C5C00008F201FA08F1204431F061FB86B92846EF
:10C5D00057B1BDE8F8433CF0A3BC8946D9E7FFF763
:10C5E000B1FFDAE78946D8E7BDE8F843FFF7AABF0D
:10C5F000BDE8F88300C0035030C00350054B9A6873
:10C600009107FCD45A689207F9D4DA69002AF6D166
:10C61000704700BF00800A5008B53CF08DFC022234
:10C62000014B1A6108BD00BF00800A5008B5FFF732
:10C63000E5FF0122024B03F580514A601A6108BDF3
:10C6400000800A5008B5044B5968012903D1FFF74F
:10C65000E3FF024B596008BD00800A5000A00A5059
:10C6600010B5064CFFF7CAFF6368012B03D1FFF733
:10C67000E9FFFFF7C3FF0378E36010BD00800A50B5
:10C68000B8B94A680B7812B1127843EAC2034A7803
:10C6900043EA42038A6812B1127843EA82138A7825
:10C6A00043EA8203CA6812B1127843EA4223014A7C
:10C6B0009364704700800A5070B5044638F02CFC33
:10C6C000064630B90FCC044D0FC594E8030085E849
:10C6D0000300304670BD00BFB050002047F6FF7326
:10C6E0009A42F0B56FD002296FD8394B5B5C012BB1
:10C6F0006BD8384DDF0005EBC30415F83330A17853
:10C70000012B13D10025E078401AA84202D8084432
:10C71000C0B2F0BD431B6668A0EB530336F913604B
:10C720009642D4BF1D4603F1FF30EEE76068002853
:10C73000EFD0B0F90040944204DBB0F902409442DB
:10C74000B8BF144683883D44FF2B19BFC8224FF061
:10C75000280CB0F90620B0F908C0A2EB04030CBF06
:10C760000126002693FBFCF333446E781BB29E42F5
:10C7700001DD002B01DA731E1BB24FF47A7C01330A
:10C780009BB2071D5D1E2DB24FEAC50E00EBC5051D
:10C79000EA88AD689E4214FB025222EAE27202F17C
:10C7A0005C02B2FBFCF204DD37F8335001339542F2
:10C7B000E8D200EB0E039888904228BF10468842CA
:10C7C00038BF0846A4E7FF20A3E70020A1E700BF89
:10C7D00029DF0408B05000200229F0B555D82C4BB1
:10C7E000585C012851D82B4C04EBC00114F83000E0
:10C7F0004B6801280FD1C8788C78904294BFC4EB65
:10C800000001C4EB0201001BCAB28242C8BF002271
:10C8100033F91200F0BD002B37D08878904202D354
:10C82000B3F90200F6E7CC78B3F900009442F1D9ED
:10C830004C789988013CA1F1FF06714203F104058F
:10C84000E4B2714103F10C07CEB2B44216D805EB45
:10C85000C1014FF47A756A43B1F902404968521A2E
:10C8600004EBD47102EB610292FBF4F29042D1DB53
:10C87000B3F902009042CDDC10B2CBE737F831C0FB
:10C880004E1C9445E3D33146DEE70348C2E700BFC0
:10C8900029DF0408B05000200080FFFF08B50448DD
:10C8A000FFF70AFFBDE80840012038F03BBB00BF9E
:10C8B000043805082DE9F0413DF024FC0128074625
:10C8C00020D93DF053FC051E03DA01242046BDE8C3
:10C8D000F0811F4B1B78002B37D14FF050081D4CB7
:10C8E00004EB0800A465C4F85C803DF0CFFD206631
:10C8F00080B90124012FE9D928463DF059FC0028D0
:10C90000E4DAE2E7124B1B7803F0FF05002BE4D0DA
:10C910000024DBE70024104E214606F110033246C6
:10C920000120C6E90044C6E902383DF093FE3066B6
:10C930000028DED00321412031F0C4FF412001F066
:10C9400015FD0122024B1A70D4E70024D4E700BF82
:10C95000558F00202C510020C850002008B54FF002
:10C9600098435B6CD90208D53DF0CCFB0238012816
:10C9700003D8094B186E3DF0FBFE4FF098435A6CFC
:10C98000D202FCD55B6D054A03F47023136041208D
:10C99000BDE8084001F006BDC8500020209A0020E4
:10C9A0002DE9F0418CB08846DDE912761D4604463B
:10C9B000002847D0002945D0002F43D0002E41D079
:10C9C00013F00F033ED120482049A360002A08BF7E
:10C9D0000146E361C4E90013404609A931F077FA42
:10C9E00068BB204609993FF006FF294620463FF0E4
:10C9F00002FF6946404600F0F7FA00BB6946204650
:10CA000031F01EFC404603A931F060FBB8B9204666
:10CA100003A931F015FC06970127204645F0005583
:10CA200006A90797089531F00BFC204609A909963D
:10CA30000A970B9531F00EFC20463CF0E5FA0CB05D
:10CA4000BDE8F0812120FAE70001000400010104A3
:10CA50002DE9F04F97B0894690461F460546DDF810
:10CA600080A0002800F0BB80002900F0B8803AB117
:10CA7000229B002B00F0B380239B002B00F0AF80A3
:10CA8000BAF1000F00F0AB80219B002B00F0A780D3
:10CA900067B13C680026229B43440293464507D376
:10CAA00007B13C60002017B0BDE8F08F3C46F1E7CD
:10CAB0005CB1229B219A9B5D125D01345340239A05
:10CAC00004F00F0493550136E8E7A8EB060BBBF121
:10CAD0000F0F58D9434B4846C5E90034AC60EC61B0
:10CAE00013A931F0F4F90028DDD1284613992BF071
:10CAF0000F0B3FF080FE594628463FF07CFE48462B
:10CB000004A900F071FA0028CDD1284604A931F01B
:10CB100097FB484607A931F0D9FA0028C3D1284627
:10CB200007A931F08DFB012322992F4ACDF828A0C7
:10CB30000B930C928A190D9228464BF000520AA9C9
:10CB40000E9303920F9231F07BFB28460DA931F032
:10CB500077FB239B039A9919012310911193129249
:10CB6000214A284610A9CDF84CA01493159231F013
:10CB700071FB284613A931F06DFB28463CF044FABE
:10CB80005E4400288FD1229B03EB060B239B1E449F
:10CB9000029B5B4501D1464680E7ACB9219B22460A
:10CBA000CDE900A3494610232846FFF7F9FE0028E7
:10CBB0007FF479AF0AF1100212F8013D0133DBB2C4
:10CBC00013700BB95245F7D1219A1BF8013B125D46
:10CBD0000134534006F8013B04F00F04D8E721204C
:10CBE00061E700BF03030004100000202DE9F04FAF
:10CBF00097B0894615469A460446209FDDF88880FE
:10CC0000DDF890B0269E002800F09D80002900F0FD
:10CC10009A80002E40F08A80002B00F09480B8F1BA
:10CC2000000F0AD0219B002B00F08D80002A40F0DD
:10CC30009F80F10700F1878002E0002A40F08580A4
:10CC4000FB1F062B7FD8524B0BEB05029A427AD87A
:10CC50000023504A4846C4E90023A360E36113A9B6
:10CC600031F035F900285ED1204613993FF0C3FD1D
:10CC7000204646EA07413FF0BEFD414620463FF0D0
:10CC8000BAFD294620463FF0B6FD484601A900F00E
:10CC9000ABF9002847D1204601A931F0D1FA484626
:10CCA00004A931F013FA00283DD14FF001092046C4
:10CCB00004A931F0C5FA239B45F000550793219B49
:10CCC000CDF82090204609950DA90A9347F000570A
:10CCD00048F00053CDF82C900C93CDF834A0CDF84B
:10CCE00038900F9731F0ACFA20460AA931F0A8FA33
:10CCF000204607A931F0A4FA259B204610A946F04A
:10CD00000056CDF840B0CDF8449012951393CDF86D
:10CD10005090159631F09EFA204613A931F09AFAF8
:10CD200020463CF071F917B0BDE8F08F259B53B158
:10CD3000BAF1000F07D0B8F1000F01D0219B13B159
:10CD4000B5B9022E20D12120EDE7239B002BFAD08C
:10CD5000BBF1000FF7D0C7F10F03DBB2032B3FF697
:10CD600068AF0122DB0002FA03F3AB42EBD9E8E73C
:10CD7000239B002BE7D0BBF1000FE4D0C7F10F03DA
:10CD8000DBB2032BDDD8ECE7102E7FF652AFDAE7EB
:10CD900000000420000005042DE9F04F99B08846FA
:10CDA00015469B460446229FDDF89890289E60B168
:10CDB00059B1279B4BB1BBF1000F06D0249B0BB19F
:10CDC000239B13B11DB9022E13D121239AE0259B79
:10CDD000002BFAD0B9F1000FF7D0C7F10F03DBB287
:10CDE000032BF0D80122DB0002FA03F3AB42ECD9AB
:10CDF000E9E7731E0F2BE8D816F0010AE5D1FB1FF7
:10CE0000062BE2D8414B09EB05029A42DDD8404B94
:10CE10004046C4E9003AC4F808A0C4F81CA015A90B
:10CE200031F055F8034600286CD1204615993FF0A3
:10CE3000E2FC204646EA07413FF0DDFC204624990B
:10CE40003FF0D9FC294620463FF0D5FC404603A9D7
:10CE500000F0CAF80346002854D1204603A931F057
:10CE6000EFF9404606A931F031F90346002849D1CF
:10CE70004FF00108204606A931F0E2F9259B204633
:10CE8000099345F00053CDF8288001930B93239B21
:10CE90000FA90C93249B47F0005743F00052CDF8A4
:10CEA00034800E92CDF83CB0CDF84080119731F02F
:10CEB000C7F920460CA931F0C3F9204609A931F081
:10CEC000BFF9019B204612A9CDF84890CDF84C80BF
:10CED000149331F0BFF9279B204615A946F0005660
:10CEE0001593CDF85880179631F0AAF920463CF0FA
:10CEF0008BF8034630B101902A465146484637F038
:10CF000096FE019B184619B0BDE8F08F0000042082
:10CF1000000006042DE9FF474FF000080E461746B3
:10CF20000446CDF80080002859D022B900252846B3
:10CF300004B0BDE8F087002951D032F0030902F0B7
:10CF4000030A1FD04FF0E063C0E9003801230191CC
:10CF5000C0F808800293C0F81C8049F0005301A972
:10CF6000039331F077F9494620463FF044FC2046D0
:10CF70003CF04AF8054628B14A464146304637F06B
:10CF800056FED4E7BAF1000FD0D04FF000084FF0B2
:10CF9000E063C4E900380123CDF804D00293114BBB
:10CFA000204601A9C4F80880C4F81C80039331F01E
:10CFB00051F9042120463FF01EFC20463CF024F8A5
:10CFC000054608B13A46D8E7009A4E44EB000135D1
:10CFD00022FA03F3AA4506F8013BF7D1A6E721257B
:10CFE000A5E700BF0400002090B189B101234B6088
:10CFF000C368013B012B08D88269064B1AB10A604D
:10D0000000208B607047044AF9E74FF00053F7E7C0
:10D0100021207047080000202CDF040838B5134D8C
:10D02000FFF748FC124B134A1349144811F088FDCE
:10D030002B7803F0FF04BBB93DF064F8012802D956
:10D040003DF094F804462B782BB90D4B0D481B6826
:10D05000984701232B703DF055F8012804D920464C
:10D06000BDE838403DF0A4B838BD00BF568F002061
:10D0700087E2030869E20308A1E20308ABE20308C0
:10D08000789D0020507C0020012300F01F02A0F5B5
:10D0900006200949A0F550604009934051F820202E
:10D0A0001A4341F82020054951F8202022EA0302C2
:10D0B00041F82020704700BFB0510020905100205F
:10D0C0000122A0F506230D49A3F550635B0900F08A
:10D0D0001F00824051F82300024341F8232000231F
:10D0E0001946074A52F8040B0133082B0144F9D1C1
:10D0F00019B92022014837F09ABD7047905100209D
:10D10000B05100202DE9F04FA9B003921E4604460D
:10D110000822339FCDE90401414021FA02F34B403C
:10D12000980702F1080218BF9B00202A1C44F4D182
:10D13000734BE4B21B7804F5062404F55064002B0D
:10D140003ED1FDF7CBFA054620B16FF0910029B032
:10D15000BDE8F08F0146402208A837F068FD402264
:10D16000294618A837F063FDDFF8AC81DFF8AC91F1
:10D17000C3460BF10F0ACDF800A05B461022D9F888
:10D18000000008A930F02FFA0023024608F1100829
:10D1900008AD9A423DD1CDF800A05B461022D9F8E7
:10D1A000000018A930F028FA4FF0000A834618ADA5
:10D1B000D34538D1534B9845DAD10122504B1A70E0
:10D1C0004FF480780025DFF858B1A4F50623A3F5C5
:10D1D000506252095BF8221004F01F00C140C907D9
:10D1E00034D4494951F82220C240D20722D5A3F6AF
:10D1F000FF43DBB2002D08BF254603F50624B8F136
:10D20000010804F55064E0D1039BABB1A5B12C46F5
:10D2100018E055F8040BCDE90623FFF735FF079B0F
:10D22000069A0133B5E755F8040BFFF749FF0AF1F9
:10D23000010ABDE7039B13B96FF08B0087E7002D50
:10D2400018BF2C46349B00201C6080E7329B13B132
:10D250000023329A13600FB100233B604FF0100A95
:10D26000DFF8B890CDF800A0002332462146D9F867
:10D270000000FDF759F858BB32993268234BC1B909
:10D280009A4206D02146D9F80000FDF783F900281C
:10D29000D2D1D6E90223DDE90410834208BF8A42D5
:10D2A00025D0A4F50624A4F6FF44E4B204F5062430
:10D2B000A5E732999A42C1F800A0E3D1002FE8D047
:10D2C0003B462146D9F8000018AAFDF727F940B1DE
:10D2D0000F4B9842D6D06328D4D00E4B9842D8D06A
:10D2E00033E7329A3B6812689B1A3B60D1E7039B95
:10D2F000002BA7D07368012BA4D16FF0840026E720
:10D30000578F00200071080090510020105D175EBB
:10D31000FFDF00F0FEDF00F0006D0800189A00202B
:10D32000B051002070B5124D2B7803F0FF04CBB93B
:10D330003CF0E8FE012802D93CF018FF04462B78A7
:10D340004BB90C48436D43F0010343650A4B1B681E
:10D35000984701232B703CF0D5FE012802D92046C6
:10D360003CF026FFBDE87040044B02481B6818479C
:10D37000588F0020D0510020789D0020709D002003
:10D38000034B1B781BB1034B03481B6818477047BE
:10D39000588F00206C9D0020D05100202DE9F04FC7
:10D3A00087B08246894698461646DDF840B02AB1D5
:10D3B000002B53D040F26C739A4252D8BBF1010F4C
:10D3C00052D8002406F1100739460120059431F0A7
:10D3D00083FE054600284AD021463A4637F027FC0E
:10D3E000FFF7A0FF05ABCDE9014300942B460122D6
:10D3F00050464946FFF786FE044690B110F18C0F67
:10D4000008BF6FF08D043A460021284637F00FFC24
:10D41000284631F043FEFFF7B3FF204607B0BDE8D2
:10D42000F08F144BC5E902A92B60C5F804B02EB1EA
:10D430003246414605F1100037F004FC059E0E48C7
:10D440003B462A4631460068FCF7EAFE18B93046EA
:10D45000FFF71AFED7E76FF09104D4E76FF0860468
:10D46000DBE76FF09104D8E76FF08504D5E76FF044
:10D470008C04D2E7105D175E189A00202DE9F04762
:10D480008CB08146DDE914780C4616461D466BB11A
:10D49000B8F1000F49D0002F47D0B7F1005F44D357
:10D4A000C3F1005303F580239F423ED84FF0000A9A
:10D4B0001022002108A837F0BAFBCDE905AAFFF732
:10D4C00031FF07AB029305AB019306AB21460093F6
:10D4D0005246484608ABFFF715FE0446D0B9059BF7
:10D4E0003DB1B3421CD853EA060504D06FF0860460
:10D4F00010E0B342FAD3069B0D48C8F800500095DF
:10D500003A46079900683344FCF70EFF002818BF1D
:10D510006FF09104FFF734FF20460CB0BDE8F087B0
:10D520009B1B9D4228BF1D46E5E76FF08604F3E78D
:10D53000189A002070B500260C4605468CB01022C3
:10D54000002108A837F073FBCDE90566FFF7EAFE76
:10D5500007AB029305AB019306AB2146009332461D
:10D56000284608ABFFF7CEFD0446D8B9099B012B2E
:10D570001DD0079D114B29461868FDF70BF8C8B957
:10D580000122A5F506230E49A3F550635B0905F0BA
:10D590001F00824051F823004240284641F82320D2
:10D5A000FFF78EFDFFF7ECFE20460CB070BD6FF06C
:10D5B0008404F7E76FF09104F4E700BF189A0020A5
:10D5C000B051002030B5048804F4E043B3F5005FA7
:10D5D0002ED1C4F30223042B2AD181F0AA6383F451
:10D5E000807333F47E132AD081F0AA6383F400732E
:10D5F00033F47E1323D00023144D21F47E11A9426D
:10D600001AD1B4F5105F17D1418821F0400080286D
:10D6100002D0B1F5807F15D1191F0C2912D8DB0774
:10D6200010D4073A072A34BF00206FF0860030BDBF
:10D6300042F204039C42DED16FF08500F7E7C1F3AC
:10D640000543D9E76FF08600F1E700BF0001400510
:10D650002DE9F04F9DB08146DDE92A761D468B46C7
:10D66000DDF8B080DDF8C4A0099241B138B1269B45
:10D670002BB1289B0BB9299B0BB91FB94EB16FF089
:10D6800086047FE02EB1B8F1000FF8D02D9B002B5F
:10D69000F5D02E9B002BF2D0BAF1000FEFD0309BCB
:10D6A000002BECD02F9B002BE9D0B9F8003003F40D
:10D6B000E042B2F5005F69D1C3F30222042A65D1CA
:10D6C00085F0AA6383F4807333F47E1306D085F06B
:10D6D000AA6383F4007333F47E1360D1C5F305436A
:10D6E00029464846279ACAF80030FFF76BFF0446E0
:10D6F000002847D10146242213A837F098FA2022A7
:10D7000021460BA837F093FA13A830F012FB00283B
:10D7100055D159464846099A0BAB00F0C3FA044666
:10D7200000282FD12D9B9E424CD8DAF80030309A39
:10D73000934247D8474508D2BB19984505D2394688
:10D740003246404637F059FA4746204B25F47E15BD
:10D750009D4226D1DAF80030324606932F9B03977C
:10D76000CDE90483299B0BA90293289B13A801935D
:10D77000279B0093269BFFF739FA212819D0D8B9A7
:10D780002E9B1E6020461DB0BDE8F08F42F20402C1
:10D79000934204D185F0052383F480139BE7002393
:10D7A0009EE76FF0880400232E9A1360CAF80030B9
:10D7B000E8E76FF08604F6E76FF09204F3E76FF0A6
:10D7C0009204DFE76FF08904DCE700BF0001400549
:10D7D0002DE9F04F9BB08A46DDE9286593469846CF
:10D7E00081462C9F28B96FF0860420461BB0BDE807
:10D7F000F08F0029F7D0249B002BF4D0269B13B97F
:10D80000279B002BEFD10EB9002DECD117B92D9B22
:10D81000002BE8D12E9B002BE5D02A9B002BE2D0D9
:10D8200041464846259AFFF7CDFE04460028DCD144
:10D830000146242211A837F0FAF92022214609A82E
:10D8400037F0F5F911A830F074FA10B16FF09204C6
:10D85000CBE75A465146484609AB00F023FA044646
:10D860000028C2D12D9B9D422AD8BE4208D27319EE
:10D870009F4205D231462A46384637F0BEF93E4629
:10D88000144B28F47E1898451DD12B9B2A460693ED
:10D890002A9B0396CDE90473279B09A90293269B33
:10D8A00011A80193259B0093249BFFF775FA21286B
:10D8B00099D02C280AD00028C8D12E9B1D6094E74F
:10D8C0006FF0890491E76FF088048EE76FF094049D
:10D8D0008BE700BF00014005084B984202D0084B7F
:10D8E000984207D10B88B3F5105F0CBF00206FF092
:10D8F000850070476FF08500704700BF004440040A
:10D900000013C0042DE9F04F99460023A5B09346BB
:10D91000DDE93074DDE93268CDE90733CDE909335B
:10D92000CDE90B33CDE90D33DDF8D0A0049005919E
:10D9300029B96FF08605284625B0BDE8F08F002A8A
:10D94000F7D00FB9002CF4D12E9B13B92F9B002BCD
:10D95000EFD116B9B8F1000FEBD1BAF1000FE8D052
:10D9600048460499FFF7B8FF05460028E3D1014671
:10D9700024221BA837F05BF92022294613A837F090
:10D9800056F91BA830F0D5F9002878D1DDE904015B
:10D990005A4613AB00F086F905460028CBD1139800
:10D9A00030F0C4FD05460028C5D114B9CAF80000FE
:10D9B000C1E7B7420AD23B199E4207D24445B8D8C4
:10D9C00039462246304637F018F937464E4B9945CE
:10D9D00058D003F54073994515D04C4B994540F00C
:10D9E0008C804445A5D814F00F02A2D12346CDE97E
:10D9F000007613A91BA8FEF7D3FF0746002834D1F1
:10DA0000CAF8004097E700234445CDE90F33CDE93C
:10DA100011338ED82F9B0D2B8BD101238DF83C30E9
:10DA20002E9B0DF13D0203F10C0153F8040B8B42C8
:10DA300042F8040BF9D11B78137001238DF84B3099
:10DA400014F00F0933D10F2CDAD907AB01930FABC8
:10DA5000CDE90276009324F00F02002313A91BA83E
:10DA6000FEF7F6FF0746002843D042460021304625
:10DA700037F0DDF80023012FCAF8003040D06FF0F6
:10DA8000920558E744453FF654AF2F9B102B7FF487
:10DA900050AF2E9B0DF13C0C03F1100E624618683E
:10DAA0005968083303C273459446F7D1C8E724F098
:10DAB0000F033B440DF12C0C03F1100E6246186865
:10DAC0005968083303C273459446F7D10F2CBCD86C
:10DAD00024F00F03334403930BAB029307AB019382
:10DAE0000FAB00934A46002313A91BA8FEF7B0FF13
:10DAF00083E7B9F1000F83D0EAE76FF085051AE7F5
:10DB00006FF08B0517E700BF0010C004004440040D
:10DB10002DE9F04F99460023A1B09346DDE92A652F
:10DB2000DDE92C788A46CDE90733CDE90933CDE923
:10DB30000B33CDE90D33059029B96FF086042046EB
:10DB400021B0BDE8F08F002AF7D00EB9002DF4D136
:10DB500017B9B8F1000FF0D12E9B002BEDD048463D
:10DB60000599FFF7B9FE04460028E8D101462422B2
:10DB700017A837F05CF8202221460FA837F057F895
:10DB800017A830F0D6F8002844D15A4651460598D7
:10DB90000FAB00F087F804460028D0D10F9830F082
:10DBA000C5FC04460028CAD115B92E9B1860C6E7EB
:10DBB000BE420AD273199F4207D24545BDD83146AD
:10DBC0002A46384637F019F83E46344B994549D035
:10DBD00003F54073994520D0314B994554D14545C3
:10DBE00055D82B07A9D12B460122CDE900670FA9F3
:10DBF00017A8FEF7D5FE2E9B06461D6000289ED076
:10DC000042460021384637F012F800232E9A012EA2
:10DC100013603FD06FF0920491E70D3D454536D833
:10DC200001238DF82C3033460DF12D0206F10C0145
:10DC300053F8040B8B4242F8040BF9D11B780D36D4
:10DC400013704FF48073ADF83A3007AB01930BAB10
:10DC500000932A460023CDE902670FA917A8FEF713
:10DC6000F7FEC8E7103D454511D833460DF12C0CA1
:10DC700006F1100E624618685968083303C27345EE
:10DC80009446F7D11036E0E76FF0850457E76FF060
:10DC9000890454E76FF08B0451E700BF0010C00403
:10DCA00000444004F0B5164600221C4643688DB07F
:10DCB0001B0A07460D46009204D0012B38D06FF0A6
:10DCC0008B0071E022463146009630F056FC002869
:10DCD0006AD1F31CC4E9030523F003036361002E3A
:10DCE00000F0A3802022002101A836F0A0FF3146D9
:10DCF000384601AA30F041FC002840F096802368A5
:10DD0000019A9A4240F091806368029A9A4240F0E8
:10DD10008C80A368039A9A4240F08780A369079A8F
:10DD20009A4240F08280E369089A9A423CD07CE0B3
:10DD3000032E7FD90B78012B40F08780497800298A
:10DD40004BD0F7390829BAD801A353F821F000BF06
:10DD5000B7DD000875DD0008BFDC0008ADDD000898
:10DD6000BFDC0008D1DD0008BFDC0008C1DD000811
:10DD7000C9DD00084FF41056F825354F1C2200214C
:10DD800002A836F054FF03230197CDE9043503962A
:10DD900001AA09AD134603CBAB42206061601A466D
:10DDA00004F10804F6D100200DB0F0BD10274FF0AB
:10DDB0008076FA25E2E720274FF00076F725DDE7A9
:10DDC000FE25234F234ED9E7FF25214F224ED5E7CD
:10DDD0004FF41056FC251E4FD0E72B2E2AD92022B7
:10DDE000204636F024FF05F110032361AB070DD068
:10DDF00001AB05F1280C1A4628686968083503C28A
:10DE000065451346F7D1286801AD10606B68103E78
:10DE10002360AB6869466360EB682046A36001231A
:10DE20006661E3602FF094FF38B120220021204684
:10DE300036F0FDFE6FF08600B6E7009E626906F1DF
:10DE40001C039A42BFF44BAFEFE76FF09100ABE7D2
:10DE5000200000800044000200440003B8B10368C1
:10DE600013F4E07F03F03F00C3F382120AD0012ACB
:10DE70000DD1084B41B103F58053012282401A6055
:10DE800000207047044BF5E703F50053F5E70E203B
:10DE9000704700BF688000506480005070B57448BF
:10DEA0008AB030F0FFFC0646002840F0C0806C4687
:10DEB000704D0FCD0FC40FCD0FC495E8030084E85B
:10DEC00003006D4BD3F84C21110340F1B380A3F54F
:10DED000FE431C88B4F5807F28BF8C248DF8194040
:10DEE000FDF70EFB044484F3080464488DF81840E1
:10DEF000FAF72EFB6846FDF743FA3220FDF706FBE2
:10DF00005F48FDF705FC5F48FDF776FC5E4C01219C
:10DF10003620FCF7E5FF0020FDF7FEFAFDF7AEFB2B
:10DF2000236F002023F0070343F003032367FDF76B
:10DF3000CFFB236F23F474432367544BD3F8FC20A7
:10DF4000D2017BD4D4F8803023F0030343F00103E3
:10DF5000C4F88030D4F88030C4F880304A4CD4F80B
:10DF6000203123F0070343F00203C4F82031D4F832
:10DF7000283123F0070343F00203C4F82831D4F812
:10DF8000803123F0030343F00103C4F88031D4F857
:10DF9000403123F0030343F00103C4F84031D4F8C7
:10DFA000603123F0030343F00103C4F86031D4F877
:10DFB000403223F0030343F00103C4F84032D4F8A5
:10DFC000003223F0070343F00103C4F80032D4F811
:10DFD000083223F0070343F00103C4F80832D4F8F1
:10DFE000703223F0030343F00103C4F87032D4F815
:10DFF000203223F0070343F00103C4F82032FDF779
:10E00000A7F94FF0E022136943F004031361D4F839
:10E01000603223F0070343F00103C4F86032D4F800
:10E02000943223F0070343F00103C4F894323046DE
:10E030000AB070BDD3F85041E4B24FE7D3F8FC20EA
:10E0400022F08072C3F8FC20D4F8802022F0030272
:10E0500042F00102C4F88020D4F88020C4F8802067
:10E06000D3F8FC2042F08072C3F8FC2076E700BFB2
:10E0700078DF040834DF04080080E00FC017530283
:10E0800000B4C404C0EA21010080005000ED00E0AB
:10E0900007B5094B18689A889B7900906846ADF8D7
:10E0A00004208DF80630FDF73BFD0620FDF770FDDE
:10E0B000002003B05DF804FB5CDF040870B501F0DC
:10E0C000EBFE0446E8B901F071FF3BF0C7FC4FF4EA
:10E0D000167343430C4A03F5742303F23F23B3FB47
:10E0E000F2F30A490A480B600A230268094D0E68D8
:10E0F000013B45F8046B0E6813F0FF033244F6D180
:10E100000260204670BD00BF40420F0068520020F0
:10E11000385200203C520020012208B5034B1A70EF
:10E120003EF0A5FC024B186008BD00BF598F0020CF
:10E130003452002010B53BF091FC04463EF058FBF1
:10E14000844207D93EF09FFC20B10122024B1860A7
:10E15000024B1A7010BD00BF34520020598F0020AE
:10E16000F8B51F4C2378E3B13EF081FC1D4B1E4DEA
:10E170001B68C01A28602B68A3B12B682B603BF08A
:10E180006DFC4FF416725043184A00F5742000F2EB
:10E190003F20B0FBF2F02B682B68834204D90023A8
:10E1A0002370F8BD0123E9E71148124E037829686E
:10E1B00056F82320104F511A3A68521A29683A60CB
:10E1C00046F823100A210932B2FBF1F20B4D01335C
:10E1D000DBB22A60B3FBF1F201FB12330370DEE71E
:10E1E000598F0020345200206452002040420F001A
:10E1F0005A8F00203C5200203852002068520020E4
:10E20000014B1868704700BF6852002070B50221AA
:10E210002C2030F057FB4FF4801204250E4C0F4B8E
:10E220000F4E5A6604F500535E672C205D671E672B
:10E230001D6700F0B7F82C2000F098F804F5805323
:10E240005E675D67A36A23F00073A362A36A43F469
:10E250008053A36270BD00BF0040005A0090005080
:10E26000010000A0064B074A996D11F0050F01D07F
:10E27000117811B10028F7D170470120704700BF15
:10E280000040005A5B8F0020164B10B51C6F14F035
:10E29000040111D0144A1167082191629B6DDA07BD
:10E2A00001D4FFF747FF01F007FD01F0E7FC012073
:10E2B0003BF044FC3EF0E9FBE30706D501220A4BA4
:10E2C0001A67FFF74DFF01F0D9FC14F000521CBF94
:10E2D000054B1A67002CBEBF4FF00042024B1A6775
:10E2E00010BD00BF0040005A0060005A0028ACBFBB
:10E2F00000F16040064B4FEA0111C9B2ABBF00F517
:10E30000614000F00F0080F800131954704700BFFF
:10E3100014ED00E008B53EF055FA0A4B1A786AB9D8
:10E3200001221A703EF049FA6FF0040210460521EE
:10E330000132FFF7DBFF4C2AF8D108BDBDE80840E9
:10E340003EF03BBA5C8F002000280CDB012206491E
:10E35000430900F01F008240203341F82320BFF31F
:10E360004F8FBFF36F8F704700E100E0002807DB9D
:10E3700001234109034A00F01F00834042F8213085
:10E38000704700BF00E100E0054B421153F8223016
:10E3900000F01F0023FA00F0C04300F001007047B6
:10E3A00000E100E0002808DB01224309034900F0F6
:10E3B0001F008240603341F82320704700E100E0F5
:10E3C00073B53EF0F2F90D4D0D4B2E781C683EF002
:10E3D000E7F93EF02EFC38B1FF2E05D00020297859
:10E3E00001AA2EF0C0FD019C2CB93EF0DEF9054BD0
:10E3F0001C683EF0D5F9204602B070BD79A100201E
:10E400006C5200207052002010B504463EF0CDF949
:10E41000024B1C603EF0C4F9002010BD7052002079
:10E4200038B50C461546014610B9FFF7C9FF01463D
:10E430002B462246034810F055FE0028D4BF372053
:10E44000002038BD31E9030838B50446D0F824313E
:10E450001D68AB6C5906FCD5002394F82D111A46A3
:10E4600094F82C01FDF7B2FD002394F82F111A4601
:10E4700094F82E01FDF7AAFD94F83431DA0707D598
:10E48000002394F831111A4694F83001FDF79EFDEF
:10E4900094F834319B0707D5002394F833111A46BA
:10E4A00094F83201FDF792FD012205F500531A653B
:10E4B000042200211A652846094D2FF009FBD4F8E3
:10E4C000280130F0F2F9284604F59C712EF03FFD4A
:10E4D0002B6813B9034801F03DFB002038BD00BF95
:10E4E0007452002078520020012910B506D8084B3C
:10E4F0001C68A4F59C7414F59C7F00D110BDD4F861
:10E500002431052118682FF0E3FAD4F83841F0E7F8
:10E51000745200202DE9F04F1D4692F80F801368C9
:10E5200093B081468A4614461F680AAEB8F1000FC0
:10E5300000F0F280DFF81CC2BCE80F000FC69CE8B8
:10E540000F0086E80F0004AB18221846002136F0B1
:10E550006EFBA26803460C92227B012A00F0DF804A
:10E56000022A0CBF4FF440720022ADF83620627BC5
:10E570001193032A8CBF4FF480526C49A37B98BF40
:10E5800031F812204FF0010BADF838205A1E022A44
:10E5900088BF0023C8F102088DF810305FFA88F3B5
:10E5A000CDE90233624B52460193624B29460093F8
:10E5B0004846614B8DF816B000F0A4F906460028D5
:10E5C00040F0A68023695D48C5F82831237E85F890
:10E5D0002F31E37D85F82E31A37D85F82D31637DC4
:10E5E00085F82C31A37E85F83131637E85F8303192
:10E5F000237F85F83331E37E85F832312368C5F80F
:10E60000243130F04FF95B460422A17D607DFDF797
:10E61000DDFC5B46217E0222E07DFDF7D7FC85F81C
:10E620003461206930F03EF9E37B38460AA9002BBB
:10E6300078D02FF057FA95F8343143F0040385F879
:10E6400034311421227D3E4B03EB4210C0F8941468
:10E6500094F816C0617D253241EA0C41C0F8AC1433
:10E66000207EE17D03EB421341EA00415960A37B28
:10E6700003F0FD03012B0BD195F83431022243F056
:10E68000010385F83431A17E0023607EFDF79EFCF6
:10E69000A37B023B012B0BD895F83431042243F0C5
:10E6A000020385F83431217F0023E07EFDF78EFCE4
:10E6B00095F83431DB0717D5A17E627E237D42EACF
:10E6C000014241F29C415B0103F1A04303F5703329
:10E6D0005A5041F2944202219950217FE27E03F583
:10E6E000A55342EA01421A60164A07F50053DA645C
:10E6F000052138462FF0ECF9134B1B681BB9134961
:10E70000134801F015FA104805F59C712EF01BFC1A
:10E71000304613B0BDE8F08FDFF83CC00CE74FF493
:10E72000007222E72FF0E2F98BE700BFDCDF04087C
:10E7300049E4000855E9030871E9030880DF04088B
:10E7400000C00350FF3F0D0374520020249A0020A4
:10E7500078520020E4DF040804E00408034B02229E
:10E76000186800238068194611F0D2BCB09D0020C3
:10E770003021037A02464B4303F1A04303F5802383
:10E78000D86E07491B6F884208D113F0020006D0EB
:10E790005069536B1B1A584258417047002070470C
:10E7A0005D8F00207FB504460D4690F854603BF025
:10E7B000A9FC022817D1D5B1AEB9114B6846CDE9F5
:10E7C000003604F1B0030293202303933BF070FD65
:10E7D000C4F8AC00204630F05BF920B90121D4F830
:10E7E000AC003BF083FD84F8545004B070BD002EA3
:10E7F000F9D0D4F8AC003BF02DFEC4F8AC50F2E7F1
:10E8000024E0040810222DE9F04188B004460021DC
:10E810000DEB020036F00BFA4FF44473ADF81230F2
:10E82000344B207ACDE90533FAF798FA2046FFF702
:10E830009FFF0546207A25B1FAF7B0FA08B0BDE887
:10E84000F0810DF10B013AF027FB9DF80B70002FC2
:10E8500048D1204630F000F903A90646207A3AF064
:10E860003DFB039B3946013B9DB204F10C03102292
:10E8700018461F46D4F8048036F0D9F9E2681E4BDA
:10E88000C5F30A05134030222D0145F040751D43A4
:10E89000237AC4E90358534303F1A043666103F5A7
:10E8A00080231A6F217E520862F341012176196F8D
:10E8B000227E27F0030761F3000222761B6FA26914
:10E8C0009B0863F39F0247F00207A2610797236842
:10E8D0000A4904AA0B600094094B207AFAF718FA47
:10E8E000207AA9E79DF81C3065F341038DF81C30B0
:10E8F000EDE700BF5D8F00200F80FFFC80520020FD
:10E9000041EB03082DE9F0410C46154606468EB052
:10E910004FF49272002120461F4636F088F995E8A0
:10E920000300EB682A69E362C4E90C232A7D84E8CA
:10E93000030084F84420AA7DA364012384F84C30AA
:10E9400084F84D30149B84F84520E363159BA7633E
:10E9500023642B7A84F84E306B7A84F84F30484B1E
:10E9600034607360474BB360474B3361474B73610F
:10E97000474BF360FAF798F938B1464B984204D008
:10E98000102738460EB0BDE8F081002104F10800E0
:10E99000FAF712F907460028F2D13F4B4FF0010871
:10E9A00033623E4B73623E4B84F85480CDE90630AF
:10E9B00004F15C030893502306A809933BF066FD1D
:10E9C000384BA065CDE9063706A804F1D4030893B7
:10E9D0003BF05CFD344BC4F8D000CDE90A3704F1BC
:10E9E000B0030C9320230AA80D933BF061FC2F4B3E
:10E9F000C4F8AC00B3612E4B2046F3619DF85C3047
:10EA000084F8517084F853309DF8583084F8508061
:10EA100084F85230697D2FF0E9FF95F90900FFF77E
:10EA2000C1FC95F90900FFF7A1FCCDE90377029736
:10EA3000236BCDE900836368E26A2168207A2EF0B7
:10EA4000B4FA074600289BD13022237A4FF4801174
:10EA5000534342F2640203F1A04303F5802399502B
:10EA600095F90800FFF79EFC95F90800FFF77EFC7A
:10EA70003046FFF7C9FC2046FFF7C4FE81E700BF20
:10EA800095ED030863EB0308E1E90308E7E90308F0
:10EA9000ADEA0308038000F0A5E7000853EA030885
:10EAA0003BE0040845E0040824E00408EDE903081D
:10EAB0004DEA03082DE9FF4101271C465A4B0A9DE8
:10EAC00001935A4B904600930A46CDE902772946B6
:10EAD000574BFFF717FF0646002840F09C8023683D
:10EAE0003946C5F8243163683A20C5F82831637A7D
:10EAF00085F82D31237A85F82C31E37A85F82F318A
:10EB0000A37A85F82E31637B85F83131237B85F834
:10EB10003031E37B85F83331A37B85F83231FCF764
:10EB2000DFF93B460422617A207AFDF74FFA3B4633
:10EB30000222E17AA07AFDF749FA39466068FCF7CB
:10EB4000CFF988F8006041462068FDF79BFC14204F
:10EB5000617C384B01F1390252019850607A227A77
:10EB600003EB411342EA0042C3F83827E17AA27A64
:10EB700042EA0142C3F8302785F8346198F8193029
:10EB8000032B4ED8DFE803F0394B021C022385F833
:10EB9000343100230422E17BA07BFDF717FA022029
:10EBA000617C244B01F1B9025201985003EB4113EF
:10EBB00041F22C71E07BA27B42EA00425A501CE0F9
:10EBC000012785F8343102220023617B207BFDF789
:10EBD000FDF9617B227B637C42EA014241F22871AC
:10EBE0005B0103F1A04303F570335A5004222368FC
:10EBF00003F58053DA65002FCBD1237A0E4A85F8CE
:10EC00002C31637A052185F82D31206800F50053F9
:10EC10009A642FF028F8304604B0BDE8F081002750
:10EC2000CFE72326F7E700BFEBEE030877EF0308F3
:10EC300069EF030800C00350FFFF010008B501F0B1
:10EC40002BF918B16B2102483AF038FA002008BDC0
:10EC500050E0040808B500F00DFA0C4A536A43F47A
:10EC600070235362EFF308834FF0CD31084A043B21
:10EC7000934208D200F084FFFFF7E0FFBDE80840B0
:10EC80000448FDF719BD43F80419F1E700ED00E071
:10EC9000080000201C38050807B5042200200DEBF1
:10ECA000020136F0FCF8042803D0D82104483AF0D9
:10ECB00005FA019800F0A6FB03B05DF804FB00BF65
:10ECC00050E00408082310B50A0A41400648C9B2BA
:10ECD00001F00104490804B14140013B13F0FF0376
:10ECE000F6D181EA020010BD2083B8ED2DE9F8438A
:10ECF0000025134C134EDFF85480134FDFF850906B
:10ED000023780BB9BDE8F88322464146002056F827
:10ED1000043B2FF012FE227823460134002AFAD158
:10ED20005B7853B105F00303032B0CBF394649460A
:10ED300000202FF002FE0135E2E73946F8E700BF78
:10ED400044E90408009700201AE404089CE0040841
:10ED5000D60D050840F605226A4B2DE9F0411B88C7
:10ED600093420ED8B3F5206F0DD840F20252934271
:10ED700018D040F20172934220D040F201529342E7
:10ED80000AD0BDE8F081A3F602235F4C032B1ED806
:10ED9000DFE803F0376396B25C490020BDE8F0413C
:10EDA0002FF0CBBD00205A492FF0C7FD564B1A6CEF
:10EDB0000020BDE8F04157492FF0BFBD524A002066
:10EDC000D2E92523BDE8F04153492FF0B6BD00201C
:10EDD00052492FF0B2FD94F86C309E0703D5002005
:10EDE0004F492FF0AAFD94F86F305D0603D500203F
:10EDF0004C492FF0A2FD94F96F30002BC1DA4A493B
:10EE0000CBE7002049492FF098FD94F86830980727
:10EE100004D00020226C3F492FF08FFD94F9683018
:10EE2000002B04DA0020626F41492FF086FD002597
:10EE30000126404FDFF80881A26E06FA05F313425F
:10EE400007D057F8252013781BB1414600202FF03A
:10EE500074FD0135082DEFD193E7374900202FF0DD
:10EE60006CFD2C490020226C2FF067FD94F869306E
:10EE7000590703D5002031492FF05FFD94F969301F
:10EE8000002B04DA0020626F29492FF056FD082577
:10EE9000284E2B4FA36EEB40DA0707D556F82520F6
:10EEA00013781BB1394600202FF047FD0135102D96
:10EEB000F0D194F8680000287FF463AF21496DE732
:10EEC000214900202FF039FD0020226C11492FF03C
:10EED00034FD1025174E1A4FA36EEB40DB0707D504
:10EEE00056F8252013781BB1394600202FF025FD58
:10EEF00001351A2DF0D144E7002014492FF01DFDF3
:10EF0000226C55E76C86002000970020A6E00408DC
:10EF1000E4E0040815E1040830E104084CE10408C9
:10EF200065E10408A0E10408D4E1040811E2040842
:10EF300037E2040810EA04085EE2040876E20408F6
:10EF400055E20408BDE20408EEE2040808E3040800
:10EF50002DE9F04F3A4D85B0D5E90D32580748BF3D
:10EF60000026D5E9121B48BFB046D5F83CA05FBFCC
:10EF7000D5F850808B469246324E54BFDFF8E89069
:10EF8000DFF8E89013F0080F2F4B304A18BF1A46ED
:10EF9000B6EB08071FBF64237C0803FB0B44B4FBDC
:10EFA000F7F40CBF3C46A4B24B4629490020CDE9FA
:10EFB000016ACDF80080BFB22FF0BFFC23460020CD
:10EFC000CDE9009723491FFA8BF22FF0B6FCB2452A
:10EFD00001D8C24504D24A4600201F492FF0ADFC9B
:10EFE000D5E9170318436B6E184309D11B492FF05D
:10EFF000A4FC00201A4905B0BDE8F04F2FF09DBCDD
:10F00000002018492FF099FC002501270C4EDFF84D
:10F0100060800024F26D07FA04F3134204D04146E5
:10F0200000202A192FF089FC0134202CF2D1203540
:10F03000602D06F10406ECD100200949D7E700BF96
:10F0400000970020080400202AE3040831E30408A4
:10F0500039E304086BE30408A5E30408C4E30408E7
:10F060001BE40408DAE3040813DE04082B0F050888
:10F07000C5F4040838B5FDF715F904462EF064FD13
:10F08000E3072AD401221046114600FA01F3234077
:10F0900002F1010223D01D4B33F811301C48062B1E
:10F0A000028844881B4920D14FF20F039C4219D19A
:10F0B000B2F5406F28BF4FF4C0624CF23C330A8077
:10F0C000438040F201730A889A4201BF124B134AEF
:10F0D000D2E90001C3E9000115E00021DBE7102AB5
:10F0E000D2D1DBE74FF4C062E7E740F20725AB423D
:10F0F0000AD14FF20F05AC4206D19A4204D14CF22C
:10F100003C320B80428038BD0B80DAE724E90408EA
:10F110009C9700206C86002090520020949700203D
:10F12000014B1888704700BF6C860020014B18887F
:10F13000000A70476C860020044B05481B881A0A99
:10F14000B3F5406F38BF00EB820070476C8600203B
:10F15000F4E80408044B1888044B020A53F82230E0
:10F16000C0B203EB800070476C860020C4E804083E
:10F1700010B504463DF01DFB4FF20F02044B1C80FE
:10F180005A80BFF35F8FBDE810402FF099BB00BFDE
:10F190009C970020704A2DE9F041704B5668704CE6
:10F1A0005E65516A99656F49D1F80002D865D1F85A
:10F1B00004021866D1F808125966916A9966D16AF4
:10F1C000D966116B1967516B5967596BD26B11F086
:10F1D00004009A67644A5ED00820D96B1A6501F171
:10F1E0002005D8648869C6F308061864CF69062E1E
:10F1F0005F6460D15D4EB0425DD35D4EB0425AD285
:10F2000006884DF64260864255D11868C3F89400CE
:10F210005868C3F8980040F20170A242164604D222
:10F2200037680432B7F1CD3FF7D00022C3E91F227F
:10F23000C3E92122C3E92322A41BDFF830C1DFF890
:10F2400030E19C648D4239D8D3E91FC7D3E92165E9
:10F25000D3E923414FF0000E013AD2B2FF2A47D141
:10F26000BEF1000F05D0C3E91FC7C3E92165C3E99B
:10F270002341B3F85430C3F308030C2B46D8022BB8
:10F280005FD9DA1E092A5CD8DFE802F03C624B4EF7
:10F290005B5B5B5B5B58996BC3E91302914205D3DF
:10F2A00001F12000A04201D825469BE700212C4D0A
:10F2B000C3E910112C494FF42060AEE755F8044D16
:10F2C0006445BFD37445BDD2E607BBD50026294FA0
:10F2D00057F8048FA045B5D00136062EF8D12AB1D3
:10F2E000013AD2B203EB8206F467ABE70522F9E7F5
:10F2F000E0464FF0010EBC4637462E4625460C46EA
:10F300004146A9E740F60120BDE8F0813A2B18D12B
:10F31000194B9B6913F0020F40F2025318BF1846B5
:10F32000F2E740F60320EFE740F2017240F60423D3
:10F33000B0F5206F14BF10461846E5E740F60520EB
:10F34000E2E740F60722013B5A2B98BF1046DBE765
:10F3500040F60220D8E700BF00ED00E00097002053
:10F360000804002000E100E00800002030630008ED
:10F3700040D90408789700200040005B00F00CB8EA
:10F3800000F00AB800F008B800F006B800F004B8C1
:10F3900000F002B800F000B872B61EF0080F09D0F5
:10F3A0001EF0040F0DD0DFF850E0AEE8FF1F6FF045
:10F3B00002000CE0DFF840E0AEE8FF1F6FF00E0047
:10F3C00005E0DFF834E0AEE8FF1F6FF006006946A5
:10F3D000EFF309828EE8070086460848084C854509
:10F3E00001D3A54501D384F30888FFF7D3FE84F346
:10F3F0000888FFF7BDFE00000097002048000020AD
:10F40000080400204BF6EF6283B2002B08BF1346BE
:10F41000044A000C13804FF6CE2308BF1846024B57
:10F420001880704738A1002036A100200B4BB3F99B
:10F4300000201888002AB8BF80F0620042001A80BD
:10F44000074AB2F9001013880029BCBF83F4805327
:10F4500083F00B03590011805840704738A10020F9
:10F4600036A1002073B50024684600F0C1F90C4BAA
:10F4700000981C600B4B0C4D1C600C4E0C4B30600C
:10F4800018602C602FF048FE2046019B3268013B3B
:10F49000DB0853802B6801332B6002B070BD00BFC6
:10F4A0009C52002098520020A0520020A852002018
:10F4B000A45200202DE9F04F0E460027984689B04F
:10F4C000054606A81446059700F092F9731C14BF70
:10F4D000B3464FF0080BB8F1000F00F0BC80C8F83D
:10F4E0000070002D00F0B980079BAB4240F2B58060
:10F4F0003DF068F9073505AB25F007053146009367
:10F5000081463B462246284600F07CF9059E074688
:10F5100006B130B948463DF050F9192009B0BDE8B0
:10F52000F08FDFF84CA17388DAF80010DA00C0EB36
:10F53000C3030139272BCAF8001074D9002C50D10D
:10F54000854205F1080347D05946304602932FF013
:10F550005FFD0446029B0590059A02EB030B58469B
:10F560002FF0DAFD059905F10F034A88C3F3CF03A5
:10F57000D21AABF80220CA88ABF8043072B3D31A9F
:10F580009BB201EBC202ABF8063093808B88ED088A
:10F59000A380BBF804300022314658466580E380E2
:10F5A00000F0A8F9237843F001032370DAF8003063
:10F5B0000133CAF800302C4A4846136808343B44EB
:10F5C00013602A4A11688B4288BF13603DF0F5F83A
:10F5D0000020C8F80040A1E73446BDE7ABF806209C
:10F5E000D4E7F4182046029303922FF095FD029B76
:10F5F000F91DC90805986180D91DC908A180C18875
:10F6000079B1C900039ACD1DAA1A3A44C2F3CF02B8
:10F610000144E2808A80013BDB084380A388C380E9
:10F62000C0E7E180F7E7012C19D106F10803B3FB2D
:10F63000FBF20BFB1233A3B1594630462FF0E8FC26
:10F6400004462378012243F001033146204623700B
:10F6500000F050F9AFE7222060E721205EE7854205
:10F66000EAD13446EDE700BF9C52002098520020BA
:10F67000A05200202DE9F3470446684600F0B8F890
:10F68000002C00F0AB803DF09DF814F8086CF307F7
:10F6900004D534F806ECBEF1000F05D13DF08DF82D
:10F6A000012002B0BDE8F0874D494E4D0A68D5F8FB
:10F6B0000080A2EBCE020A6034F8041C0EF10103B4
:10F6C00008F10102A4F1080C9BB22A60B9B3ACEBBB
:10F6D000C10292F800A0B2F806901AF0010F578804
:10F6E00006F002061FD1FEB9A9EB0701012926D8B1
:10F6F0000EF102031F44BBB2C5F8008034F8026C5F
:10F70000FEB9013B9BB214F8081C6FF3000104F82A
:10F71000081C002124F8061C53801378D18061F363
:10F720000003137031E056B119448BB214F8081C71
:10F730006FF3410104F8081C00219180DEE7624666
:10F74000DCE70CEBC608DDE900710F44B845D8D200
:10F750001CF83670414617F001072AD0013B9BB2D6
:10F7600014F8085C6FF3000504F8085C002524F821
:10F77000065C5380137865F300031370C2F107032E
:10F780000B44C3F3CF03D3808B8017490B681BB1A5
:10F79000934201D85B8803B90A6014490B681BB116
:10F7A000934201D35B8803B90A603DF006F800205C
:10F7B00077E7A6EB0E06012ED0D8B8F80260A8F8BD
:10F7C00002703344B8F806702E689BB2013E1FB138
:10F7D00008EBC7012E60C3E72E6094E7222060E7A4
:10F7E0009C520020A0520020A8520020A4520020C9
:10F7F0000249034A0160521A4260704710A2002079
:10F8000000000420F0B506460020059F4C1C08BFF0
:10F8100008213860BAB91F480568002D38D0B5F8FE
:10F8200002E0DB0003EBCE0EC1F1000C2878C0072C
:10F830000BD52ABBE888B0B105EBC005B5F802E0EE
:10F8400003EBCE0EF2E71448E6E7B645F1D35AB91A
:10F8500005F10804B4FBF1F001FB1044A0190CB150
:10F860007045E7D83D60F0BD08290FD06C880134A1
:10F8700005EBC404A01B00EA0C00201A8645F1D257
:10F88000A8880028EFD0A5EBC005D7E73046E9E708
:10F890002846E8E7A8520020A4520020134B13B5D5
:10F8A0001B6804460846FBB121B96846FFF7A0FF74
:10F8B0006CB900980378D90707D55CB9C3889BB1A8
:10F8C00000EBC3000378DA07F8D402B010BD084B90
:10F8D0001868EFE7012C07D183882BB1A0EBC30098
:10F8E0000378DB07F8D4F0E70020EEE7A052002011
:10F8F000A4520020F8B5154F05460C463B68144E3F
:10F90000B2B1994209D041B13368994204D1294634
:10F910000120FFF7C3FF3060F8BD29460020FFF744
:10F92000BDFF33683860A342F1D0002CEFD0F3E77D
:10F93000994205D13D603368A34204D13560EBE7BD
:10F940009842F7D3F7E7AB42F8D3E5E7A852002097
:10F95000A4520020BFF35F8F074B5A6A22F4803213
:10F960005A62D3F8942022F00102C3F89420BFF326
:10F970004F8FBFF36F8F704700ED00E038B5FFF792
:10F98000E9FF284A2848D2F8C030284D23F0FF0369
:10F9900043F0A003C2F8C030254B04689D4204F137
:10F9A00001011ED1234BC2F89840C2F89C3003F5E8
:10F9B0007F3303F2FE33C2F8A0300160BFF35F8FE4
:10F9C0000522184BC3F894205A6A42F480325A62D6
:10F9D000BFF34F8FBFF36F8FBFF34F8FBFF36F8FA7
:10F9E00038BD23F01F03203BB3F1005F09D3C2F8F9
:10F9F0009840104C43F00103C2F89C40C2F8A0307C
:10FA000001600D4B0168074A23F01F0343F0030315
:10FA1000C2F89810C2F89C30084B0131C2F8A030EF
:10FA2000CBE700BF00ED00E0AC5200206099002061
:10FA3000A0970020030000207F990020E1FF032011
:10FA40002DE9F0410D461146DFF8E080D8F800407E
:10FA5000B4F5807F34BF00271A27FFF77BFF1F29EB
:10FA60002ED90021C2061CBF20F01F0020302E4ED0
:10FA7000EB0618BF25F01F05CBB29C4235D8D6F84F
:10FA8000C03020F01F0023F47F4343F48073C6F896
:10FA9000C03040F003043CF095FED8F8003025F06B
:10FAA0001F0141F00301C6F89830C6F89C40C6F823
:10FAB000A0103CF082FED8F800300133C8F80030C6
:10FAC000BFF35F8F0522184BC3F894205A6A42F4A3
:10FAD00080325A62BFF34F8FBFF36F8FBFF34F8FE8
:10FAE000BFF36F8F3846BDE8F081C6F89830D6F87E
:10FAF0009C30D6F8A02023F01F03984222F01F026A
:10FB000001D195420BD0904201D89D4209D2D6F83E
:10FB10009830013123F0FF03C6F89830ACE7002796
:10FB2000CEE72827CCE700BF00ED00E0AC52002074
:10FB300038B5416004463CF038FE0546214604488D
:10FB40002DF001FA2846BDE838403CF029BE00BF40
:10FB5000B052002038B505463CF027FE0446294641
:10FB600003482DF0F4F92046BDE838403CF018BEBB
:10FB7000B052002001482DF0E3B900BFB052002080
:10FB80000222014B1A6770470040005070B53CF0EC
:10FB90000CFE184E054618482EF084FE3378DBB96B
:10FBA00000F07AF9044620B128463CF0F9FD2046E1
:10FBB00070BD00F0E1F9FFF7DDFF3AF059F80F4BA7
:10FBC0001C6039F04BFF0E4B0E4A1860536F43F028
:10FBD000010353672FF0AAFA00F0A2F82FF0BCFA45
:10FBE000094B002418600123284633703CF0D8FDEF
:10FBF000DDE700BF6B8F002080DF0408B4520020D7
:10FC0000DC52002000400050B852002038B50446B5
:10FC10003CF0CBFD0F4D02462B78FF2B04D1B4B145
:10FC2000BDE838403CF0BCBD1BB9002CF8D0012128
:10FC300003E0002C0CBFFF2101210B44DBB22B7031
:10FC4000B3FA83F304495B0910460B70E8E71946E1
:10FC5000F3E700BF678F0020668F0020054B1B680D
:10FC60005843054B00F5742000F23F20B0FBF3F041
:10FC7000704700BFDC52002040420F0010B5094B16
:10FC80001B786BB1084C237853B139F0D7FC0023B3
:10FC9000064A237013700123054A1370054A137036
:10FCA00010BD00BF6A8F0020648F0020638F00208A
:10FCB0005F8F00205E8F0020034B1B7813B1012261
:10FCC000024B1A70704700BF6A8F0020648F0020BB
:10FCD00073B5114E0446337883420FD04FF400734E
:10FCE0000E4DADF8043058B101A8FBF703FE4020DB
:10FCF000FFF7B4FF2B68181A2860347002B070BD8B
:10FD00008DF8050001A8FBF7F5FD4020FFF7A6FFE1
:10FD10002B681844F0E700BF7AA10020E0520020D1
:10FD200073B5002401A88DF80440FBF799FE204626
:10FD3000FFF7CEFF364B37491A6F374802F00702FC
:10FD40000A60D3F80011354D01F0030101604FF452
:10FD500080103349032A48664FF40030486601F5A5
:10FD6000983189692F4A01F00200C1F340012970DE
:10FD70002D4D15D0D3F8201101F0070102290FD025
:10FD8000D3F8281101F00701022909D0147080BBB3
:10FD90001F20FFF763FF2B6803442B6002B070BD88
:10FDA000012313700028F3D0194BD3F8003103F06E
:10FDB0000303022B26D0032B27D0012BE8D138F0E8
:10FDC000F3FF02460028E3D0184B194EDC680023ED
:10FDD0001946C4F30B04013404EB84040138E4FB3A
:10FDE00006010FF0E3FFFFF739FF2B6803442B6098
:10FDF000CEE7D3F8003103F00303591E4B424B41C9
:10FE00001370D1E739F022F8DBE738F0D3FFD8E7F9
:10FE100000800050E4520020E85200206E8F002045
:10FE2000009000506F8F0020E052002000C0015071
:10FE300040420F000122114B10B55A67104B114C74
:10FE40001B78A3B102203CF022FE80B139F060FEA5
:10FE500068B1A36DD90302D5E36D9A0703D4094BAA
:10FE60009B6DDB0704D54FF48032044B9A6210BDC2
:10FE70000122054B1A70FEF74FF9F4E70050005AC3
:10FE80006F8F00200040005A6C8F00200122014B30
:10FE90001A7070476F8F002070B53CF093FC144EC1
:10FEA00005463478FCB9134B1C60134B1C60134B94
:10FEB0001C6000F02BF801203CF0FEFD39F024FF1F
:10FEC0000F4B0246186020B928463CF076FC2320F0
:10FED00070BD234640F2E7310A480FF067FF0A4B36
:10FEE00018600123337028463CF067FC0020EFE7E0
:10FEF000728F0020FC520020F85200200453002092
:10FF00000053002018FCFFFFF452002010B501231D
:10FF1000002486B01648CDE903448DF80440ADF8BE
:10FF200008308DF80A4005942EF0BCFCBFF34F8FCB
:10FF300001A8FCF795FB204602A98DF80840FCF7C4
:10FF40009FFB20460F2139F007F80F21204639F09A
:10FF500009F8FCF76BFB38F0EFFF064B43209C6180
:10FF6000FEF720FA4320FEF701FA06B010BD00BFED
:10FF700078DF040800800A5008B50A482EF092FC89
:10FF800040F6015200210120FCF76EF94FF4967201
:10FF9000002101202DF0CCFD034A936C43F48073C3
:10FFA000936408BD7CDF040800800A5008B5094846
:10FFB0002EF078FC40F6016200210220FCF754F993
:10FFC0004FF49272002102202DF0B2FD024B9A6C88
:10FFD0009A6408BD7CDF040800800A5041282DE99E
:10FFE000F341054604D82C46204602B0BDE8F08116
:10FFF00000240B4E0B4FDFF830800023CDF800803B
:020000040801F1
:100000001A46194638682DF0EEFA8442EBD2422C9B
:10001000E9D056F8043BAB42E6D00134EDE700BF2F
:1000200074EF0408189A0020FFFF0F002DE9F04F2D
:10003000644E654D89B02FF0D7F831682868FAF71B
:1000400025F80446002827D033680024D3E90001AE
:100050009A6912689047336804A89B699B6898471F
:10006000336802209B69DB689847326805985368BB
:10007000E7B2B3FBF0F3BB42916904F101044ED83F
:10008000CB680020984733689B695B689847316864
:100090002868F9F7FBFF04460027DFF844A1DFF8E2
:1000A0004481DFF84491F4B9484B2868DB5D002BAC
:1000B00000F08380D8F8006002AB314603AAFAF75B
:1000C0002DFA2D2807D070B9039B012B0BD0314698
:1000D0002868FAF75FFADAF8003031461A682868BB
:1000E000FAF768F904460137422F0AF1040A08F1C9
:1000F000040809F10109D6D1B4FA84F3344A5B0942
:1001000013702B681B7C33B12FF03AF818B1D6214D
:10011000304838F0D3FF204609B0BDE8F08F1268B0
:100120000B6907FB002098479FE7D8F8003003AA27
:10013000194402AB0191FAF7F1F92D280346019910
:100140002BD0286813B30BF1010B5FFA8BF1B1428E
:100150002868EAD3204BDB5D002BC4D0F3B27E2BA2
:100160002868C0D8D8F8003003AA06EB030B59461C
:1001700002ABFAF7D3F92D28B5D059462868FAF71B
:1001800009FA013604460028E8D0ACE7039B7BB9A6
:1001900099F80020029B9A42D5D099F80030DAF8FD
:1001A00000202868FAF73CF80028CCD00446D1E7B4
:1001B0000191FAF7EFF90199EFE7084BA346DE5DED
:1001C000C3E700BFF8990020189A002030EF040818
:1001D000748F00207CF00408EEEE04086AEE040838
:1001E00084EA040874EF0408ACEE0408F7B51F466F
:1001F000224B0C461B78164683B100F47023B3F5EE
:10020000702F0BD10B4601461D4800970068FAF786
:100210008BF8044640B32EF0B2FF26E0FFF7DEFE77
:100220004128054618D8174B1B78EBB1144B1868BA
:10023000154B53F82510154B5B5D1BB13246FAF791
:10024000FDF8E6E77F2C08BF00243B46324651FA12
:1002500084F1FAF729F8DCE7FF2809D981B23B4697
:100260003046E2B23CF0B0FB0024204603B0F0BDC3
:100270004FF48D71064838F021FFF5E7738F0020A9
:10028000189A0020748F002074EF040830EF0408DF
:100290007CF004082DE9F0419846254B04461B7874
:1002A0000E46174623B100F47023B3F5702F2ED0FD
:1002B0002046FFF793FE4128054607D81D4B53F80B
:1002C00020408CB900242046BDE8F081FF2805D9E4
:1002D0004246394680B22EF099FEF3E740F24B11C8
:1002E000154838F0EBFEEDE7144B1B78002BE9D0F6
:1002F000134B1868134B5B5D6BB121463A68FAF7F4
:1003000059F804460028DDD02EF039FFDBE70B4B0F
:100310001B78002BD6D07F2E08BF00260848434606
:100320003A4654FA86F10068F9F77AFFE9E700BF28
:10033000738F002074EF04087CF00408748F002091
:10034000189A002030EF040810B5FFF747FE0A4B5B
:100350001B7813B90024204610BD084B002253F827
:100360002010074B1868FAF79DF804460028F1D0D2
:100370002EF005FFEFE700BF748F002074EF040834
:10038000189A002008B552082EF0FCFE30B1BDE8E6
:1003900008404FF49671024838F090BE08BD00BF87
:1003A000D8F004082DE9F7430646F0070F46154636
:1003B00004D54FF4EB71434838F080FEE90704D5CB
:1003C00040F2D7113F4838F079FE3F4B1C78B4B16A
:1003D00043F260239E4208D12A4639463B4834F016
:1003E00031FC002003B0BDE8F0832B463A467F2164
:1003F00046F4702003B0BDE8F043FFF74BBF06F4AE
:100400007043B3F5805F3FD1C6F30B06304A06F167
:100410007E646B1E2344934230D82646DFF8A490B6
:1004200006EB0508464543D1A2070ED04FF6FF73F1
:1004300037F8022BA01E43EA024304220DEB02010F
:100440000193FFF79FFF0234023DAB070ED0023D40
:1004500025F00103FB5A04226FEA03436FEA1343BA
:100460000DEB020160190193FFF78CFF002DB8D04E
:100470002A4639462046FFF785FFB2E74FF4F6716A
:10048000104838F01BFEC8E706F46043B3F5005F80
:1004900006D1C6F30B0606F1016404F5FC24BCE7A3
:1004A0004FF4FB71074838F009FE6FF00F06B5E70F
:1004B00016F8013BFF2BB5D040F20121484638F039
:1004C000FDFDAFE7D8F00408738F00203AA10020AB
:1004D000FF03E00F836970B513F00106044603F0D3
:1004E000020509D1EDB9C3695BB318F0D7F820460E
:1004F000E369BDE8704018471DB1A3211A4838F0E0
:10050000DDFDA069C0F3810031F0BDFBE3691BB9DB
:10051000AB21154838F0D2FD204618F0BFF84DB990
:1005200016E0C3F3072031F0BFFBE369B3B1204607
:1005300018F0B4F8E369607E9847BDE8704031F088
:10054000A7BB0948AB2138F0B9FD204618F0A6F842
:100550002046E3699847002EEFD170BDAB210248D9
:1005600038F0ACFDE3E700BF3EF1040808B518F031
:1005700087FC28B1BDE808404421024838F09EBD00
:1005800008BD00BF3EF104082DE9F84FFF2B0446DB
:10059000884691461D464FF000069DF82870DFF80A
:1005A0005CB0DFF85CA012D1C0E900BAC0E9066215
:1005B00006618660C160FF2F07D0A36943F0020384
:1005C00023F47F4343EA0723A361BDE8F88FFF2F9D
:1005D00003D0C621084838F071FDAD0045F0010593
:1005E000EDB2C4E900BA2661A660C4F81C90C4F854
:1005F0000C80A561DFE700BF3EF104080C5300202A
:10060000D5040108002310B5054C03610460054CB6
:10061000C261C0E901430123C160836110BD00BF15
:100620000C530020D5040108826938B502F002039A
:10063000D20704460D4620D553B9FF2921D1A3691D
:1006400013F00C0F17D0FC21104838F037FD12E0E2
:10065000ED210E4838F032FDFF2DF0D0284630F065
:1006600076FAFF28054603D1F521084838F026FD23
:100670002DB204EB4514204638BDFF29FBD0002BDA
:10068000ECD1F221014838F019FDE7E73EF104080A
:10069000014835F01FBC00BF0C530020014835F065
:1006A00025BC00BF0C53002013B51B4835F0ECFBF4
:1006B0001A4839F0EBFE1A4B186018B95C2119483A
:1006C00038F0FCFC2BF00EFA34F059F834F078F8DE
:1006D00034F082F8FEF724FD0446FEF73BFD234686
:1006E000114A01210090042001F0C4FAFEF71EFD1A
:1006F000012340F2A172834013420BD00020FEF789
:1007000027FC0020FEF726FB002002B0BDE81040C9
:10071000FEF7ECBA02B010BD0C530020D4F104086F
:10072000085300203EF1040896F1040883B5FFF752
:10073000BBFF194E194F1A4D0AF0C8FB2EF083FD6E
:1007400001220021306801ABF7F798FDE0B10AF013
:10075000D1FB00F0B1F8431C044609D03CF066FA26
:100760004443B4F57A7FE7D34FF47A73B4FBF3F4E0
:100770002146386839F0C6FF04300128DCD8CA2188
:10078000284638F09BFCD7E701980CF091F901A8B6
:100790002CF061FBD4E700BF1C53002070530020F5
:1007A000E4F1040808B5144A144B00211360144BFB
:1007B000144813614FF4FA635361134B5160936013
:1007C0006023D3603023D161936139F01FFD18B9E4
:1007D0006A210E4838F072FC002102200C4A39F0E0
:1007E00039FF0C4B186028B9BDE808406F21074855
:1007F00038F064BC08BD00BF7453002049F20408FF
:10080000580400202D07010898530020E4F1040843
:10081000309A002070530020022808B503D13CF024
:10082000CCF8014B186008BDF853002008B510F053
:100830006BF80120064B18703CF07CF902203CF06C
:1008400079F9BDE8084003490348FFF771B900BFD3
:10085000768F0020409A0020FC53002038B50C4BC6
:100860001D789DB130F09FF8041FE4B2012C94BFB5
:100870000024012402284FF0000008BF002431F0BA
:1008800002FA10B931F004FA04B90025284638BD3F
:100890007DA1002008B5074B1B780BB1002008BDD7
:1008A000FFF7DCFF0028F9D108F03CFA023818BF46
:1008B0000120F4E7758F002070B5FFF7EBFF184DAE
:1008C00020B1FFF7E5FE0428044614D82B7823B99D
:1008D00001203CF02FF901232B702EF0BFFC0446C1
:1008E000D8B12B781BB9E9210E4838F0E7FBBDE8F9
:1008F0007040FFF7CDBE2EF0B3FC0028E6D02B7879
:100900005BB13BF052FF06460021012038F084FC29
:1009100030463BF045FF00232B70204670BD00BFE2
:10092000768F002076F2040880B5FFF71FFE184D81
:10093000184E194F2EF059FC286839F039FDC207BE
:100940000AD53B68306898470121286839F002FDD4
:100950000221286839F0CAFC00F0E8F8431C04467C
:1009600009D03CF063F94443B4F57A7FE2D34FF405
:100970007A73B4FBF3F4094B2146186839F0C2FED0
:1009800004300128D6D8FE21054838F097FBD1E77E
:100990000C5500200454002008540020605400200E
:1009A000D1F20408274A284B10B51360274B0021C9
:1009B00013614FF42F635361254B264893606023E6
:1009C000D360312351609361D16139F01FFC224B18
:1009D000186018B97521214838F070FB00210220F9
:1009E0001F4A39F037FE1F4B186018B97A211B488F
:1009F00038F064FB1C4839F049FD1C4B18601B683B
:100A00001BB98021154838F059FB194839F050FCC2
:100A1000184B186018B98421104838F04FFB164C59
:100A2000164A02211648F7F7BBFB214664202CF03A
:100A30007CFA22684FF0FF31BDE810400220F7F742
:100A4000DBBB00BF645400202EF30408280C0020F8
:100A50008854002029090108E8540020D1F2040834
:100A6000489A00206054002078F304080C540020B9
:100A7000589A00200C5500201C53002035FA03081A
:100A8000306A00202DE9F04106460D463CF0D1F8D1
:100A9000164B1B68834204D128463346BDE8F0411B
:100AA0001847134F4FF0FF31386839F039FD0446CD
:100AB000D0B9104B01211E600F4B1D600F4D2868EF
:100AC00039F014FC39F05CFA22464FF0FF33022172
:100AD000286839F087FC2868022139F03BFC386827
:100AE000BDE8F04139F04CBDBDE8F081E85400208C
:100AF0000C54002008540020045400200C55002001
:100B0000012008B5064B18703CF035F802203CF087
:100B100032F8BDE8084003490348FFF709B800BFB1
:100B2000778F0020689A00201055002070B518F0CB
:100B30002FFA10F0070F174D09D02B781BB90120A1
:100B400028703CF018F8BDE8704017F007BF124C51
:100B50002378032BF1D918F01BFA10B92378032B53
:100B600014D817F0FBFE04460028E6D02B785BB1C2
:100B700000262E703BF019FE05463146012038F064
:100B80004BFB28463BF00CFE204670BD4FF0FF3477
:100B9000ECE700BF778F00205995002010B5094C75
:100BA0000949002009F02CF923681B68587930F0B6
:100BB00038FD23681B6858792EF03FFF04F036FE9D
:100BC000002010BD4466002088F3040808B5FF210A
:100BD00006482EF022FBFF2105482EF01EFBBDE843
:100BE0000840FF2103482EF018BB00BF58550020D5
:100BF00038550020185500207FB50D4606210646C1
:100C000014462FF0C2FF08B301230F2200934FF4C4
:100C1000407130460DF10E0330F0C3FE024630B194
:100C20000020154909F0ECF800238DF80E3001235F
:100C300000220093062130460DF10F0330F0B1FE83
:100C4000024630B100200D4909F0DAF8012004B065
:100C500070BD9DF80F30002BF8D1FF2D06D1FF2C71
:100C600006D19DF80E0000F00100F0E7EB07F8D583
:100C700004F00100EBE700BFABF30408D4F3040871
:100C80001FB52123ADF80E10009302224FF44071DE
:100C90000DF10E0330F053FE18B1FF21024838F079
:100CA0000DFA05B05DF804FBFBF304087FB5234C97
:100CB0002046A67B2EF00CFF054621482EF008FFAB
:100CC0000DB9002834D0FFF781FF63880322ADF807
:100CD0000E30212300934FF44071A07B0DF10E03E1
:100CE00030F02DFE20B14FF49771164838F0E6F938
:100CF000134D04226B884FF44071ADF80E30212360
:100D00000093A07B0DF10E0330F019FE20B14FF4DB
:100D10009C710C4838F0D2F900206B8862880A492F
:100D200009F06EF8304604B0BDE870402EF090BE79
:100D30006422FF2105482EF05FFAC6E79E86002058
:100D40008E860020FBF3040865F404083855002063
:100D500030B5164C85B02046A57B2EF0B9FEF8B113
:100D6000FFF734FF63880722ADF80E30212300938C
:100D70004FF44071A07B0DF10E0330F0E0FD20B187
:100D80004FF4A1710A4838F099F9002062880949A6
:100D900009F036F8284605B0BDE830402EF059BEBF
:100DA0006422FF2104482EF027FADBE77E8600202C
:100DB000FBF304087BF40408585500201FB50123F9
:100DC000002200934FF440710DF10F0330F0E9FD64
:100DD00020B140F28631044838F070F99DF80F00D8
:100DE00005B05DF804FB00BFFBF304081FB5012349
:100DF000082200934FF440710DF10F0330F0D1FD44
:100E000018B19821034838F059F99DF80F0005B042
:100E10005DF804FBFBF304087FB50E460546FFF7BB
:100E2000E5FFB042044644D0202344F2010200937F
:100E30004FF4407128460DF10F038DF80F6030F02C
:100E40007EFD20B140F209111B4838F037F920230C
:100E5000082200934FF4407128460DF10F0330F043
:100E60006EFD20B14FF48871134838F027F904EB78
:100E70000613DBB2122B16D00BD8022B13D0102B7B
:100E80000BD0012B15D1284604B0BDE870402EF0E0
:100E9000DFBD202B01D0212BF4E7284604B0BDE8AC
:100EA00070402EF0D4BD284604B0BDE870402EF04E
:100EB000D0BD04B070BD00BFFBF304081FB5012214
:100EC0004FF4407100920DF10F0330F06AFD20B134
:100ED0004FF46571034838F0F1F89DF80F0005B044
:100EE0005DF804FBFBF3040870B50026074D0446CB
:100EF000AE80FFF763FF2C726870054D2046EE80D0
:100F0000FFF7DCFFAC73688070BD00BFAE860020C9
:100F10006E8600201FB50223032200934FF4407118
:100F20000DF10E0330F03DFD20B140F28E4104483A
:100F300038F0C4F8BDF80E0005B05DF804FB00BF42
:100F4000FBF304081FB50223042200934FF4407101
:100F50000DF10E0330F025FD20B140F29C41044814
:100F600038F0ACF8BDF80E0005B05DF804FB00BF2A
:100F7000FBF304081FB50223072200934FF44071CE
:100F80000DF10E0330F00DFD18B1A621034838F025
:100F900095F8BDF80E0005B05DF804FBFBF30408FE
:100FA0002DE9F843914605460C462EF068FD0746AC
:100FB00028462EF078FDB9F1010F064638BF4FF0F4
:100FC0000109FFF703FE02212846FFF725FFBC4277
:100FD00038BF3C46A4B2B442284628BF3446FFF787
:100FE000C9FFDFF83C80A4B2A8F800002846FFF74C
:100FF000C1FF88F80E50A8F80200A8F80440A8F82D
:101000000690A8F80890A8F80A70A8F80C60642266
:10101000BDE8F843FF2101482EF0EEB858550020F6
:101020007E8600207FB5534CA188257A31B30139E3
:10103000A37A89B2A18013B92846FFF721FEA378CD
:1010400062789A4217D0617A18462278002950D0E7
:1010500093422CBF194603F1FE01891AA288C9B236
:101060004A43E188B2FBF1F2D2B2934238BF03F1B6
:10107000FE00801A6070A288002A4DD03E482EF0F3
:1010800027FD002870D0FFF7A1FD637800228DF8BE
:101090000F30202300934FF44071207A0DF10F039D
:1010A00030F04DFC20B14FF48D71344838F006F823
:1010B000314E012273884FF440718DF80F30202398
:1010C0000093B07B0DF10F0330F039FC20B14FF4E9
:1010D00092712A4837F0F2FF0095002073886278F9
:1010E000274908F08DFE284604B0BDE870402EF078
:1010F000AEBC934284BFFE3292B2D21AD1B2A28861
:101100004A43E188B2FBF1F253FA82F2FE2A84BF2D
:10111000FE3A92B26270AEE7A27A0AB3607A1A46D9
:10112000217888B18B422CBF1A4603F1FE02521A75
:1011300053FA82F2FE2A01D9FE3A92B223700A23B0
:10114000D2B2A270A38099E78B4284BFFE3189B2EC
:10115000C91AC9B28B4238BF03F1FE02521AEDE739
:1011600005482EF0B5FC8EE76422FF2105482EF0DD
:1011700043F88AE7AE8600206E860020FBF3040861
:1011800090F404081855002013B5FF2400212346CD
:101190000A4A0B480094FFF7F7F923460021094A51
:1011A00009480094FFF7F0F923460021074A084850
:1011B0000094FFF7E9F902B010BD00BF510D01081E
:1011C00058550020AD0C01083855002025100108A5
:1011D00018550020354B2DE9F7431B6806461B6860
:1011E0005C792046FFF7EAFD6946054630460EF079
:1011F00025F9002858D19DF800909DF80180B9F19B
:10120000FF0F51D0B8F1FF0F4ED020469DF80520BA
:101210009DF80410BDF80260FFF7EEFC18B900203D
:1012200003B0BDE8F0834D4537D2A9EB05077E2F0B
:10123000CCBF00270127012E38BF0126FFF7C6FCCF
:1012400000212046FFF7E8FD2046FFF74DFE184B32
:1012500020465F7200271D705D7083F802909E80AB
:10126000DE801C729F72FFF729FE124D28802046F7
:10127000FFF724FEFE23314668802046A5F804804F
:10128000EE802E81AC736F81AB81FFF7F9FC642295
:10129000FF2109482DF0B0FFC1E7A5EB09077F2F1B
:1012A000D4BF00270127C6E78020B9E744660020A5
:1012B000AE8600206E860020185500202DE9F341EF
:1012C000304B01A91B681B685C790DF0FDFF0546DA
:1012D00018B1802002B0BDE8F08120469DF80720BB
:1012E0009DF806109DF804809DF80570FFF784FCBA
:1012F0000646002836D0FFF769FCB8F1000F31D060
:1013000029462046FFF788FD2046FFF7EDFD2046E1
:10131000FFF754FD1C4D28702046FFF74FFDB8F134
:10132000010F687020D12046FFF748FD3B189BB2A3
:10133000FE2B84BFFE3B9BB2DBB2AB700A23AB80BB
:10134000EB8001234FF6FF712046AB726E722C7258
:10135000FFF796FC00220D4BFF21DA800C48642237
:101360002DF04AFF0020B5E7B8F1030FB1D12046B8
:10137000FFF724FDB8423CBFFE3080B2C31B0026FD
:10138000DBB2DAE744660020AE8600206E860020DD
:10139000185500202DE9F341264B01A91B681B6855
:1013A0005D790DF097FF0646002840D128469DF84C
:1013B00007209DF806109DF804809DF80570FFF742
:1013C0001BFC80B3FFF702FCB8F1000F2BD057B322
:1013D00031462846FFF720FD2846FFF785FD164BCE
:1013E00028469E80FFF76AFD144C20802846FFF7B0
:1013F00065FDB8F1010F14BF0023FE23394660805C
:101400002046A3802EF026FBFE230146E0802081AB
:101410002846A5736681A381FFF732FC6422FF2171
:1014200007482DF0E9FE002002B0BDE8F0818020E1
:10143000FAE700BF44660020AE8600206E860020DA
:10144000185500202DE9F341324B69461B681B6893
:101450005D790DF0D5FF002859D128469DF805206B
:101460009DF804109DF800709DF80140BDF80280C1
:10147000FFF7C2FB18B9002002B0BDE8F081284692
:10148000FFF79CFCFF2F42D0032C40D8DFE804F08C
:10149000323902030124B8F1010F38BF4FF00108BF
:1014A000FFF794FB00212846FFF7B6FC2846FFF71C
:1014B0001BFD2846FFF782FC174E30702846FFF7C9
:1014C0007DFC631E5C425C410023144A41467070FF
:1014D0002846D380B770A6F80480A6F80680357237
:1014E0007472B372FFF7CCFB6422FF210C482DF01D
:1014F00083FEC0E7C01B10F0800F0CBF0324012443
:10150000C9E7C01B10F0800F18BF0324C3E7802079
:10151000B2E700BF44660020AE8600206E86002041
:10152000185500202DE9F341234B69461B681B68C1
:101530005D790DF077FF064618B1802002B0BDE856
:10154000F08128469DF805209DF804109DF8008044
:10155000BDF80270FFF750FB08B90020EEE7012F3D
:1015600038BF0127B8F1FF0FE7D0FFF72FFB314657
:101570002846FFF751FC2846FFF7B6FC0F4B2846DC
:101580009E80FFF79BFC0E4C20802846FFF796FCC0
:10159000FE23394660802846A4F80480E78027812E
:1015A000A5736681A381FFF76BFB6422FF210548C9
:1015B0002DF022FED1E700BF44660020AE86002059
:1015C0006E860020185500202DE9F3472E4B694602
:1015D0001B681B685C790DF08FFE8046002851D196
:1015E00020469DF804209DF803109DF800A09DF86A
:1015F00001909DF80250FFF7FFFA0746002833D00C
:101600002046FFF7DBFB0646FFF7E0FABAF1000FD2
:101610002AD041462046FFF7FFFB2046FFF764FC37
:10162000BAF1010F334623D106EB09039BB2FE2B1F
:1016300084BFFE3B9BB2DBB2144A012D2946937056
:1016400038BF01210023D1809180167056705772E7
:10165000147293720E4A2046D380FFF711FB642266
:10166000FF210C482DF0C8FD002002B0BDE8F08736
:10167000B14584BF06F1FE039BB2A3EB090300272B
:10168000DBB2D9E78120F0E744660020AE86002077
:101690006E860020185500202DE9F743294B694636
:1016A0001B681B685F790DF02DFE0446002846D1AB
:1016B0009DF80280384641469DF804209DF8009030
:1016C0009DF80160FFF798FA80B33846FFF7F6FB04
:1016D0000546FFF77BFAB9F1000F27D021463846BF
:1016E000FFF79AFB3846FFF7FFFBB9F1010F21D155
:1016F0002E44B4B2FE2C28BFFE2400224146124BD9
:1017000001299A80114B38BF01215A81FE223846A7
:10171000D98019819A811D805D809C809F73FFF71D
:10172000AFFA6422FF210A482DF066FD002003B0C5
:10173000BDE8F083AE429CBFAE1BF4B2DDE7802073
:10174000F5E700BF44660020AE8600206E860020CC
:10175000185500202DE9F7432A4B69461B681B6882
:101760005C790DF011FE0746002848D120469DF80F
:1017700007209DF80610BDF80080BDF80290BDF866
:101780000460FFF739FA002835D0012E38BF012652
:10179000FFF71CFA01212046FFF73EFB2046FFF72A
:1017A000B9FB194D28802046FFF7B4FBA5F804804B
:1017B0004FF6FF6868802046EE802E81AC736F8103
:1017C000A5F80C80FFF7BEFB104D28802046FFF7E0
:1017D000B9FB314668802046A5F80490EE802E8142
:1017E000AC736F81A5F80C80FFF74AFA6422FF21E1
:1017F00007482DF001FD002003B0BDE8F0838020F4
:10180000FAE700BF446600209E8600208E860020F6
:10181000385500202DE9F347324B69461B681B6899
:101820005D790DF075FD0746002858D128469DF8D2
:1018300005209DF80410BDF90090BDF902A0FFF746
:10184000DBF9002847D0FFF7C1F959EA0A0342D073
:101850004FF6FF6801212846FFF7DEFA1FFA89F9E3
:101860002846FFF757FBB9F1000F0CBF0023434692
:101870001D4C4946208060802046A3802EF0EAF867
:101880001FFA8AFA0646E08020812846A573678100
:10189000A4F80C80FFF756FBBAF1000F0CBF002331
:1018A0004346124C5146208060802046A3802EF093
:1018B000D1F886420146E08038BF31462081284673
:1018C000A5736781A4F80C80FFF7DAF96422FF2181
:1018D00007482DF091FC002002B0BDE8F087802081
:1018E000FAE700BF446600209E8600208E86002016
:1018F000385500202DE9F743394B69461B681B68B2
:101900005C790DF00BFD0746002867D120469DF855
:1019100007209DF80610BDF90080BDF90250BDF802
:101920000460FFF769F900284FD02046FFF7F2FA6C
:1019300010EB080305D4B3F57F4FACBF4FF6FF673C
:101940009FB22046FFF7FEFA451942D4B5F57F4F06
:1019500041DAADB2012E38BF0126FFF737F9012178
:101960002046FFF759FA2046FFF7D4FAB0461D4E3D
:101970004FF0000930802046FFF7CCFAB7804FF6D1
:10198000FF6770802046A6F80680A6F80880B4732A
:10199000A6F80A90B781FFF7D5FA134E308020469B
:1019A000FFF7D0FA414670802046B580A6F8068041
:1019B000A6F80880B473A6F80A90B781FFF760F91B
:1019C0006422FF2109482DF017FC002003B0BDE878
:1019D000F0830025BEE74FF6FF65BBE78020F5E703
:1019E000446600209E8600208E8600203855002008
:1019F00073B50F4B69461B681B685C790DF0BEFC24
:101A000098B920469DF805209DF80410BDF80050B7
:101A1000BDF80260FFF7F0F820B1324629462046B3
:101A2000FFF7BEFA002002B070BD8020FBE700BFC8
:101A3000446600202DE9F04F354B85B01B6801A9A5
:101A40001B685D790DF022FC00285CD128469DF8CA
:101A50000D209DF80C109DF804B0BDF80690BDF85F
:101A60000880BDF80A70FFF7C7F8002842D0284662
:101A70002EF005F8044628462EF015F88246FFF7AA
:101A8000A5F8BBF1000F35D0B9F1000F3DD0A0454E
:101A90004FF0020138BFA0462846574528BF574699
:101AA000FFF7BAF92846FFF765FA1A4E1FFA88F8C9
:101AB00030802846FFF75EFABBF1010FBFB21DD19F
:101AC000BA4528BFBA461FFA8AF4494670801148C1
:101AD000B4802DF0BFFF0146F08030812846B573F9
:101AE000A6F80A80B781FFF7CBF86422FF210A48E5
:101AF0002DF082FB002005B0BDE8F08F444538BFD3
:101B00004446A4B2E1E78020F5E78520F3E700BF73
:101B1000446600207E860020585500202DE9F04FB5
:101B2000374B85B01B6801A91B685C790DF0B4FBCD
:101B3000002862D120469DF80F209DF80E109DF8D8
:101B400004A0BDF80690BDF80850BDF80A70BDF8B5
:101B50000C60FFF751F8002846D020462DF08FFF8B
:101B6000834620462DF09FFF8046FFF72FF8BAF1FD
:101B7000000F39D05F454FF0020138BF5F46204665
:101B8000464528BF4646FFF747F92046FFF7F2F9DA
:101B9000DFF87480BFB2A8F800002046FFF7EAF92A
:101BA000BAF1010FA8F80200B6B2204620D1FFF723
:101BB000E1F900EB0903012D294638BF0121204638
:101BC0009BB2A8F80610A8F80810A8F8043088F806
:101BD0000E40A8F80A70A8F80C60FFF751F86422CC
:101BE000FF2108482DF008FB002005B0BDE8F08F6C
:101BF000FFF7C0F9A0EB0903DDE78020F5E700BFA0
:101C000044660020585500207E86002008B50AF062
:101C10008DFC024628B1BDE808400020014908F0CB
:101C2000EFB808BDB1F4040808B50AF069FD024632
:101C300028B1BDE808400020044908F0E1B854226A
:101C4000BDE80840FF21024832F0F1BFC9F40408A2
:101C5000BA86002010B502462EF03AF820B9044C9E
:101C6000236811B11343236010BD23EA0203FAE78E
:101C7000709A00200CB413B502460C462EF028F8DA
:101C800060B9094B1B681A4208D005A90498019154
:101C90000DF00CFA14B1054832F0F7FA02B0BDE8C5
:101CA000104002B0704700BF709A0020E7F40408AB
:101CB00038B5104C237ADA0715D513F0040506D091
:101CC00023F004032372BDE838402EF00EB82EF046
:101CD0006CFE09490246284608F092F80AF008FA14
:101CE00025722EF01DF8BDE83840FF2103482DF085
:101CF00094BA00BF0E870020E9F40408785500204C
:101D0000002008B5044B0549DA88187008F078F807
:101D1000BDE808402EF004B80E870020FBF404084C
:101D200008B5FFF7EDFFBDE80840FF2101482DF0A1
:101D300074BA00BF985500202DE9F04F93B0924639
:101D4000209A80460D929DF884200E460E92229A8B
:101D500018460F929DF88C201D461092249A9DF8EB
:101D600070B011925A7A9DF8749000921A68197A9C
:101D70009DF878409DF87C702EF01AF9002800F04C
:101D80008D802B7A1BB92A68002A00F08780002CEE
:101D900040F08480FA0708F0FB0848BF43F00803CE
:101DA000B8F1030F44D1B9F1000918BF4FF0010990
:101DB00043EA092343F4007343EA0B139CB244F44F
:101DC0000063384C0B9394F805802B6895F80990C4
:101DD0000C93B8F1000F2ED00AF008FC0F9B069070
:101DE000CDE90763DDE90B01119B2A460593109BA2
:101DF000CDF800A004930E9B03930D9BCDE901B396
:101E00004B4600F00DFF002848D0314638462EF0F2
:101E100088F807F045FF4FF2F2238380E188002025
:101E20002FF07EFE002013B0BDE8F04F1CF00AB882
:101E300043EA8913C0E70AF0D9FB0F9B0690CDE96E
:101E40000763DDE90B01119B2A460593109BCDF832
:101E500000A004930E9B03930D9BCDE901B34B4669
:101E600000F0DEFED0B107F01BFF4FF2F2238380BB
:101E7000C388AAF10C0443F00203E4B23146C380E4
:101E8000847238462EF04DF8284636F0BAFC2246C9
:101E900001464FF6FD702FF046FEC3E713B0BDE8D4
:101EA000F08F00BF0E87002030B50128044685B0B2
:101EB00013D002281DD070B9FF2501462B46134AC6
:101EC00013480095FEF760FB2B462146114A124845
:101ED0000095FEF759FB05B030BD00210F4C602284
:101EE0000F4821606160218132F0A1FEA023638050
:101EF000F1E705238DF80F302023102200932121D4
:101F00000DF10F03F2202FF009FDE4E7211D010878
:101F100098550020B11C0108785500200E8700203C
:101F2000B85500202DE9F04105460F46164600F051
:101F300001041BB1C4B9FFF7E3FE36E01C4B1B687C
:101F40001B685B79F22B30D1DFF8688098F800309D
:101F50002BB106F08BFAB8F80630834225D1002C5D
:101F6000E9D006F083FA01E00AF040FB0123114CAE
:101F700002462370A0236380C5F342030E49E0802C
:101F800063700020C5F34013637107F039FF637875
:101F9000FF21DA074ABF4FF47A72084A7A430848A9
:101FA0002DF02AF9EB0600D526710020BDE8F0815E
:101FB000446600200E87002013F50408007102001B
:101FC0009855002070B598B00AA9054632F0D2F9AC
:101FD000002878D10A9C3D4B04F007062340082BCB
:101FE0009DF8383008BF8DF85E002D79314600939A
:101FF0000B9A0CAB07A82DF0DBFF18B96FF0FF00B0
:1020000018B070BD16B90B9B002BF7D000203049DB
:1020100007F010FF2F4B1B681B685B79F22B41D137
:10202000C4F34123012B3DD00A9B03F01802182A68
:1020300038D0C4F3C222053A012A33D914F0600F14
:10204000C4F3411607D1D90605D4042DD6D0852076
:102050002FF0B1FE26E0BDF8422000201E4900927C
:10206000079A07F0CDFE9DF85E3032460593129B2D
:102070000A98049313AB03930DF139030293BDF84F
:102080005C3007A90193BDF844300093BDF842309D
:1020900009F062FB044638B1104B5B789A0701D512
:1020A000FFF72EFE0020ABE70A9B1B07FAD527F0AF
:1020B0008FFCFF28F6D12046094907F0A1FE042D28
:1020C000F0D08920C4E781209AE700BF0800020011
:1020D0002CF504084466002038F504080E8700201B
:1020E00065F5040830B58FB007A932F09CFA0028D6
:1020F00040F08C80604B9DF81C501B681B685B791E
:10210000F22B40F083809DF831205C4907F078FE87
:102110009DF8303005F0070500932946099A0AAB6F
:1021200004A82DF045FF30B19DF8314035B9099D27
:1021300025B9F32C27D06FF0FF0557E0F32CFAD028
:10214000F02C79D1BDF81E500AF050FA854264D1C6
:10215000002500204A4A4B4907F052FE0D9BCDE96D
:1021600002555A1C01921B7804AA00932946234663
:10217000012009F04BFB0246002849D100204249CA
:1021800007F03EFE42E0BDF81E400AF02FFA8442FE
:1021900039D1FF213D482DF047F83D4C10B1237A4D
:1021A000990733D52DF0A1FD237A43F00103237263
:1021B0002EF0FBFB9DF820200B32904219D000201E
:1021C000344907F01DFE01219DF8203000220B3319
:1021D0009940032009F072FF237A03F0FD0341F2D6
:1021E0008832FF21294823722DF006F828460FB0C7
:1021F00030BD237A9A0744BF43F004032372237A45
:1022000043F00203EBE72148FFF752FD8125EDE79C
:102210002846214907F0F4FDF8E700201F4907F0A0
:10222000EFFD002304AA19461846CDE90233CDE993
:10223000003309F0EBFAE9E7F62C03D85034E4B2A6
:102240000F2CE3D800240020154A0E4907F0D8FDD2
:102250000D9BCDE902445A1C01921B7804AA0093FD
:10226000214601209DF8313009F0D0FA02460028BD
:1022700084D020460849CDE7446600207AF504085A
:10228000ED150508A3F50408B9F5040878550020F4
:102290000E8700208EF50408C1F50408CBF504086C
:1022A000D7F504082DE9F043B1B004A932F070F974
:1022B000002840F0BA805F4B1B681F79002F40F068
:1022C000B6801B689DF810405B79F22B40F0AD8022
:1022D0003E46B84609A95FFA88F009F0F5F90546C7
:1022E000002840F0A2809DF8243008F10108FF2B5F
:1022F0001CBF0136F6B2B8F1050FEBD114F0180F80
:10230000C4F3C10349D19DF8203004F007040093C1
:102310002146059A06AB1BA82DF04AFE10B17CB9E8
:10232000059B6BB9FF230021CDE9023101968B2378
:1023300000930B222121404B112007F025FC26E0C1
:102340001BA809F0E7F9FF28044603D10023CDE9D3
:102350000203EBE7FF230122CDE902320023212112
:1023600000930B221120344B019607F00DFC204600
:1023700009A909F0A9F9002857D1304C3049238820
:1023800009A819442DF0E0FC23881844208000F0AF
:10239000B9FC284631B0BDE8F083012BF9D1002407
:1023A0009DF821300196B342CDE90234BFD20B2211
:1023B00021211120204B009407F0E6FB264609A9B5
:1023C000E0B209F081F980BB9DF82430FF2B1CD0CE
:1023D0009DF821300137FFB2BB4216D21BA909A8D4
:1023E0002DF0B2FCDFF854800246B8F8003003EB61
:1023F0000009B9F1510F0BDC11481BA91844013633
:1024000032F020FCB6B2A8F800900134052CD6D1E9
:102410000B4B9E7100F076FC3828BAD100239DF852
:1024200021200393CDE9017282E78125B1E76FF0A6
:10243000FF05AEE744660020D9F50408AC8800200B
:102440008F9400202DE9F047F228A8B0BDF8C08095
:10245000BDF8C47003D0002028B0BDE8F087212962
:10246000F9D1112AF7D1802BF5D1B8F1000FF2D1B3
:10247000052FF0D91F4E10462FF099FB3588DFF855
:1024800078900435ADB22C4601A95FFA88F009F0C6
:102490001BF90028DFD19DF80430FF2B19D013A9B8
:1024A00001A82DF051FC00EB040ABA45024609DDF3
:1024B000641B8920A4B207F01FFC338801201C4450
:1024C0003480C9E709EB040013A932F0BBFB1FFA03
:1024D0008AF408F10108B8F1050FD5D1641B00207A
:1024E00007F00AFCA4B2432007F006FC20462FF0B8
:1024F0005EFBE2E7AC8800208F94002010B5044614
:1025000002460749002007F07BFC44B9054B1B7AC3
:10251000DB0704D5BDE810400348FFF7C9BB10BD79
:10252000DEF504080E870020785500202DE9F04FD5
:10253000154648229DB007469B469DF8A800774B5C
:102540000E4602FB00335A689DF89C8042F4C0623C
:10255000289C9DF8A4900AA95A6009F0B5F80028B3
:1025600040F09B809DF854302A7A002B40F09880F0
:1025700042F008029DF86030002B40F0998042F054
:1025800008020B9B19069DF8983048BF42F01002D4
:102590001B0243EA8B131A4309F12003DBB242F416
:1025A000A04A012B1FFA8AFA02D85D4B1B7833B17F
:1025B00018F0010F1CBF42F4B0421FFA82FA6B7A86
:1025C000BBF1000F08BF34460793D5F800B00AF0FE
:1025D0000DF82C9ACDE9040703929DF8AC205946DA
:1025E000CDE9019250462A46079B009400F0B6FAC6
:1025F000002852D00222284615A92DF0D8FC4FF60B
:10260000FB7A0AAC0DF1400B94F82C300BB1032B84
:1026100056D107F045FB4FF2F223394683804046FE
:102620002DF07FFCE38E53450AD90DF1260104F10C
:102630002E000AF017F8BDF82630534598BFE38600
:102640000020E18E2FF06CFA00201BF0FBFB0C3415
:102650005C45D9D10B9B1A061FD507F021FB4FF221
:10266000F2238380C388867243F00203C3809DF8FF
:102670006C303946C37240462DF053FC0B9B9B04D3
:1026800046D5BDF83C40284636F0BBF832462146D8
:102690002FF043FA00201BF0D5FB1DB0BDE8F08FF2
:1026A000032B3FF465AF022B08BF42F0200261E725
:1026B000032B3FF464AF022B08BF42F0200260E717
:1026C000022BC4D107F0ECFA4FF2F2238380C388C7
:1026D000A6F1090943F002035FFA89F980F80A902C
:1026E000C3809DF86C303946C37240462DF019FC0A
:1026F000E38D218E07934FF6FF73994203D128464D
:1027000036F07FF801464A4607982FF006FA9BE715
:10271000284636F076F80446B5E700BF806600200C
:102720000E8700202DE9F04FA7B01F469DF8C4305A
:1027300016460D93349B88460A93369B05460E93A6
:102740009DF8DC309DF8C0900F939DF8E0309DF827
:10275000C8A00B93399B9DF8CCB00C93A44B9DF86B
:10276000D4401A7AD10755D5E32C40F09580B9F1C1
:10277000000F18D11B78002B53D0002840F0BF81E8
:10278000BAF1000F00F070813A7A002A00F09780C9
:10279000E02C25F0040340F0BB80032B61D1B9F19C
:1027A000030F5ED1BEE1E8B1062840F0AB811B7893
:1027B000002BE5D10F9BFF2B6ED00C9B3A46369336
:1027C0000B9B314635930F9B4046CDE933430A9B23
:1027D000CDE931B30D9B30934B4627B0BDE8F04FA8
:1027E000FFF7A4BE1B78002BE4D0BAF1000F00F075
:1027F000AE813A7A002A40F08E803B68002B40F090
:102800008A8060E0E32C00F02F8104F11C03DBB22E
:102810000B2B67E0B9F1000F13D11B78002B40F0B0
:102820006B81384608F076FFFF280AD014A908F01B
:102830004BFF159B03F4804303432DD19DF8663075
:1028400053BB65B3062D40F05D81694B1B78002BAF
:1028500000F00381BAF1000F96D1E22CD2D8DF2C20
:102860003CD90C9B324638930B9B414637930E9BC9
:102870002846CDE935430A9BCDF8C8A0CDE933B34E
:102880000D9BCDE930933B4627B0BDE8F04FFFF7F5
:1028900053BA072D00F0398127B0BDE8F08F544BB3
:1028A0001B78002B00F0D980BAF1000F7FF46CAFD9
:1028B000E22C00F2D680DF2C7FF67CAFD1E73B68BC
:1028C000002B7FF465AF05F0FB03032B00F026819E
:1028D000E22C72D8DF2CC4D8062D73D104F150033A
:1028E000DBB20F2B3FF666AF0C9B324638930B9B47
:1028F000414637930E9B0620CDE935430A9BCDF820
:10290000C8A0CDE933B30D9BCDE930933B46BBE77F
:10291000E22C3FF442AF1BF0010313921093D2D18B
:1029200039687B7A1291119309F060FE0D9B139A1E
:102930004FEA831C0E9B4CEA091CCDE907830C9BD4
:102940004CEA020C05930B9B0690CDE903430A9BCE
:102950003A46CDE901931299119B00964CF4006020
:1029600000F05EF90028AED007F09AF94FF2F2229B
:1029700041468280119058462DF0D3FA1C4A119B93
:10298000517939B1D18810982FF0CAF800201BF086
:1029900059FA98E7D988A6F10C02D2B241F00201A7
:1029A0009A72D9803846109235F02BFF109A014662
:1029B0004FF6FD702FF0B7F8E8E7E32C54D0062D62
:1029C0003FF423AF032D7FF4F5AE0C9BCDF8C8A0E8
:1029D00038930B9B37930E9BCDE935430A9BCDE98A
:1029E00033B30D9BCDE93093ACE04FF4027449E072
:1029F0000E87002009F0FAFD0E9B0690CDE90783B3
:102A00000C9B2A4605930B9B29460493E3230393CF
:102A10000A9B2046CDE9019300962B4600F000F971
:102A200000283FF439AF07F03BF94FF2F2238380DF
:102A3000C3880C3E43F00203F6B24146C38086725F
:102A400058462DF06EFA384635F0DBFE3246014628
:102A50004FF6FD702FF067F848E0E22C7FF4AAAE45
:102A60001AE7E32C7FF4A6AE3B4B1A78002A3FF41A
:102A700013AF1B7A03F00303012B3FF40DAF072DB7
:102A8000B3D008240D9BDFF8D0A044EA83149AF851
:102A9000055044EA091444F40064002DAAD009F05A
:102AA000A5FD0E9B0690CDE907830C9B2046059360
:102AB0000B9B00960493E32303930A9BCDE90193B8
:102AC00000231A46194600F0ABF800283FF4E4AEA4
:102AD00007F0E6F84FF2F2234146838058462DF086
:102AE00020FA0020BAF806102FF01AF8002027B0BC
:102AF000BDE8F04F1BF0A6B900283FF4D5AE062D77
:102B00003FF4A8AE032D7FF4C4AE134B1B78002B0B
:102B10003FF4C2AEBAF1000F7FF436AEB9F1030F45
:102B20007FF4D6AE0C9BCDF8C8A038930B9B37939F
:102B30000E9BCDE935430A9BCDE933B30D9B319311
:102B4000032330933B463246414607209CE602F081
:102B50000302012A95D19FE60E8700202DE9F74355
:102B6000904610F00702064689461F469DF8304001
:102B70000ED1009021211120284B07F005F80546C1
:102B800048462FF023F8D0B9002003B0BDE8F08309
:102B9000022AF9D121210090002211201F4B06F0BA
:102BA000F3FF08210546404607F0BAF80028EBD0AD
:102BB000384607F0A1F80028E6D0093500E00435D2
:102BC0000A98ADB22FF002F80028DDD09DF82C0055
:102BD00007F092F80028D7D0204607F08DF800289B
:102BE000D2D021460D9807F09BF80028CCD02C4479
:102BF0007304A4B202D4A01D80B2C6E7BDF83800A9
:102C00002EF0D5FF0028BFD09DF83C0007F074F8E7
:102C10000028B9D004F10900EEE700BF20F904084C
:102C20002DE9F7431F4610F00703064689469046F4
:102C30009DF8384010D10090042221211120304B02
:102C400006F0A2FF054648462EF0C0FFD8B9002482
:102C5000204603B0BDE8F083022BF8D1212100907B
:102C600004221120264B06F08FFF0821054640461E
:102C700007F056F80028EAD0384607F03DF800285B
:102C8000E5D0093500E004359DF828009DF82C209A
:102C90000C9BADB2002A18BF18462EF097FF0028F3
:102CA000D5D09DF8340007F027F80028CFD0204673
:102CB00007F022F80028CAD021460F9807F030F814
:102CC0000028C4D02C443205A4B20BD40634B3057A
:102CD000A4B2BDD512982EF079FF0028B7D00434E5
:102CE000A4B2B5E7BDF840002EF061FF0028AED0D9
:102CF0009DF8440007F000F80028A8D00934E6E762
:102D000020F90408044B1B689A6912B9DA88034B4E
:102D10001A802FF04DB800BF44660020AE88002016
:102D20002DE9F04F85B006460D4617462DF07FF988
:102D3000044640B130463A4629462DF062F900205B
:102D400005B0BDE8F08F4FF003094FEA15285FFA90
:102D500084FA6946504608F09FFBB8B99DF800B068
:102D6000BBF1000F12D1694650468DF800908DF8E6
:102D700005508DF806808DF8016008F0D7FB0246FB
:102D80000028D7D05846064907F03AF801340A2CF3
:102D9000DDD10020034907F033F88920D0E700BFD8
:102DA0000FF6040836F604081FB5002304468DF814
:102DB0000F302DF027F928B19DF80F3063F07F0315
:102DC0008DF80F30182301930DF10F0300220093AB
:102DD0000421402320462EF090FD024618B1002029
:102DE000024907F00DF804B010BD00BF51F6040809
:102DF0001FB502A90CF0B6FA044688BBBDF808203E
:102E0000184907F017F82046039906F0CBFF204633
:102E1000154906F0F5FF4FF6F672BDF80810134C91
:102E20004B1E9BB2934219D82368039A1B685879AA
:102E3000FFF776FF23681B79012B0BD8BDF808300C
:102E40000022CDE900030421094B092006F09CFE75
:102E50002EF0AEFF6FF0FF0004B010BD8720E9E751
:102E60008120F9E770F60408D30D050844660020B8
:102E70001FF9040870B5002104468AB00D2206A887
:102E8000059131F0D4FE204604A90CF053FA044613
:102E900000283BD11E4EBDF810201E4906F0B0FFA1
:102EA00032681379012B29D84FF6F670BDF810104F
:102EB00005AD4B1E9BB2834224D8136858792DF080
:102EC000B6F808B333682A461B68BDF81010587965
:102ED0002DF096F8BDF8103001220421CDE9004311
:102EE00009200D4B029506F04FFE2EF061FF0346C0
:102EF00020B10020094A0A4906F082FF6FF0FF0066
:102F00000AB070BD8724E5E78B24E3E78120F7E76B
:102F10004466002087F604089CF60408A0F604081E
:102F2000ABF604082DE9F04391B005A90CF080FA46
:102F30000446002840F0B5809DF814205B4906F057
:102F400079FF25465A4E9DF81420EBB29A4254D888
:102F50000020584906F054FF9DF81450002D40F011
:102F600099802C462E46544F07A9F0B208F094FAE7
:102F7000C8B99DF81C30032B15D13B689DF81D2066
:102F80001B685B799A420ED19DF8212005F1400320
:102F90006B4403F8142C9DF822200235013403F809
:102FA000132CEDB2E4B201360A2EDDD19DF81430B7
:102FB0000BB1002C77D00BABCDE90143FF230222EC
:102FC0000421009309203D4B039506F0DDFD2EF012
:102FD000EFFE034660B19DF81420002A5FD0384A06
:102FE0003849002C18BF0A460020374906F008FF70
:102FF0006FF0FF0011B0BDE8F08306986B0003F49A
:10300000FF730222002118442EF011FE31460246C1
:10301000002006F00FFF013595E70698730003F4D2
:10302000FF730222002118442EF001FE0027804683
:1030300007A9F8B208F030FA10BB9DF81C30032B3A
:103040001ED1D9F800309DF81D201B685B799A428B
:1030500016D19DF821105FFA88F3994210D19DF89E
:103060002230C8F307229A420AD105F140036B448B
:103070000235013403F8141C03F8132CEDB2E4B24A
:1030800001370A2FD4D101369DF81420F3B29A42A9
:10309000C3D88BE70025DFF820902E46F4E7094AD5
:1030A000A2E78120A6E78B20A4E700BF05F704086C
:1030B00024F704080D170508446600202EF70408BD
:1030C000F4F60408D6F6040832F704082DE9F043B4
:1030D00089B002A90CF034F90446002868D1BDF883
:1030E0000820344906F08CFE4FF6F672BDF8085001
:1030F000DFF8D4906B1E9BB2934255D8D9F80030BC
:1031000029461B685F7938462CF091FF00284DD086
:1031100026465FFA86F8404603A908F0BDF928B9AB
:103120002946384603AA2CF06FFF20B901360A2E33
:10313000EFD14FF0FF08404608F09AF9014660BB16
:103140000D22039004A831F072FD2946384603AAE7
:103150002CF057FFD9F800301A79012A18D81B68CB
:10316000BDF80810587903F017FCBDF808300322A9
:103170000421CDE9004309200F4B06F005FD2EF098
:1031800017FE034620B100200C4A0D4906F038FE18
:103190006FF0FF0009B0BDE8F08302460949002046
:1031A00006F02EFE0124D5E78724D3E78B24D1E750
:1031B0008120EFE754F704081FF9040892F7040888
:1031C000ABF604086BF70408446600202DE9F043D1
:1031D000DFF894800020D8F8003021491B688BB0BC
:1031E0005E79002506F00CFE01275FFA85F9484656
:1031F00001A908F051F9044690B99DF80430032B59
:103200000ED19DF80530B3420AD1484608F030F996
:103210000146A0B102461349204606F0F1FD2746BB
:1032200001350A2DE1D1D8F8003000211B6858790A
:1032300003F0B2FB87F001000BB0BDE8F08305900E
:103240000D2206A831F0F3FCBDF8094030462146B6
:1032500005AA2CF0D6FE2146304603F09DFBDFE7A1
:103260009FF704086BF704084466002037B56946E9
:103270000CF07EF8044638BBBDF80020134906F078
:10328000D9FD134D2046019906F08CFD20461149C9
:1032900006F0B6FD2B681B6858792EF066FD70B1FC
:1032A0004FF6F672BDF800104B1E9BB2934209D840
:1032B0002B68019A1B685879FFF732FD04462046B7
:1032C00003B030BD8724FAE78120F9E7B3F704089B
:1032D00044660020D30D05087FB505460024E6B2FC
:1032E0006946304608F0D8F8A8B99DF80030032B9D
:1032F00011D19DF80130AB4204D0FF2D0BD19DF8C8
:103300000D3043B9304608F0B3F8024618B100203A
:10331000034906F075FD01340A2CE0D104B070BDFC
:103320006BF704081FB520230C468DF80F1000938F
:1033300000220DF10F034FF4A0612EF000FB054BAE
:10334000054A0020002C18BF1A46044906F058FD13
:1033500004B010BD0D170508D7F70408DCF7040802
:103360001FB504460A468DF80F100020074906F0E5
:1033700047FD2023112200934FF4A06120460DF158
:103380000F032EF0DCFA04B010BD00BFFEF70408F6
:10339000FF2101482BF041BF1856002070B50E46A2
:1033A0003E4A8EB005465168106804AB102E03C328
:1033B000129C6BD13A4B1A68002A67D0206861686A
:1033C00002AB03C301238DF818304FF4A06300242F
:1033D0008DF81950ADF81A3013681B798DF81C3030
:1033E00002AB03CBCDF81D00CDF82110E6B230467C
:1033F0000AA908F051F8E0B99DF82830002B48D010
:103400009DF829109DF8192091420FD1BDF82A107E
:10341000BDF81A20914209D19DF82C109DF81C206E
:10342000914203D19DF818209A4202D001340A2C0F
:10343000DCD10824012604AB10224FF4A0612846F9
:1034400000942EF0AEFA04AB13F8012B013C002AD5
:1034500018BF002614F0FF04F6D132462046114969
:1034600006F0E8FC96B1104B1E78022E0ED14FF4F8
:103470007A7220460D4906F0C3FC01234FF47A729C
:103480004FF4A061284600962DF08FF900200EB071
:1034900070BD304606A908F049F8CAE7B5F9040836
:1034A000446600201EF80408788F002031F80408D4
:1034B00038B50D462CF0EBFD044628B100200D492F
:1034C00006F09EFC7E2038BD022D05D92A460A4909
:1034D00006F096FC8720F6E7084A01237F21262084
:1034E00015702BF08FFD20462A46054906F088FC12
:1034F0002046E8E750F8040868F80408788F0020B0
:1035000070F804087FB503A90BF0D2FE054648BB4E
:103510000126154B4FF4A0611B6811221B685C79D2
:10352000009620460DF10B032EF03BFA0146A0B9A0
:103530009DF80C3063B931462046FFF7F3FE9DF845
:103540000D102046FFF70CFF6FF0FF0004B070BDB8
:103550002046FFF7E7FEFF21F3E72846034906F080
:103560004FFCF1E78120F1E74466002094F804085D
:10357000152341F2020213B54FF4A061CDE90032E8
:10358000044601220E4B092006F0FEFA2DF00BFA3C
:1035900002280DD10021204606F088FB2EF0BAFA51
:1035A000024630B9074902B0BDE8104006F028BC19
:1035B00016220020044902B0BDE8104006F020BCED
:1035C000CCF80408CFF80408F7F80408212370B5F4
:1035D00086B0ADF81610009315460DF116030222C1
:1035E0004FF4A06104462EF0AAF9224B1B7873B960
:1035F00020462CF04CFD50B94FF47A724FF4A06184
:1036000020462DF0DDF80024204606B070BD20468F
:10361000BDF816602CF03BFD38B320462CF04EFD73
:10362000CDE9020500254FF4A0612A46124B09207E
:10363000CDE9006506F0A8FA2DF0B5F9022816D1FB
:103640002046294606F032FB2EF064FA0446002894
:10365000D9D02DF0A8F9032801D12EF0A3FA2246E3
:103660000020064906F0CCFBCEE70224F1E7162441
:10367000EFE700BF788F00201DF9040822F9040845
:10368000FF2330B50446002585B00021314A324879
:103690000093FCF779FF402310224FF4A0612046ED
:1036A00000952DF007FA48BB00202C4906F0C2FB1C
:1036B00000202B4906F0A4FB2A4D012328467F2237
:1036C00026212BF096FC2B780122022B84BF0223AB
:1036D0002B701523ADF80E30212301930DF10E034D
:1036E00000934FF4A061402320462EF006F90022FB
:1036F00020461146FFF76AFF05B030BD03799807F1
:10370000D2D540232A464FF4A061204600952DF0E3
:10371000D1F90028C8D003799907C5D540230122E3
:103720004FF4A061204600952DF0C4F90028BBD0CD
:1037300003799A07B8D5402311224FF4A06120469F
:1037400000952DF0B7F90028AED003799B07ABD5D3
:10375000B2E700BF91330108185600204DF9040864
:1037600081F90408788F0020F0B5162887B004D1BD
:103770002DF019F9044600283CD007B0F0BD3046C2
:1037800005F0FAFD07EB0616367B05465EBB4FF4E7
:10379000A0612DF0FAF930B3174A04AB10685168F4
:1037A000102203C31523ADF80E30F0234FF4A061AF
:1037B0000093284604AB2EF0C2F8212301224FF4D7
:1037C000A061009328460DF10E032EF0B8F8FF21FA
:1037D0002846FFF7C5FD02212846FFF769FE31465E
:1037E0002846FFF79FFD013405F02CFCE6B2B042FD
:1037F000C5D8C2E7014FF7E7B5F9040874630020A4
:1038000030B50223002585B0CDE901350091402374
:103810002A4603212EF0B7F8044620B10246034998
:10382000284606F0EDFA204605B030BDBDF9040883
:103830001FB5212301930DF10E03ADF80E10009377
:103840000022402303212EF058F8044620B10246FE
:103850000349002006F0D4FA204604B010BD00BF92
:10386000DDF9040873B5032104462DF09DF9FF2806
:1038700005461DD020460DF10601FFF7C1FF134E8E
:10388000C0B916F8253053B90123BDF8061006F863
:103890002530204606EB8503598028F00FF9BDF846
:1038A00006303BB14FF47A72032120462CF088FF9A
:1038B00002B070BD0023204606F8253028F009F933
:1038C000032120462CF090FFF2E700BF188700206C
:1038D00007B501A90BF028FD78B90949BDF8042006
:1038E00006F08EFA074BBDF804101B681B68587968
:1038F000FFF79EFF03B05DF804FB8120FAE700BFED
:10390000FDF90408446600201FB50020134906F0A5
:1039100077FA134B0DF10E011B681B685879FFF7FE
:103920006FFF044610B9BDF80E3013B9204604B03D
:1039300010BD02460321009309200A4B06F024F92A
:103940002EF036FA034610B96FF0FF00EFE720467D
:10395000054A064906F054FAF6E700BF19FA0408CA
:103960004466002020F904082BFA040831FA040800
:103970000D2110B528B10A4808F03CFC034660B997
:1039800010BD08F037FC03460028F9D0054A002096
:10399000BDE81040044906F033BA044AF7E700BF17
:1039A0009EFA040867FA040871FA04085EFA04082B
:1039B000012804BF014B1870704700BF798F0020A9
:1039C000F0B50E464449174602780978002A0446A5
:1039D0000CBF1E232023A3B0002979D033447D2BB4
:1039E00078DC838A4CF6010513F0020F4CF6014394
:1039F00018BF1D460AB945F0200568462CF0DDFFCA
:103A0000A389ADF808508DF80B301B0A8DF80C30E7
:103A1000A38A9A074FD5D4F801300DF11505CDF8DA
:103A20000D30D4F80530CDF811302CF0BAFF6B46CC
:103A30002870000A687003CB0B23AB720023EB7273
:103A40002378C5F8020043F003020C2B2A7309BF48
:103A5000628A05F10D0305F10F03A5F80D20C5F8E5
:103A600006101D46228A394625F8042BE28928468D
:103A70005A80324631F0E6F8A38AA819DB0723D42E
:103A800002A9401AC0B22CF062FB0446E8B92EF03D
:103A90006AF9334602461149204606F0CBF9324610
:103AA00039462046012306F06FF9224620460C498C
:103AB00006F0A6F909E063890DF10F058DF80D30C8
:103AC0001B0A8DF80E30B0E72324204623B0F0BD4A
:103AD0000224FAE73824F8E7798F0020B8FA0408BE
:103AE000D2FA0408F0B50E4689B016220021054628
:103AF00002A831F09CF84CF60141338823F02003F2
:103B00008B429AB228D106F10D02114631F8023BE0
:103B1000ADF814300223ADF81C30D2F80230CDF8E5
:103B200009304B6802F10A01891B691AC9B20629DA
:103B3000CDF80D300DD953890B2B0AD1177B27F007
:103B40002C03032B0ED03B46704A7149002006F02F
:103B500057F9002009B0F0BD4CF601039A42F8D1A4
:103B6000F21DD2E707F00C03082B8DF8083002D0C5
:103B70000C2B02D0DBB90D3207E002390629E8D957
:103B8000B2F80D300F32ADF81A30138817F0200755
:103B9000ADF81830538802F10402ADF8163009D0A0
:103BA00003235A4AADF81C305A490E23CEE7574A30
:103BB0005949CBE7941B14F0FF04CAD03846574943
:103BC00006F038F99DF8080000284ED1544906F057
:103BD00031F90020534906F013F90020BDF81420F4
:103BE000514906F00DF9BDF81C0010F0020045D057
:103BF0004E49002006F01EF90DF1090006F0E2F82A
:103C000000204B4906F0FCF80020BDF81620494979
:103C100006F0F6F80020BDF81820474906F00AF92A
:103C200000202EF05CF838B1BDF8187006F04AFF9D
:103C30000146384606F026FF00203D4906F0E0F830
:103C40009DF808300C2B05D10020BDF81A203B4907
:103C500006F0D6F82D1B3719EDB23A46294602A8D0
:103C60002CF06FFA80B1012074E7082802D13449A2
:103C70003846ACE70C28ACD13249F9E7BDF8122040
:103C8000314906F0BDF8BFE73A46294602A803F0DD
:103C9000A1FB0028E7D14CF25E02BDF8163093423A
:103CA00004D1BDF81820B2F5805FDCD0022D08D811
:103CB000032300200093154A2B46244906F0A0F860
:103CC00047E7BDF81C0010F001007FF442AF325D01
:103CD00012F0020404D00D4A1D4906F091F838E7AD
:103CE000520710D5042D03D82046084A1949F4E795
:103CF0003A790192BDF81820002000921649034A33
:103D000006F07EF825E7BA78F3E700BFDCFA04088E
:103D1000ECFA040826FB04080BFB040848FB040823
:103D20005FFB04086FFB040876FB04088BFB0408A8
:103D30000D170508B2FB0408C7FB0408DDFB0408E7
:103D400063FB040869FB04089BFB0408F0FB040800
:103D50000FFC04082DFC040842FC04081FB5642372
:103D60006331B1FBF3F121230122ADF80E10009372
:103D700008210DF10E032DF0E2FD024618B10020DE
:103D8000024906F03DF805B05DF804FB81FC04082B
:103D900003297FB5064615461C4602D9012004B00A
:103DA00070BD06212CF0F1FE0028F7D001230F2270
:103DB0000093082130460DF10E032DF0F2FD02466E
:103DC00030B10020134906F01BF800238DF80E30A7
:103DD000012300220093062130460DF10F032DF040
:103DE000E0FD024620B100200B4906F009F8D5E7B6
:103DF0009DF80F30002BD1D1FF2D06D1FF2C06D11D
:103E00009DF80E0000F00100C9E7EB07F8D504F0BB
:103E10000100C4E7ABF30408D4F3040808B5082193
:103E20002CF0C2FEFF281DBF00B2044B00EB800047
:103E3000002018BF03EB800008BD00BF38560020EB
:103E40001FB501230F22009308210DF10F03044633
:103E50002DF0A7FD024628B10020064905F0D0FF4D
:103E600004B010BD9DF80F309B07F9D520462BF00C
:103E700052FEF5E7ABF3040838B50C4606210546BB
:103E80002CF083FE98B15CB109490020094A05F085
:103E9000B7FF01212846BDE83840012201F030B8C3
:103EA00003492046044A05F0ABFF2146F2E738BD3E
:103EB000A2FC0408D0D90408D8D904082DE9F04F91
:103EC000DFF808919846D9F8003006461B6885B09F
:103ED0005F798B4638461446FFF7A0FF0546002859
:103EE0006ED04246314638469DF83830FFF750FFD5
:103EF000804600285DD0082138462CF075FC01234F
:103F000000220093082138460DF10F032DF049FDE2
:103F1000824680B102462C49002005F071FFD9F895
:103F200000301B685B88082B02D150462DF043FF00
:103F300005B0BDE8F08F5946012938BF0121FE299F
:103F400028BFFE212E709DF80F3069708B4233D848
:103F5000042E05D1013918BF01213846FFF78CFF27
:103F60006B789DF80F20934223D09B1ADBB24FF65B
:103F7000FF7294421DBF4FF47A7202FB04F10A22D1
:103F8000002118BFB1FBF2F1E960B1FBF3F10023AE
:103F90002B61EB70BDF83C30384685F80280A96093
:103FA000EB802CF0E7F8042E03D1D9F8000003F0E1
:103FB00093FB4FF0000AB2E75B1A8046DBB2D6E70C
:103FC0004FF0010AABE700BFCBFC040844660020B9
:103FD000F8B5104B05461B680E461B6817465C7902
:103FE0002046FFF71BFF98B13B4632462946204644
:103FF000FFF7CEFE38B1082120462CF0F5FB00215A
:104000002046FFF7ABFE0020BDE8F8402DF0D3BE00
:104010000120F9E7446600202DE9F04F1D46494B89
:1040200082461B6885B01B6889465F799046384692
:10403000FFF7F4FE0646002800F08180514638461E
:104040009DF83C309DF83820FFF7A2FE00285DD097
:104050004FF0010B082138462CF0C6FB0022082146
:104060003846CDF800B00DF10F032DF09AFC044650
:1040700050B102463449002005F0C2FE20462DF022
:104080009AFE05B0BDE8F08F86F800A0B9F1000FE8
:1040900004D0B9F1010F1DD08524EFE79DF80F90F2
:1040A00086F802B0C9F1FE0444450EDA4FF0FE096D
:1040B000E4B29DF80F3086F801904B4517D94FF6C2
:1040C000FF739D4224D100212EE0C1445FFA89F99B
:1040D0004446EEE79DF80F40B070444502D8013CDD
:1040E000E4B2E6E7A4EB08045FFA84F9F0E7BAF17A
:1040F000060F06D1B9F1010118BF01213846FFF7BB
:10410000BBFE72789DF80F309A42D8D10024B5E7F3
:104110004FF47A7303FB05F10A234445B1FBF3F135
:1041200002D06143B1FBF8F10023F160B1FBF4F17F
:104130003846B1603361F3702CF01CF8E6E70124D7
:104140009CE700BF44660020CBFC04082DE9FF4734
:104150001D46454B80461B680E461B6891465F799D
:104160003846FFF75BFE044600287BD02A464146CE
:1041700038469DF83030FFF70BFE002858D04FF03E
:10418000010A082138462CF02FFB0022082138466E
:10419000CDF800A00DF10E032DF003FC054650B143
:1041A00002463249002005F02BFE28462DF003FE82
:1041B00004B0BDE8F08784F800801EB1012E23D042
:1041C0008525F2E7FE239DF80E6084F802A0637057
:1041D0009E1B61789DF80E30F6B28B421AD9B9F168
:1041E000FF0F3AD101234FF0000800931422082159
:1041F00038460DF10F038DF80F802DF0D2FB0546E8
:10420000C0B102461A49CDE766709DF80E60A070F5
:10421000013EDEE7B8F1050F05D1013918BF0121D4
:104220003846FFF729FE62789DF80E309A42D6D1C3
:104230000025BAE79DF80F20002AB6D04FF47A7314
:10424000B3FBF2F3A3600023A16838464E43236119
:10425000E660E3702BF08EFFEAE74FF47A73B3FB6E
:10426000F9F3EFE70125A0E744660020CBFC040842
:10427000EBFC040830B585B00546FFF7CFFD0446DA
:10428000B0B103698268082113440361012300224D
:10429000009328460DF10E032DF083FB024648B132
:1042A0005049002005F0ACFD00212846FFF756FDDF
:1042B00005B030BD9DF80E204B4905F0BBFDE3680D
:1042C000E3B96278002049498DF80E2005F0B2FD6F
:1042D000A3780020002B0CBF2D222B22444905F08F
:1042E0008FFD202300220093082128460DF10E03A4
:1042F0002DF025FB024660B33E49D2E7A2789DF837
:104300000E309AB1FD2B03D9C7213B4834F0D6FEBD
:1043100062789DF80E309A4203D8C821364834F0AE
:10432000CDFE9DF80E200132D2B2CBE7012B03D88F
:10433000CB21314834F0C2FE62789DF80E309A42AB
:1043400003D3CC212C4834F0B9FE9DF80E20013A5D
:10435000EAE72846FFF774FD052128462CF015FCF6
:1043600010B1284601F078FE9DF80E306178994230
:104370002CD12378043B022B1BD8013918BF012113
:104380002846FFF779FD9DF80E30012B8CD1E3789C
:10439000002B89D020230093231D002208212846CA
:1043A0002DF0CDFA02460028A6D12846FFF748FD99
:1043B0007AE74FF6FF72E38893423FF475AF8DF8CA
:1043C0000F30202300930DF10F03E6E7D4E9031328
:1043D000C91A284689B2FFF7C1FC2846A1682BF00C
:1043E000C9FE65E7CBFC04080FFD04087FFD040847
:1043F00087FD040892FD040823FD040810B586B06B
:1044000004A90BF009F8044600BB9DF81530104ACA
:1044100002939DF814300F490193BDF812300093B8
:104420009DF8103005F0ECFC4FF6FF7301939DF8FA
:10443000153020460093BDF812209DF814309DF8E9
:104440001010FFF73BFD204606B010BD8120FBE7B2
:10445000B2FD0408C4FD04081FB503A90AF0D6FF85
:104460000446B8B9BDF80E300B4A0C4900939DF8CC
:104470000C3005F0C5FCFF234FF6FF720420CDE998
:1044800000329DF80C10BDF80E20FFF717FD2046F6
:1044900004B010BD8120FBE7B2FD0408E8FD04086C
:1044A0001FB503A90AF00AFFC8B99DF80D300D4ADF
:1044B0000D4900939DF80C3005F0A2FC9DF80F30DB
:1044C000012000939DF80D209DF80E309DF80C10F2
:1044D000FFF73CFE6FF0FF0005B05DF804FB8120A4
:1044E000FAE700BFB2FD04080EFE04081FB503A9D9
:1044F0000AF0D8FEB0B99DF80D300B4A0B49009375
:104500009DF80C3005F07CFCFF2305209DF80D2064
:104510009DF80C100093FFF719FE6FF0FF0005B037
:104520005DF804FB8120FAE7B2FD04081FFE0408D1
:104530001FB502A90AF0DAFEF8B9BDF80A30104A30
:1045400001939DF809300F4900939DF8083005F05C
:1045500057FC9DF80D30022001939DF80C309DF81A
:10456000092000939DF80810BDF80A30FFF754FDAC
:104570006FF0FF0005B05DF804FB8120FAE700BF93
:10458000B2FD04083CFE04081FB503A90AF0A8FE0A
:10459000E0B9BDF80E300E4A01939DF80D300D497B
:1045A00000939DF80C3005F02BFCFF230620CDE98D
:1045B00000339DF80D20BDF80E309DF80C10FFF76C
:1045C0002BFD6FF0FF0005B05DF804FB8120FAE7DA
:1045D000B2FD040852FE040807B501A90AF044FE22
:1045E00078B9094A094905F00BFC03209DF805201C
:1045F0009DF80410FFF7ECFC6FF0FF0003B05DF8CE
:1046000004FB8120FAE700BFB2FD040874FE040831
:1046100008B50020054A064905F0F2FBFF220720F5
:104620001146FFF7D5FC6FF0FF0008BDB2FD04088E
:104630007BFE04080123F0B585B00E468DF80F30DF
:104640000093002208210DF10E0305462DF0A9F973
:1046500030B102460020124905F0D2FB05B0F0BD92
:104660009DF80E70A6B1202302460093082128462B
:104670000DF10F032DF063F902460028EAD1FF2364
:104680004FF6FF723946CDE90032FFF717FCE5E738
:10469000FF234FF6FF729DF80F1001970093F4E788
:1046A000CBFC040813B5FF2113482AF0B6FD2CF00B
:1046B0007AF9022819D1114B1888FE2817D9FE382B
:1046C0001880FF210E4A0C482AF096FDFE24002097
:1046D00003F00EFD0121204603F052FF094B00902C
:1046E000094A0020094905F08BFB02B010BD0022E9
:1046F000C4B21A80EBE700BFB056002094870020B8
:1047000030E003008EFE04089BFE0408B0FE04089F
:104710000021024A0248FBF775BF00BFA546010809
:10472000B0560020F8B504460B4F0C4E0C4D00203F
:104730000C4A0D4905F064FB20463B782978327815
:10474000F2F7E8FC00233B7033702B70FF21BDE8CB
:10475000F84006482AF061BDA88F00208C8F002009
:104760008D8F002072020508BFFE0408D05600207D
:1047700037B51A48FF212AF050FD194B1B7813F06A
:10478000200014D002F02EFC002007F03DFC002099
:10479000144B154A154905F033FB0120FFF7C2FF02
:1047A0004FF4806003B0BDE830402DF0F7B913F04E
:1047B000100404D003B0BDE8304002F01BBC01215E
:1047C000B42003F0DDFE05460090094B2046064A62
:1047D000084905F015FB2846E0E700BFD056002049
:1047E000A88F0020D6FE040872020508FFFE040808
:1047F00006FF0408B0FE04080021024A0248FBF745
:1048000001BF00BF71470108D056002037B51F4CCB
:1048100005462378DB062FD500901D4B00201D4A4E
:104820001D4905F0EDFA1E2D10D0652D0ED0032D7B
:1048300024D141F28832FF212378184843F0200325
:10484000237003B0BDE830402AF0D6BC237823F0B3
:104850002003237007F0F2FD4FF4FA63B0FBF3F28C
:1048600002FB1300C218FF210C4892B22AF0C4FCCC
:10487000237823F01003237003B030BD002007F02D
:10488000C3FB40F61C40FFF74DFFF1E7A88F002067
:104890001FFF040872020508B0FE0408D05600206D
:1048A00070B54F4E8EB0337803F0FB02A3F10905CB
:1048B000022AEDB25AD0012D58D9042B41F6041228
:1048C00057D0A3F108014B424B415B0013434548CD
:1048D000ADF80C302BF07AFC48B9434B414A03F158
:1048E000100153F8040B8B4242F8040BF9D13F4BF3
:1048F0001B78002B3FD03E4B0DF10E0203F110014F
:1049000053F8040B8B4242F8040BF9D103A807F0CB
:104910003BFD2328044610D1012D49D80020354AFB
:10492000354905F06DFABDF80C3003A823F40053A7
:10493000ADF80C3007F028FD0446002C44D14FF4AC
:104940000C7007F00DFD044600283DD103F0C4FBB8
:10495000012D39D8294A01AB1068516803C3284991
:1049600001A808F03BF890B319242DE043F6041297
:10497000A7E70223AAE73378042B0DD0082B0BD02E
:10498000204B0DF10E0203F1100153F8040B8B4282
:1049900042F8040BF9D1B9E7124A0DF10E0302F106
:1049A000100152F8040B8A4243F8040BF9D1ADE729
:1049B000337803F0FB02022A02D0093B012B03D813
:1049C0000020114905F01CFA20460EB070BD0549C3
:1049D00001A808F003F804460028C5D1F4E700BF99
:1049E000A88F00207C8F0020ECFF04089E8F002001
:1049F0008E8F00207202050843FF0408FDFF0408A3
:104A000062020508060005089EFF040870B500262E
:104A100086B00446252007F03DFB162200211648EB
:104A200030F005F9154B1E60154B1878F2F780FB36
:104A3000022814BF0123042303208DF8083007F057
:104A4000CFFE03238DF810300E4B02A8059303947C
:104A500001F00CFA05460C4B0C4A19680C4B304619
:104A6000A14218BF134600940A4A0B4905F0C8F941
:104A7000284606B070BD00BF96870020F056002083
:104A8000A88F0020354D0108789A00201F000508E6
:104A900017000508720205082900050808B50D4928
:104AA0000A78531C02F0FD02DBB2082A0B7004D115
:104AB0001720FFF737FE172008BD0A2B07D1064B3A
:104AC00018680028F4D0FFF7A1FF4D20F4E700207C
:104AD000F2E700BFA88F0020749A002073B51C4C29
:104AE0001C4E23683268134330D01B4B1B6833B312
:104AF0001A4D2B781BBB2BF056FFD8B94FF48060B2
:104B00002DF014F824688CB109232B7002F06AFA96
:104B10002046FFF77BFF04460020114B114A124943
:104B2000009405F06DF9204602B070BD0A23346888
:104B30002B70EBE70121B42003F022FDEBE700200E
:104B4000084A0A4905F05CF90224E5E70224EAE78D
:104B5000789A0020749A002080650020A88F002099
:104B60007100050872020508B0FE04085700050828
:104B70002DE9F7433A4C3B4D0020227923883A49EE
:104B800005F03EF92A68207922FA00F010F00100C1
:104B900002D1364905F034F9354E307838B1082263
:104BA0003449354830F019F8003818BF0120334F28
:104BB000DFF8AC80DFF8BC9007E0082249462E48B9
:104BC00030F00BF8003818BF012022792B68D34051
:104BD000DB0700D580B1387841460130C0B238706B
:104BE00007F08CF900282DD13378002BE5D12279FC
:104BF0002B68D340DA07EED52379214A0093238826
:104C00002049002005F0FCF81F4B1878F2F790FAC5
:104C100001230322124907F0B9F91C4A044613780C
:104C20000133137010B903B0BDE8F08323460020B0
:104C3000134A174905F0E4F8204603B0BDE8F043F5
:104C4000FFF770BD0020134905F0DAF8FFF726FFE3
:104C50000028E8D103B0BDE8F04300F01DB800BF64
:104C600096870020F056002077000508A800050868
:104C7000A78F00209F8F0020A48700207B8F00201B
:104C80007202050877010508A88F00208C8F00208C
:104C9000180105084101050870B51C4C1C4B227811
:104CA000002053F822301B491B4A05F0A9F8FFF7F2
:104CB000F7FD0346184D194E9BB92378042B1CD8D9
:104CC000EBB1174B00201B68164A17491360174BAE
:104CD000187007F013F9A0B1BDE870400120FFF78C
:104CE00021BD2A463146002005F08AF8FFF7D6FE9E
:104CF00058B9FFF7D5FD0346DEE7092BE1D00C4B91
:104D0000E0E7BDE87040FFF733BF70BDA88F00201B
:104D10007C9A00209701050872020508A401050885
:104D2000789A0020F0560020968700207B8F002084
:104D3000749A002070B51A4C237883B3838913F4D6
:104D4000407F2CD0056835B12A46BDE87040002070
:104D5000144905F055B807F0BDF8134E03463070FE
:104D6000124A2846124905F04BF833781BB1BDE8CA
:104D70007040FFF791BF2378082B06D8042B06D983
:104D8000BDE870401820FFF7CDBC0A2BF8D00A23ED
:104D90002370084BBDE870401868FFF737BE70BD40
:104DA000A88F0020CF0105088D8F00207202050812
:104DB000FC010508749A002030B5464D03460446B0
:104DC000454A0020454987B005F01AF82B782BBBDF
:104DD00001A807F04BFE022301A88DF8043007F06C
:104DE0009FFDB0B93E4901A807F0BEFD88B1152C62
:104DF0000FD107F023FB47F23153B0FBF3F202FB74
:104E0000130000F51C50103080B202F0F3F807B028
:104E100030BD162CFBD102F027F9F8E7152C2AD16A
:104E200000202D4A2F4904F0EBFF2B78042B11D0E2
:104E3000082B0FD02C4B1B78DA070BD401A807F0F6
:104E40006BFA18B9BDF804309B0703D42B7843F0F4
:104E500010032B7007F0F2FA4FF4FA63B0FBF3F291
:104E6000FF2102FB1300C218204892B207B0BDE830
:104E700030402AF0C1B907F0EFFC04460028C6D143
:104E80002B78013B092B1ED8134A194904F0B8FFAF
:104E9000184A194913780133D8B2107007F02EF868
:104EA00060B12046154904F0ABFFFFF7F7FD00287D
:104EB000ADD107B0BDE83040FFF7EEBE07B0BDE8AA
:104EC0003040FFF755BE40F61C4007B0BDE830400B
:104ED000FFF728BCA88F00207202050820020508F1
:104EE00062020508370205087A8F0020D05600209C
:104EF0004A0205087B8F00209687002041010508A3
:104F00002DE9F0410B4686B004460F4616463E4951
:104F10000246002004F074FF4FF000080123CDE9A1
:104F200001380DF116030093424640230621204626
:104F30002CF029FD054640B102463449404604F0B4
:104F40005FFF284606B0BDE8F0819DF816202AB91B
:104F500037B900202E4904F053FFF2E7012FF8D0B3
:104F600082F0010300202B498DF8173004F048FF30
:104F70009DF817300DF117075BB310230022CDE920
:104F800000730621402320462CF0B7FC074630B1C1
:104F90003A460020204904F033FF3D46D1E766B190
:104FA000204602F055FE052120462BF0EEFD00289C
:104FB000C7D0204601F050F8C3E7082120462BF067
:104FC000E4FD0028EFD020469DF81710FFF732FBD4
:104FD000E9E74EB9082120462BF0D7FD20B1204645
:104FE0009DF81710FFF726FB10230022CDE9007370
:104FF0000621402320462CF080FC07460028C7D11C
:10500000002ECDD1CFE700BF96040508B2040508F5
:10501000CB040508EB0405080B050508002238B58C
:10502000064D11462B681B685879FFF769FF044647
:1050300010B9286802F09CFD204638BD4466002067
:1050400038B5074D00222B6801211B685879FFF7FE
:1050500057FF044610B9286802F094FD204638BD79
:105060004466002038B5074D00222B6802211B68DA
:105070005879FFF745FF044610B9286802F0AAFDE9
:10508000204638BD4466002003460120024AC3E999
:10509000032000221A7070470100FEFF4FF0FF331B
:1050A0002DE9F0474FF000084FF0010988B0CDE935
:1050B00000338DF8083000F03BF91FFA88F4A04265
:1050C00014D800264FF01408244FC6F3CC03203325
:1050D0006B4413F8203C06F00702D340DB072DD4C5
:1050E0000136452EF1D108B0BDE8F087204603A96E
:1050F0002BF090F80024DFF864A0C4F3CC0505F190
:1051000020030DEB030515F8206C04F0070726FAC1
:1051100007F3DA070AD5514603A82BF098F828B10F
:1051200009FA07F726EA070605F8206C0134452C32
:105130000AF1140AE1D108F10108BCE708FB067581
:1051400003AC0FCD0FC42B6803A8236000F0CCF98B
:105150004FF6FF739842C3D1C5E700BF2405050889
:1051600070B410B3164B00221C4641785D788D4216
:105170001DD146885D88AE4219D186889D88AE4291
:1051800015D186799D79AE4211D106891D89AE422D
:105190000DD10346002103F80C1B142101FB024230
:1051A000D2E9030183E80300012070BC704701329B
:1051B000452A03F11403D9D170BCFFF765BF00BFC6
:1051C0002405050810B50C4605F00EFC08B9032CA3
:1051D00012D12BF0E8FB04280ED02BF0E4FB0528BD
:1051E0000AD0064804F0FAFC1C2801D12CF092FCED
:1051F000BDE8104004F018BD10BD00BF0102040856
:105200002DE9F04F00274FF0FF36DFF8A4B0264C11
:1052100087B0BBF80030B8B2834209D8731C3BD0CA
:105220003246FF21214807B0BDE8F04F29F0E4BF26
:1052300001A92AF0EFFF9DF8050004F02BF8F8B162
:105240009DF80480B8F1000F1AD1BDF810A0BDF888
:10525000129037F0B2FB18210246BBB24B43E01864
:10526000E158007C4FF47A73A2EB010C50B103FBC0
:105270000AF363450ED30B44981A864228BF0646AC
:105280000137C6E74D466B43FAD06345F5D3194461
:10529000881AF2E74046F0E7FF21044807B0BDE86E
:1052A000F04F29F0BABF00BF18170020F4560020B5
:1052B000AC8700202DE9F041014688B020B10228DA
:1052C00009D008B0BDE8F081FF23154A15480093C6
:1052D000FBF75AF9F5E700244FF001082746124E74
:1052E000A5B2284603A98DF80D702AF093FF9DF80A
:1052F0000D0068B103F0CEFF20B19DF80C300BB962
:1053000086F8108001344A2C06F11806E8D12546AB
:10531000064B1D8008B0BDE8F041FFF771BF00BF2C
:105320005D560108F456002018170020AC870020B5
:10533000014B1888704700BFAC8700202DE9F04F63
:10534000634A077D89B004466249002004F072FD7B
:1053500000202CF0C4FC20B12368218A588805F075
:1053600091FB00205C4904F04BFD637DDFF87491F4
:10537000002B236808BF08205988574B18BF00200E
:105380000093228A4FF0090314BF4FF080084FF0BA
:10539000400804F0D3FBA289BB1C93420CDB2CF029
:1053A00007FD034620B100204C4A4D4904F028FD7A
:1053B000012009B0BDE8F08FA068791C89B2C55DF5
:1053C0002CF035FC0337012D0646BFB213D82368F5
:1053D000324659885879238A009343462BF06AFB5A
:1053E000824600283ED1862004F086FC284604F040
:1053F00083FC304668E08520F6E703A92AF00AFF1F
:105400009DF80C30AB4223D123689DF80D105A79DA
:1054100091421DD1BDF80E105A88914218D1BDF8A5
:105420001020B24214D19DF81220424510D1BDF88F
:105430001410228A91420BD1002D38D0BDF81810DB
:10544000E288914204D19DF81A201B799A422ED00D
:105450000BF1010BB9F800305FFA8BF08342CCD826
:105460008B20C1E74FF0000BF4E79AF8020004F03C
:1054700043FCBDF818002CF09AFBBDF81A002CF084
:1054800096FB9AF8020005F013FD002883D19AF8E4
:10549000020003F01DFD0546079E002D3FF47BAF83
:1054A000F0B2013D04F028FC360AEDB2F5E7002029
:1054B00004F022FC284604F01FFC30462CF077FB59
:1054C000012DD2D1BDF81C002CF071FB63E700BFA9
:1054D000880A05080EDE04080D170508950A050858
:1054E000B20A0508AC87002038B5084D01462C8863
:1054F000492C07D820462AF097FE2B8801332B80B1
:10550000204638BD4FF6FF74FAE700BFAC87002095
:105510002DE9F04391B0694680462AF07BFE0023D6
:10552000194F8DF801303888431E98B28045388075
:1055300009D1694640462AF077FE68462AF05EFEA9
:1055400011B0BDE8F0834FF0180905A92AF062FEFA
:105550000E4C3E880AAD09FB06460FCE0FC596E8F5
:10556000030009FB084485E803000AAE404605A98C
:105570002AF05AFE0FCE0FC495E8030084E803001A
:1055800069463888D7E700BFAC870020181700208D
:1055900038B5074D2C882CB9FF21064829F03DFE6F
:1055A000204638BD601E80B2FFF7B2FFF2E700BFB1
:1055B000AC870020F45600202DE9F3479A461823C3
:1055C0009DF82890244FCDE9001203FB097314467F
:1055D000D3E902232CF0C4FC064620460D4605F014
:1055E00067FC04F0FD03382B80460FD1009432464F
:1055F0002B460021DAF810002AF04CFEB8F1010F1A
:105600001BD135431ED102B0BDE8F087392CDAF842
:1056100010300BD107EE906A07EE103AF4EEC77A1D
:10562000F1EE10FAACBF01200020E7E79E4275F1D1
:1056300000032CBF01200020E0E7B8F1000FE2D109
:105640000028E0D0182303FB097701233B7402B044
:10565000BDE8F047FFF7D4BD181700202DE9F04F43
:1056600000252E46A846AA462C46DFF8BC91D1B0AC
:10567000694BA8B21B88834209D81CB16188207984
:10568000FFF7A0FDFFF7BCFD51B0BDE8F08F0BA9FF
:105690002AF0C0FD37F091F91823AFB27B4309EB34
:1056A000030B59F8033005909DF82D00049303F087
:1056B000F1FD002800F0AE809DF82C10002940F08C
:1056C000A980DDE90432D01A4FF47A72BDF838307F
:1056D0005343834200F29E809BF8103043B9BDF8DB
:1056E0003A30002B00F096805343834200F29280C0
:1056F000FD230022CDE9013210AB00930DF1190218
:105700000DF11A03E9B20BA8F0F712FE002877D1C9
:10571000BDF81A30DA1C0493D2B214B33F4B9DF893
:105720002D101B8813442279914214D1BDF82E10FC
:10573000628891420FD19DF83220B8EBD21F0AD176
:10574000BDF83420524506D1B3424DDD0020344926
:1057500004F056FB01E0B342F8DC61882079FFF7E2
:1057600031FD04F09DFA04469DF932002D4BC043F3
:10577000C00F0093BDF834200A23BDF82E10C000DE
:105780009DF8328004F0DAF99DF82D304FF0000BCF
:1057900023714FF48A53FF26BDF834A04FEAD8187E
:1057A000E38007A95FFA8BF005F076FEC0B2B0B9CE
:1057B0009DF81D109DF82D20914210D1BDF81E10AE
:1057C000BDF82E2091420AD122469DF829109DF85D
:1057D0001C002CF0F6FAB04228BF3046C6B20BF1DE
:1057E000010BBBF10A0FDCD1BDF830002CF0DFF962
:1057F0009DF8190004F080FA049910A804F090FABA
:10580000182300225F4309EB07031A7437F0D5F819
:1058100049F8070001352BE7AC870020AC88002051
:10582000710B05080D1705081817002070B5002426
:105830000126104D8AB02B88A0B2834204D80AB04A
:10584000BDE87040FFF7DCBC05A92AF0E3FC9DF839
:10585000150003F01FFD50B19DF814303BB91A46F6
:10586000CDE901360093E1B205A8F0F761FD0134FE
:10587000E1E700BFAC8700202DE9F0430389DFF8A2
:1058800058818BB0B8F800900093044683798288E1
:10589000418840782BF00EF9002800F09580E789C8
:1058A00027B1A389BB4200F291800027B8F80030ED
:1058B000BDB2AB4214D84D4601264FF6FF73E289C4
:1058C0009A4226D146B9B8F80030AB4202D92846F0
:1058D000FFF71EFEFFF794FC00200BB0BDE8F0833D
:1058E000284605A92AF096FC9DF814307BB9226859
:1058F000059B5340FF2B0AD86368069E5E4036F036
:105900007F4604D1BDF81C2023899A42D5D00137A7
:10591000CCE7E2689A422BD0002E53D1D4E903237E
:10592000CDE9082305A82AF069FC0028D5D1B8F8EC
:105930000030AB4204BF6B1CA8F8003037F03DF8D4
:1059400018236B43234AE9B2D050D418002305A88A
:105950001A46CDE901330093F0F7EAFC18B10022B2
:105960000023C4E90223284605A92AF05DFCB1E71B
:10597000234605AA04F1100C174618685968083325
:1059800003C763453A46F7D11868386005A8FFF7A2
:10599000E7FB0028C0D0492D1AD800238DF8143019
:1059A00063788DF815306388ADF81630A388ADF8AC
:1059B0001830A3798DF81A302389ADF81C300028EF
:1059C000B0D1ABE70020E6E7862086E7872084E7B2
:1059D000892082E718170020AC8700202DE9F04FBE
:1059E000A24A057D8DB00446A149002004F022FAA8
:1059F00000202CF074F920B12368218A588805F022
:105A000041F800209B4904F0FBF9637D4FF0000A48
:105A1000002B14BF802340230293236808BF082073
:105A20005988944B18BF00200093228A072304F062
:105A300085F8DFF85CB2A28905F10308904506DB22
:105A4000BAF1000F1FD1504604F056F91BE0A068D0
:105A5000691C89B2475D2CF0EAF83A4606460346CF
:105A6000854900201FFA88F804F0CAF9C7B1012F50
:105A700000F0A980852004F03FF9384604F03CF995
:105A800030462CF094F82CF093F9034620B1002016
:105A90007A4A7B4904F0B4F901200DB0BDE8F08FDB
:105AA000A068291DA28989B210F808802CF0BFF8DF
:105AB000A91DA289049089B2A0682CF0B8F84246CA
:105AC00005900090049B38466E4904F099F908351A
:105AD0004046ADB205F0ECF9002835D1404603F060
:105AE000F7F9294603468146A289A0682CF08DF873
:105AF00065490390384604F09DF9A1684A46294457
:105B00003B46384604F040F938465A4904F078F9E3
:105B1000A9441FFA89F52368324659885879238A9F
:105B20000093029B2AF0C6FF80B1837843450DD0D5
:105B30008D2004F0E1F8002004F0DEF830462CF06F
:105B400036F84FF0010A76E70397E4E7A8F1480832
:105B50005FFA88F8B8F1090F07D840F2113323FA39
:105B600008F3DB0701D58C20E3E700238DF81C3018
:105B7000236807A85A798DF81D205B88ADF820604E
:105B8000ADF81E30029B8DF82230238AADF8243008
:105B9000049BADF82830059BADF82A30039B0B938E
:105BA000FFF76AFE814600283FF445AF484604F0FF
:105BB000A3F8384604F0A0F830462BF0F8FFB9F10E
:105BC000850FBED15FE74146A289A0682CF02FF86F
:105BD0002E4902468146002004F012F900230535C3
:105BE000BBF80020ADB2BBF800101FFA83F84145A6
:105BF00006D8492A4ED9892004F07EF801209BE777
:105C000007A94046CDE903232AF004FBDDE903237D
:105C10009DF81C10012926D1D4F800E09DF81DC084
:105C20009EF8050084451ED1BDF81EC0BEF80200D6
:105C3000844518D1BDF82000B04214D19DF822004F
:105C4000029988420FD1BDF824C0208A84450AD128
:105C5000BDF828C0E088844505D19DF82A009EF84B
:105C6000041088422FD00133BDE700BF9C0B05080C
:105C70000EDE04080D170508A40B0508FD0B05082A
:105C8000B20A0508C10B0508E20B0508ED0B050873
:105C9000AC870020012390468DF81C302368597989
:105CA0008DF81D105988ADF82060ADF81E100299CE
:105CB0008DF82210218AADF82410E188ADF8281063
:105CC0001B798DF82A3007A8ADF82C902AF096FAA7
:105CD000814600287FF46AAFBBF800304046434558
:105CE00008BF08F1010307A908BFABF800302AF08C
:105CF0009BFAA0E62DE9F04F07468846914600251D
:105D000089B09A46BDF848B09DF84C60149C224B6F
:105D10001A88A8B2824235D903A92AF07BFA9DF8E5
:105D20000C201D4BB2BB9DF80D10B94232D1BDF80D
:105D30000E1041452ED1BDF8101049452AD19DF8CD
:105D40001210514526D1BDF81410594522D13046C4
:105D5000029203F0BDF8A6F14103012B01460AD8D7
:105D600020462BF06AFF0D4B0D4A204484420CD193
:105D70000421029302ACEDB232462046009503ABFB
:105D8000FFF71AFC09B0BDE8F08F14F8011F4B4073
:105D90005343EBE70135BBE7AC870020C59D1C8171
:105DA000930100011FB50F4C2478C4B142EA0322CD
:105DB0009DF818308DF8051042EA43220A4BADF8E1
:105DC0000C201A78094B8DF80610079903EB021383
:105DD00000908DF80400DB6868460291984704B093
:105DE00010BD00BFA98F0020AB8F002014570020EA
:105DF00073B51A4DFF211A4829F00FFA2B7853B3C7
:105E0000184C194E2378180106EB03131A7A5968B7
:105E1000305C06F053F94D281DD0E0B1012300217C
:105E20002278CDE900311201B25CC0B2FFF7BAFFAF
:105E30000A2223780A480133DBB2B3FBF2F102FBFA
:105E40001133FF2123702B78013B2B7002B0BDE88A
:105E5000704029F0DAB902B070BD00BFA98F0020F0
:105E6000B4570020AB8F002014570020F8B5104F16
:105E70003E780A2E1AD00FC8DFF840C00D4D9CF8AE
:105E80000040013605EB041585E80F000A230134B4
:105E9000E4B2B4FBF3F203FB12440748FF218CF891
:105EA00000403E7029F0B1F90020F8BD0120FCE768
:105EB000A98F002014570020B4570020AA8F00207B
:105EC0000021024A0248FAF79DBB00BFF15D0108BC
:105ED000B4570020002337B50C46124D12492A78DA
:105EE000CDE9003312018A5C01230146E0B2FFF7DD
:105EF00059FFA4B90D490A788AB10A202B78013AD2
:105F00000133DBB2B3FBF0F40A70FF2100FB143362
:105F100007482B7003B0BDE8304029F076B903B0D4
:105F200030BD00BFAB8F002014570020A98F002088
:105F3000B457002037B51D469DF81C300093069BD2
:105F40002BF0FDFC044630B100902B460020034AA4
:105F5000034903F055FF204603B030BD110C05087E
:105F6000160C05082DE9F34106460F4690461D46DE
:105F70002AF00BFE044680B19DF82430424600937F
:105F800039463046089B2BF00CFD38B100902B466B
:105F90000020044A044903F033FF0024204602B0E5
:105FA000BDE8F0812CE30408160C05081FB520237A
:105FB00001930DF10F038DF80F10009300220521BE
:105FC000024BFFF7B7FF05B05DF804FB2B0C05088B
:105FD00038B50446064D0123284628217F2229F0A2
:105FE00008F820462978BDE83840FFF7DFBF00BF3A
:105FF000AC8F002010B5202386B0ADF80C20012214
:1060000001930DF10F038DF80F10009305210F4B35
:1060100004468DF81720FFF78DFFA8B921230193BF
:1060200003AB0093022205212046094BFFF782FFB4
:1060300050B9102301930DF117030093032205219A
:106040002046044BFFF776FF06B010BD370C05085D
:10605000450C0508530C05081FB500238DF80F30BB
:10606000102301930DF10F03009303220521034B2D
:10607000FFF760FF05B05DF804FB00BF530C050897
:10608000F0B591B005A909F08BF90446002879D143
:106090003D499DF81630BDF8142003F0B1FEBDF85F
:1060A00014103A4E31B133681B68587929F0D4FF87
:1060B00000284DD00025EFB226233A46292106A814
:1060C00028F097FF33689DF818201B685B799A4287
:1060D00039D1BDF81A20BDF814309A4233D19DF859
:1060E0001C209DF816309A422DD10023284D3946A8
:1060F00029208DF8183006AA262328F083FF0123D3
:106100007F222821284628F074FF2B782A46013B5D
:106110007F2128202B70012328F074FF3368282169
:106120001B6828465F797F22012328F062FF3846EA
:106130002978FFF73BFF33681B79012B0AD96FF0F1
:10614000FF0011B0F0BD0135032DB4D18B24F2E76F
:106150008524F0E79DF8163002220293BDF8143032
:106160000521CDE9004309200A4B03F00DFD2BF07A
:106170001FFE03460028E2D00020074A074903F02B
:106180003FFEDCE78120DCE7E80C050844660020E0
:10619000AC8F0020070D05080B0D0508180D05082C
:1061A000F0B58FB003A909F0D1F8044600286DD1ED
:1061B0003749BDF80C2003F023FEBDF80C10354D17
:1061C00031B12B681B68587929F046FF002846D06A
:1061D0000026F7B226233A46292104A828F009FF11
:1061E0002B689DF810201B685B799A421ED1BDF880
:1061F0001220BDF80C309A4218D100233946264FA0
:1062000029208DF8103004AA262328F0FBFE012354
:106210007F222821384628F0ECFE3B783A46013BA5
:106220003B707F210123282028F0ECFE0136032E4D
:10623000CFD12B68184E1B6828215F793046012387
:106240007F2228F0D6FE38463178FFF7AFFE2B6864
:106250001B79012B05D96FF0FF000FB0F0BD85242D
:10626000F5E7BDF80C3003220521CDE900430920F4
:106270000A4B03F089FC2BF09BFD03460028EAD073
:106280000020074A074903F0BBFDE4E78120E4E76B
:10629000430D050844660020AC8F00201FF9040858
:1062A0005E0D0508180D0508F0B591B004A909F0B8
:1062B00053F8044600286DD13749BDF8102003F08B
:1062C0009FFDBDF81010354D39B12B681B6858790A
:1062D00029F0C2FE002808BF8524314E01237F2209
:1062E0002821304628F085FEBDF8103006220293A2
:1062F00033780521C3F10303CDE900430920294B7D
:1063000003F042FC3CB12B681B79012B31D96FF0B3
:10631000FF0011B0F0BD26462623F2B2292106A8BF
:1063200028F067FE2B689DF818201B685B799A425D
:106330000ED1BDF81A20BDF810309A4208D104F1F0
:1063400040039DF81C206B44013403F82C2CE4B26C
:106350000136032EE0D1204603F0CEFC002605AF27
:10636000F3B29C4210D82B681B79012B01D9002C69
:10637000CDD02BF01DFD03460028C8D000200A4ACE
:106380000A4903F03DFDC2E717F8010B03F0B4FC26
:106390000136E5E78120BCE7700D05084466002062
:1063A000AC8F00201EF904088E0D0508180D050895
:1063B000F0B5054600248BB0E6B268462623324687
:1063C000292128F016FE9DF8000050B1A8421CD1EA
:1063D00000236A468DF8003031462623292028F014
:1063E00011FE0134032CE7D10024154A01237F213B
:1063F0002820147028F006FEFF2D1FD021462846C5
:106400000BB0BDE8F040FFF7D1BDFF2DE9D12BF077
:1064100041FC0028DCD0E4E707EB05131E7B2EB916
:10642000284602F0A9FF3146FFF7C0FD013402F013
:1064300009FEE5B2A842EFD80BB0F0BD014FF6E778
:10644000AC8F0020746300202DE9F04F054693B017
:106450001C46DDE91C97C37C868990F814A0484649
:106460008846069204932BF0E8FB2B6804995B792D
:10647000964D0593964A069B063EA6EB0A064029D2
:1064800018BF2A46361A93490020009301944346C8
:1064900003F0D0FC4946002003F084FC00208E4924
:1064A00003F0C8FC0023B6B239461846324603F062
:1064B0006BFC2946002003F0A3FCB8F1000F40F06C
:1064C000858000254FF0FF095FFA85FA26235246A2
:1064D000292108A828F08DFD9DF82030059A9342C7
:1064E00009D1BDF82220424505D19DF82420069906
:1064F0008A4200F09580B9F1FF0F02D1002B08BF4E
:10650000D1460135032DDFD1B9F1FF0F00F04781EE
:10651000AA464A462623292108A828F06AFD049B9A
:10652000402B01BF0A22B4FBF2F202EB8203A4EB80
:1065300043030CBF14460023ADF826404FF000047F
:1065400008BFDBB28DF828308DF829408DF82B403C
:106550008DF82D408DF830408DF834408DF838405E
:106560008DF83A408DF83C408DF83E408DF8424021
:10657000B44257D3D14521D0059B584C8DF82030DB
:10658000069B7F22282120468DF824300123ADF878
:10659000228028F02EFD2378224601337F212820F7
:1065A0002370012328F02EFD2821204601237F227D
:1065B00028F01FFD21780598FFF7F8FC26234946AF
:1065C000292008AA28F01EFD002307E0414605986F
:1065D00029F042FD00287FF474AF8523404A1268F9
:1065E0001279012A17D8049A0093A2F140014A4275
:1065F0004A4106993B4BCDE90181920105210920D1
:1066000003F0C2FA2BF0D4FB034620B10020364A37
:10661000364903F0F5FB6FF0FF0013B0BDE8F08FD3
:10662000D14676E7A51CB54201DB8023D6E721469B
:1066300032463846ADB22BF0FAFA7D5DE11C89B2E4
:10664000002D00F0AA804B199E42EEDB082811D0E5
:10665000B0F5407F16D0062809D14FF001038DF820
:1066600029307B5C003B18BF01238DF82A300D4494
:10667000ACB27DE74FF001038DF82B307B5C8DF8D9
:106680002C30F4E7012DF2D00123324638468DF844
:106690002D302BF0CCFAA5F1020B5FFA8BFB611DBC
:1066A000BBF1010FADF82E0089B20DD9012332469E
:1066B00038468DF8303007912BF0B9FA049B0799D2
:1066C000402BADF8320013D05D46D0E70D1705081A
:1066D000A30D0508AC0D0508D50D0508AC8F0020ED
:1066E00044660020070D0508D90D0508180D05089A
:1066F0002B1FDBB2E11D012B89B24CD94FF0010BEE
:10670000324638468DF834B02BF091FA04F1090185
:10671000062DADF8360089B23BD07B5C072D04F125
:106720000A018DF838B08DF8393089B231D07B5CF0
:10673000082D04F10B018DF83AB08DF83B3089B289
:1067400027D07B5C04F10C018DF83D30A5F10903E5
:10675000DBB25B458DF83CB089B21CD93246384675
:106760008DF83EB02BF063FA0B3DEDB204F10E0153
:106770005D45ADF8400089B27FF679AF32463846C4
:1067800007918DF842B02BF052FA0799ADF844000A
:106790006DE700256BE71D4669E70C46E8E68923AF
:1067A0001CE700BF2DE9F0410C4603688EB0C77CA2
:1067B00093F8058015460B4600926E496E4A0020FC
:1067C000412F08BF0A466D4903F01AFBC4B90026E1
:1067D00026232921F2B204A828F00BFC9DF81030E2
:1067E000434508D1BDF81230A34204D19DF81430BE
:1067F000AB4200F0BA800136032EE9D18B2606E0C9
:106800002146404629F028FC0028E0D18526412F6A
:106810000CBF4122012205210920CDE90145584B39
:10682000009603F0B1F9002E40F08C80412FBDF8A6
:10683000160001BF9DF8183000EB800003EB400309
:1068400098B22BF0B4F9002003F056FA9DF81930F5
:106850004BB106202BF0ABF9012003F04DFA9DF867
:106860001A0003F049FA9DF81B304BB108202BF0B9
:106870009EF9012003F040FA9DF81C0003F03CFA59
:106880009DF81D30002B5DD04FF440702BF08FF938
:106890003C4B00201C8803F02FFA9DF81D30002B84
:1068A00065D0BDF81E00384D2BF081F92B5D023309
:1068B0002B559DF8203033B1BDF822002BF077F92D
:1068C0002B5D02332B559DF8243033B1BDF82600E3
:1068D0002BF06DF92B5D02332B559DF8283033B129
:1068E0009DF8290003F008FA2B5D01332B559DF824
:1068F0002A3033B19DF82B0003F0FEF92B5D0133F4
:106900002B559DF82C3033B19DF82D0003F0F4F990
:106910002B5D01332B55BDF8300048B19DF82E306A
:10692000002B08BF00202BF042F92B5D02332B55C2
:106930009DF8323033B1BDF834002BF038F92B5DBF
:1069400002332B55114B1B681B79012B08D82BF0F8
:106950002FFA034620B100200D4A0E4903F050FAE9
:106960006FF0FF000EB0BDE8F08100264FE74FF654
:10697000FF7098E7A30D05080D170508E30D05083E
:10698000070D0508AC8800208F9400204466002085
:10699000020E0508180D05082DE9F04106460F46C0
:1069A00000258AB0ECB2262322462921684628F029
:1069B00020FB9DF80030B3422DD1BDF80230BB4220
:1069C00029D100232146174C6A462920ADF8023010
:1069D0008DF80030262328F015FB01237F22282183
:1069E000204628F006FB23782246013B7F21282001
:1069F0002370012328F006FB0B4B28211B6820463F
:106A00001B687F2293F80580012328F0F2FA4046A4
:106A10002178FFF7CBFA0135032DC3D10AB0BDE8C9
:106A2000F08100BFAC8F0020446600202DE9F047C4
:106A30000446914688468EB021B129F00DFB00280E
:106A400000F019810026FF255FFA86FA26235246B8
:106A5000292104A828F0CDFA9DF81030A34208D1CE
:106A6000BDF81220424504D19DF814204A4500F09B
:106A7000F080FF2D02D1002B08BF55460136032EB2
:106A8000E2D1FF2D00F0F980B246012726232A46E5
:106A9000292104A828F0ADFA0DF11A0300220621DD
:106AA00000932046764B0197FFF75CFA07AB002274
:106AB00008218DF8190000932046724B0197FFF7CB
:106AC00051FA02260DF11E0303224FF440718DF896
:106AD0001B00009320466C4B0196FFF743FA0DF123
:106AE000220304224FF440718DF81D0000932046CC
:106AF000664B0196FFF736FA0DF126034FF48042FC
:106B00004FF440718DF8200000932046604B0196B1
:106B1000FFF728FA0DF129033A464FF440718DF83A
:106B20002400009320465B4B0197FFF71BFA0DF101
:106B30002B0344F202024FF440718DF828000093B9
:106B40002046554B0197FFF70DFA0DF12D0344F246
:106B500003024FF440718DF82A00009320464F4BFA
:106B60000197FFF7FFF90CAB44F204024FF44071B8
:106B70008DF82C0000932046494B0196FFF7F2F95F
:106B80000DAB07228DF82E0000934FF44071454B5A
:106B900020460196FFF7E6F99DF820309DF8282061
:106BA0008DF8320013441844C0B2B8421BD90026F5
:106BB0000DF10F03009308224FF4407120463A4B29
:106BC00001978DF80F60FFF7CDF960B19DF80F3098
:106BD000BB4240D0022B45D02BB98DF81D308DF82B
:106BE00020308DF83230AA4524D000232F4E7F224A
:106BF00028213046ADF816308DF8183001238DF875
:106C00001040ADF812808DF8149028F0F2F9337826
:106C1000324601337F2128203370012328F0F2F916
:106C20002821304601237F2228F0E3F920463178DD
:106C3000FFF7BCF926232946292004AA28F0E2F907
:106C4000424649462046FFF7D5F900200EB0BDE880
:106C5000F087554619E78DF824608DF828608DF887
:106C60003260C0E78DF824608DF828608DF81D60D3
:106C70008DF82060B7E78520E8E78920E6E700BFC8
:106C80000D0E0508140E0508220E05082C0E050829
:106C9000360E05084B0E05085E0E0508700E050839
:106CA000850E0508950E0508A70E0508AC8F002077
:106CB00030B587B005A908F079FB044680BB194DB3
:106CC0009DF81630BDF81420174903F099F82B6889
:106CD0009DF816201B68BDF814105879FFF7A6FE22
:106CE0002B681B79012B03D96FF0FF0007B030BD73
:106CF0009DF8163004220293BDF814300521CDE929
:106D000000030A4B092002F03FFF2BF051F8034625
:106D10000028E9D02046064A064903F071F8E3E767
:106D20008120E3E744660020B40E0508070D05083E
:106D3000D20E0508180D0508F0B5044617460D4695
:106D40008DB021B129F088F9002800F0B980002623
:106D500026232921F2B202A828F04BF99DF8083029
:106D6000A34240F0A780BDF80A30AB4240F0A280B9
:106D70009DF80C30BB4240F09D809DF8113053B11E
:106D8000102301930DF112030093002206212046E7
:106D90004C4BFFF7CFF89DF813304BB120230193F4
:106DA00005AB0093002208212046474BFFF7C2F8AD
:106DB0009DF815305BB1212301930DF1160300936B
:106DC00003224FF440712046404BFFF7B3F89DF883
:106DD00018305BB1212301930DF11A0300930422B3
:106DE0004FF4407120463A4BFFF7A4F89DF81C3051
:106DF00063B1212301930DF11E0300934FF48042F0
:106E00004FF440712046334BFFF794F89DF8203043
:106E10005BB1202301930DF12103009301224FF474
:106E2000407120462C4BFFF785F89DF8223063B166
:106E3000202301930DF12303009344F202024FF447
:106E400040712046254BFFF775F89DF8243063B15B
:106E5000202301930DF12503009344F203024FF424
:106E6000407120461E4BFFF765F89DF826305BB158
:106E7000212301930AAB009344F204024FF44071C2
:106E80002046184BFFF756F89DF82A3053B12123BE
:106E900001930BAB009307224FF440712046124B35
:106EA000FFF748F82A4639462046FFF7A3F80020A6
:106EB0000DB0F0BD0136032E7FF44AAF8B20F7E70B
:106EC0008520F5E70D0E0508140E0508220E0508AD
:106ED0002C0E0508360E05084B0E05085E0E05083B
:106EE000700E0508850E0508950E05082DE9F04180
:106EF00090B004A90446057D08F070FA00283CD142
:106F0000A38904359D42A4BF4FF6FF73ADF814303A
:106F1000BDF814302B4D009300209DF81230BDF8C1
:106F20001020294902F06CFF2B68BDF810601B6827
:106F30009DF812805F7946B13146384629F08CF8C9
:106F400018B985238DF80F3037E000242623292136
:106F5000E2B206A828F04DF89DF81830BB4207D1E0
:106F6000BDF81A30B34203D19DF81C30434506D01A
:106F70000134032CEAD18B23E4E781201FE00123B5
:106F8000BDF814100DF10F0206A88DF80F3029F08E
:106F90009AF950B92B689DF812201B68BDF81010A3
:106FA0005879FFF7C9FE8DF80F009DF80F3023B90F
:106FB0002B681B68587900F07BFF9DF80F0010B01C
:106FC000BDE8F08144660020DE0E050808B5032008
:106FD00005F020FA10B90122014B1A7008BD00BF5C
:106FE000AD8F00200022024B18781A70704700BF46
:106FF000AD8F00200246FF21014828F0FDB800BFF8
:10700000D4570020114B37B51D78C5B9FF21104862
:1070100028F003F9FFF7DAFF044600900D4B2846ED
:107020000D4A0E4902F0ECFE4CB10D4B1B78DB060D
:1070300005D5284604F0E8FF204629F0C9F8094B99
:10704000186803B0BDE83040FFF7D4BFAD8F002013
:10705000D4570020050F0508330F0508B0FE0408BB
:10706000A88F0020A89A0020FF21014828F0D5B859
:10707000D457002070B51A4E054633780C466BB3D2
:107080000020184A184902F0D5FE032C01D0652CC7
:1070900020D11649002002F0CDFE224600201449DE
:1070A00002F0AEFE0020134902F0C4FE012329467F
:1070B0000822002002F068FE00200F4902F0A0FE26
:1070C000032C88BF0023204688BF3370BDE8704082
:1070D000FDF79CBB012CE0D00849DBE770BD00BF89
:1070E000AD8F0020330F0508460F05084A0F05082D
:1070F00066120508680F05080D170508600F0508DA
:107100000021024A0248F9F77DBA00BF0570010864
:10711000D457002010B588B002AC21460DF107000D
:1071200029F056FC0C4B9DF81320BDF810109A70F6
:107130001A4622F8041B94E8030082E803009DF835
:10714000182018465A730022114629F004F900222B
:10715000024B1A8008B010BDF4570020AE87002003
:1071600007B50DF1070029F035FC172807D1064BAC
:107170001B681B78012B08BF02238DF807309DF890
:10718000070003B05DF804FB8065002030B5164DA4
:1071900091B006AC0FCD0FC40FCD0FC495E803001E
:1071A00084E8030029F0FFFB054618B100242046BF
:1071B00011B030BD02A805F07FF8044638B10B4B82
:1071C000009028460A4A0B4902F01AFEEFE706A88B
:1071D00029F0C0F806A902A805F060FD04460028C1
:1071E000E4D0054B0090ECE77C100508720F050811
:1071F000880F0508900F0508A30F050810B588B083
:1072000029F0C0F8002814BF0724032429F0BCF893
:1072100008B144F00804204605F07CFD174805F04D
:10722000D3FC174805F0E2FC10237F2207216846B3
:1072300027F0DFFE29F091F8F0B19DF80500D8B9EC
:10724000104902F0DDFD104B1B681878012808BFBB
:10725000022005F0A5FC00F09DF804A805F0FEFC56
:10726000049B04A843F08003049305F08FFDFFF70F
:107270008DFF032005F0B4FA08B010BD008810029D
:107280000070EF05B90F05088065002008B50C49AE
:10729000002002F0B5FDFF202AF0C3F9FF20FCF723
:1072A0001BF8FF20FFF784F804F0D0F80020FFF768
:1072B000A5FF29F051F80022024B1A8008BD00BF3B
:1072C000E90F0508AE8700200D4A10B5138843F476
:1072D0000073138005F000FA0446002004F094FEC9
:1072E000024638B9012C0AD105F092FCBDE81040E5
:1072F000FFF7CCBF0020034902F082FDF4E710BD88
:10730000AE8700200210050830B51D4B04461B88CF
:1073100089B013F4007006D0162C19D109B0BDE85D
:107320003040FFF7B3BF13F08F0513D0152C04D1F5
:1073300009B0BDE83040FFF7EDBE162C08D0CDE90E
:107340000143104B104A00931049114B02F058FDB5
:1073500009B030BD04A805F081FC152CF8D1049BC0
:10736000DA07F5D523F0010304A8CDE90435069525
:10737000ADF81C5005F00AFD05F0BAFCE8E700BFC7
:10738000AE8700206C100508880F05084810050816
:107390003110050810B50C4C002005F0E3FC224626
:1073A0000A49002002F02CFD012005F0C7FC204610
:1073B00005F0D8FC0B2005F0B5F9BDE810400B2214
:1073C0000020034902F01CBDE0930400A41005084E
:1073D000BF1005084CF25E03F0B51446C2890D4695
:1073E0009A4285B003D1038AB3F5805F02D00020B2
:1073F00005B0F0BD0378002BF9D1838A9807F6D544
:107400000629F4D923780BB1112BF0D12A46032198
:107410002046A7782AF005FC062F064617D0072F2E
:10742000E5D1FFF79DFE012826D0324600201C49F9
:1074300002F0E6FC28F091FFF0B901A804F06CFF1F
:1074400020B38022174B1A80FFF73EFF14E0082D6F
:1074500012D907212A4620462AF0E9FB044628F0E3
:1074600086FF41070AD50020234632460E4902F026
:10747000C7FC204628F085FF0120B9E728F06DFF02
:107480000028F0D1094902F0BBFCF5E7BDF8043053
:107490009A07D6D428F06BFF0307D2D4ECE700BFDD
:1074A00045110508AE870020DD100508001105080C
:1074B00001462C2208B503482DF09FFB8022024B89
:1074C0001A8008BDF4570020AE87002020B10023A9
:1074D0000380024827F0A1BE704700BF205800205B
:1074E000F0B58BB002AA14460E4B03F120061546E8
:1074F00018685968083303C5B3422A46F7D10025F6
:10750000094E0A4F14F8013B304600933A46FF23D8
:1075100000210135F9F738F8202D06F12006F1D1C8
:107520000BB0F0BD691105082058002071760108E4
:107530003D4B73B51B6804461B6803215E793046DA
:1075400029F032FB0546FF2D204601A908D107F09E
:1075500091FE012838BF0120C4B2204602B070BDA0
:1075600007F088FE04460028F7D19DF805309DF805
:1075700004202E4902F044FC2D4A12F8353093B114
:1075800002EBC5039978FE2903D0FF2904D001241A
:10759000E3E701225A70E0E728B2314602EBC0006F
:1075A000FFF794FFD9E79DF804300B2B2FD80B2B56
:1075B000EDD801A151F823F023760108E9750108FF
:1075C0001B7601088F7501088F7501088F750108FA
:1075D0008F7501088F7501088F7501088F75010877
:1075E0008F7501081F760108042002EBC5010871A0
:1075F000012022F835004FF480628B709DF8053031
:10760000CA80CB700B48314627F0F6FDA5E7023360
:10761000DBB2022B28BF01249FE70620E5E7082004
:10762000E3E70220E1E700BF446600208A11050875
:10763000B08700202058002010B50321044629F00F
:10764000B3FAFF280CD0094B03EBC0010A794AB901
:1076500000B203EBC0002146BDE81040FFF736BF83
:107660000020F8E7013A0A7110BD00BFB087002082
:107670002DE9F0410321054629F096FAFF2804463A
:1076800024D0DFF8508006B208EBC0039B7808EBEB
:10769000C606022B4FEAC00701D90B2B06D128469C
:1076A000FFF7CAFF08EB07035A782AB1294630468C
:1076B000BDE8F041FFF70ABF18F8342032B129467F
:1076C000BDE8F041DA88024827F096BDBDE8F081B8
:1076D00020580020B08700201FB501238DF80F30FF
:1076E00003684FF4804258791023062100930DF16E
:1076F0000F032AF024F9044620B102460349002072
:1077000002F07EFB204604B010BD00BFBB1105088F
:1077100037B51546012200920A4606212AF041F9A2
:10772000044630B100902B460020034A034902F082
:1077300067FB204603B030BD2CE30408E2110508C6
:1077400037B51546022200920A4606212AF029F989
:10775000044630B100902B460020034A034902F052
:107760004FFB204603B030BD2CE30408E2110508AE
:1077700030B585B08DF80F301023154600930A46BA
:107780000DF10F0306212AF0DAF8044630B100901B
:107790002B460020034A044902F032FB204605B084
:1077A00030BD00BF110C0508E211050830B585B0E9
:1077B000ADF80E302123154600930A460DF10E0355
:1077C00006212AF0BCF8044630B100902B46002078
:1077D000034A044902F014FB204605B030BD00BF47
:1077E000110C0508E211050837B500212B4A0DF1EF
:1077F00003030446FFF78CFFD8B944F20101204689
:10780000274A01ABFFF79CFF98B944F202012046DA
:10781000244A0DF10603FFF793FF50B99DF803309A
:107820004BB3BDF8043033B964220621204628F05A
:10783000C7FF03B030BD013B9BB244F201012046BB
:10784000174AADF80430FFF7B1FFBDF80450002D22
:10785000EAD12B4644F202012046124AADF8065006
:10786000FFF7A4FF2B46294620460C4A8DF803500B
:10787000FFF77EFFDDE7BDF80630002BD4D0013BDB
:107880009BB244F202012046064AADF80630FFF7EB
:107890008DFFBDF80630002BC6D1CAE70D0E0508D6
:1078A000F5110508FD110508254BF0B51B6885B0DD
:1078B0001B684FF480415E79224A30460DF10D037A
:1078C000FFF726FF0546002837D19DF80D70002FE1
:1078D00033D13A4639463046FFF72EFA044640B1D6
:1078E0000090194B3846194A194902F089FA254681
:1078F00023E001234FF480413046124A8DF80D30C9
:10790000FFF736FF04460028F1D144F2010130466A
:10791000104A0DF10E03FFF713FF04460028E6D1CD
:10792000BDF80E304BB9034644F2020130460A4A14
:10793000FFF73CFF04460028D9D1284605B0F0BD2A
:10794000446600200B120508201205082D120508B8
:10795000E2110508F5110508FD1105087FB52F4B4B
:1079600003A91B681B685D7907F08AFC002852D1C7
:107970009DF80C20012A4CD89DF80D30022B48D8D8
:10798000012A01D1002B44D14FF480412846244ADA
:107990000DF10B03FFF7BCFE0446064648BB9DF8FD
:1079A0000B30C3B928469DF80D209DF80C1028F027
:1079B000F7FC0446E8B9024601462846FDF7A0FA5E
:1079C0000446B0B9034644F201012846154AFFF7C0
:1079D000EDFE04460DE0024601462846FFF726F874
:1079E000044648B10090104B3046104A104902F04E
:1079F00007FA204604B070BD03468DF80B004FF423
:107A000080412846064AFFF7B3FE04460028C9D045
:107A1000EFE78724EDE78120ECE700BF4466002014
:107A20000B120508F5110508201205083412050887
:107A3000E211050830B54A4B85B01B6802A91B68E6
:107A40005D7907F005FC0146002840F086804FF67E
:107A5000FF73BDF80A209A4279D0BDF80C209A42F3
:107A600075D028463F4A0DF10303FFF751FE044647
:107A7000002869D19DF80830DB0703D59DF8033055
:107A8000002B61D044F201012846374A01ABFFF7D1
:107A900057FE00285FD144F202012846334A0DF117
:107AA0000603FFF74DFE002855D1BDF80620EAB1C8
:107AB0009DF80330D3B9BDF80C3044F202019A426C
:107AC00088BFADF806302846BDF80630274AFFF7D4
:107AD0006DFE00283FD14FF6FF73BDF804209A4297
:107AE00029D10621284628F07FFE2DE0BDF80A3076
:107AF000BDF8042044F201019A4238BFADF80430C9
:107B00002846BDF80430184AFFF750FE18BBBDF8F0
:107B10000C3044F202012846144AADF80630FFF753
:107B200045FE0146A8B9012328460E4A8DF80330C8
:107B3000FFF71EFECDE7BDF806209A42D1D06422A1
:107B40000621284628F03CFE204605B030BD85249D
:107B5000FAE70446F8E70446F6E78120F5E700BFB8
:107B6000446600200D0E0508F5110508FD110508F5
:107B70000068002344F20101014A4079FFF716BE74
:107B8000F511050813B5036844F201015C790E4A4A
:107B900020460DF10603FFF7D3FD48B9BDF80630C6
:107BA00043B101234FF480412046084AFFF7E0FD2E
:107BB00002B010BD034644F202012046044AFFF71A
:107BC000F5FD0028EDD0F3E7F51105080B120508C7
:107BD000FD11050813B5036800215C79184A204699
:107BE0000DF10503FFF794FDA8B99DF80530F3B139
:107BF00044F201012046134A0DF10603FFF7A0FDF0
:107C000048B9BDF8063043B101234FF48041204606
:107C10000D4AFFF7ADFD02B010BD034644F202016C
:107C200020460A4AFFF7C2FD0028F4D1ECE70346DC
:107C300044F201012046034AFFF7B8FDEBE700BF1D
:107C40000D0E0508F51105080B120508FD110508B4
:107C500013B5134A00210DF105030446FFF758FD43
:107C600048B99DF8052042B9034644F201010D4A86
:107C70002046FFF79BFD02B010BD44F201012046F3
:107C8000084A0DF10603FFF75BFD0028F3D1BDF8AC
:107C90000620002AEFD1034644F20201024AE7E738
:107CA0000D0E0508F5110508FD1105082DE9F04F29
:107CB0009DB005A907F0D2FA8146002840F0E9807E
:107CC0009DF81C309DF814500293BDF81A3072498B
:107CD00001939DF818302A460093BDF8163002F043
:107CE0008FF8BDF816106D4F002940F08480BDF864
:107CF0001A1039B13B681B68587928F0ADF9002893
:107D000000F081804FF0000A852405F001055FFA3C
:107D10008AFB26235A46292108A827F06AF93B68DE
:107D20009DF820201B685B799A4240F09080BDF856
:107D30002220BDF816309A4240F0898035B99DF86E
:107D400024209DF818309A4240F081804FF00008BE
:107D5000FF245FFA88F65E4567D026233246292144
:107D600012A827F046F93A689DF84830126852790F
:107D70009A4255D1BDF84A10BDF81A2091424FD110
:107D80009DF84C10002D48D09DF82420914247D1F9
:107D90003446BDF81A30ADF82230002D4ED19DF892
:107DA0001C3021468DF824302920262308AA27F0EC
:107DB00029F9A6421DD03A4C01237F2228212046D2
:107DC00027F017F92378224601337F2128202370DA
:107DD000012327F017F93B6828211B6820465E79AC
:107DE0007F22012327F005F930462178FEF7DEF8DF
:107DF00065BB4C4608E03B681B68587928F02CF9B5
:107E000000287FF474AF85243B681B79012B28D9A7
:107E10006FF0FF001DB0BDE8F08F9DF81C20B5E7A6
:107E2000FF2C02D1002B08BF344608F10108B8F13D
:107E3000030F8ED1FF2C11D04646AAE726232146F8
:107E4000292008AA27F0DEF8A642B4D100240AF1BE
:107E5000010ABAF1030F7FF45AAFD5E74FF0890951
:107E6000C7E79DF8183042220293BDF8163005216D
:107E7000CDE9004309200B4B01F086FE29F098FF65
:107E800003460028C4D00020074A084901F0B8FF83
:107E9000BEE78120BEE700BF391205084466002016
:107EA000AC8F0020070D05086E120508180D050897
:107EB0001FB501238DF80F3010234FF4804200933B
:107EC00006210DF10F0329F03AFD044620B10246C8
:107ED0000349002001F094FF204604B010BD00BF0C
:107EE000BB1105082DE9FF47304B04461B681B6892
:107EF00093F80580404628F03CFA02A90646204641
:107F000007F072FA044600284ED19DF8082028494F
:107F100001F076FF9DF8083041224FF48051CDE901
:107F200000630920234B244F01F02EFE2046B7F8B2
:107F3000009001F0E1FE214B2046214A198829F0EA
:107F400040FF522828BF52209DF80840DFF87CA04F
:107F500085B2B44203D23B880233AB4208DB29F03E
:107F600027FF0346D0B96FF0FF0004B0BDE8F087EB
:107F70002146404603AA28F0FEF960B1BDF80C0086
:107F800029F015FE9DF80E0001F0B6FE1AF8093032
:107F900001330AF809300134E4B2DAE70020094A73
:107FA000094901F02DFFDEE78120DEE7446600206D
:107FB00079120508DBF50408AC880020AE880020A3
:107FC000B08800209F120508B11205088F94002088
:107FD000384B2DE9F0471B6804461B6886B093F8C0
:107FE0000580404628F0C9F902A90646204607F058
:107FF00001FA044600285AD19DF808202E4901F0C4
:10800000FFFE9DF8083042224FF48051CDE9006315
:1080100009202A4B2A4F01F0B7FD2046B7F80090FF
:1080200001F06AFE274B2046274A198829F0C9FE2D
:10803000522828BF52209DF80840DFF898A085B24A
:10804000B44203D23B880733AB4208DB29F0B0FED1
:10805000034630BB6FF0FF0006B0BDE8F087214655
:10806000404603AA28F08BF9C0B1BDF80C0029F0F6
:108070009EFD9DF80E0001F03FFEBDF8100029F0B6
:1080800096FDBDF8120029F092FD9DF8140001F054
:1080900033FE1AF8093001330AF809300134E4B22A
:1080A000CEE70020094A0A4901F0AAFED2E7812062
:1080B000D2E700BF44660020D9120508DBF50408AA
:1080C000AC880020AE880020B0880020FB12050894
:1080D000B11205088F94002010B5044C23780BB121
:1080E00004F0D8F80123237010BD00BF7EA100204A
:1080F000014B187000207047AE8F002070B51546F8
:1081000086B0064634F046FD144B03A81C7804F0F4
:1081100003F915F0FD0F1ED0B8B9BDF80C309B0760
:1081200013D5032D08BF032429F0B2FD0C4B0D4AD3
:108130000020CDE9004653F8243052F825200A49A2
:1081400001F05EFE204606B070BD032DECD1042C7C
:1081500008BF0024E8E70324E6E700BFAE8F002055
:10816000E8130508D813050809130508014B187012
:10817000704700BFAF8F0020024B186800B1406805
:10818000704700BFAC9A002070B5044600250A4B2A
:108190001B687BB100211E8807E05A6802EB0110C2
:1081A000013145B9021B554255418AB29642F4D875
:1081B0009B68EEE7184670BDAC9A00202DE9F04FA1
:1081C00093B01E469DF87430022E04934FF00003C6
:1081D000074688461446DDF87090DDF880A0ADF8BB
:1081E0001A3040F2B18099F800305A0729D5042E90
:1081F00040F2AA8099F804B00025574B33F8352097
:10820000002A00F0A78001350A2DF7D1BAF1000F3E
:1082100040F09E80FF250023207908AA0DF1190166
:108220008DF8193029F0A0FC70B1BDF82C309DF804
:108230001900238029F027FD0790B8B113B0BDE8DD
:10824000F08F99F802B0D7E7207928F080FC1F283A
:1082500005907BD8207929F027FD07900028EDD1E3
:108260003E4A059B02EB03135B8823804FF6FF73A6
:10827000002F08BF434662880021CDE900235846FD
:108280002388049A02F0FEFC18B1E38843F020032F
:10829000E380049B07A90DA8CDE90DA4CDF83C907F
:1082A000ADF84080ADF842608DF844708DF84530EF
:1082B00029F065FC08B10798C0E7484602F026FCA3
:1082C000A01D02F011FC22464146384629F079FDF6
:1082D000B04207D238230793BAF1000F30D129F00A
:1082E000D7FCE8E79DF87C3022460393BDF8783050
:1082F000414602930DF11A03CDE900933846F3B2DB
:1083000028F08EFA0790BAF1000F0FD070B9BDF8BF
:108310001A203AB1092D05D8114B03EBC5018A800B
:1083200043F835A0112029F001FCD8E7052807D132
:10833000E388DB06D3D5002301200793FFF716FF60
:10834000079B002BCBD1EDE7012077E7212075E7D4
:108350001C2073E7EDB25EE7285C00207463002008
:10836000245C002040F61D43984210B5044607D80F
:10837000B0F5416F05D2182826D815284DD829D038
:1083800010BDA0F541630D2BFAD801A252F823F0DD
:10839000EF830108EF8301088183010881830108CD
:1083A0008183010881830108818301088183010899
:1083B0002F84010841840108D1830108D183010879
:1083C000D1830108D183010840F606439842D7D1F2
:1083D0001E4925E028F0E3FA1D490246002001F07D
:1083E0000FFD04F005F8BDE8104029F0D1BB28F0DE
:1083F000D6FA17490246002001F002FD154B164A35
:108400001649B4F5416F08BF1A46002001F0F8FC88
:1084100029F0BDFB29F0BCFBE5E71628D8D11049AF
:10842000002001F0EDFCBDE8104029F0B2BC28F0BE
:10843000D4FABDE8104002460A49002001F0E0BC31
:108440000020BDE81040084901F0DABC54140508CA
:10845000011405080D170508FC1305081D1405086F
:108460003D1405086914050891140508034B1B68A1
:108470000BB1188870474FF6FF707047205C0020E2
:10848000002010B529F0FFFB0D4B1B688BB15A780B
:10849000052A08D88AB91446104604F0C9F92046BE
:1084A00004F0B2F905E0FF2A07D00020054901F0E9
:1084B000A7FCBDE8104029F0EBBB05240222EBE746
:1084C00080650020B114050813B5124C002029F076
:1084D000DAFB23689BB101A828F07CFA78B92368FD
:1084E0001A789DF804309A4209D0D91E032906D97A
:1084F000D11E012903D9012A07D1022B05D103235B
:1085000001A8ADF8043003F093FD02B0BDE81040BF
:1085100029F0BEBB8065002000231946034A0133C1
:108520000A2B918042F8081BF9D17047245C002087
:108530007FB50E46054603F099FD2A4604460346DC
:108540000D49002001F05CFC96B10C4B36211A88D5
:108550009B78ADF80C208DF80E3003230022009399
:108560004FF6FC7003AB8DF80D5029F03DFD04462D
:10857000204604B070BD00BFD21405085B16050884
:10858000FF2810B50C4604D10020044901F038FC46
:10859000FE202146BDE81040FFF7CABFEB140508D6
:1085A000F8B51F460B8806460C461546002B5DD1D4
:1085B0004A88B1F9021000200029B8BF6B782C4915
:1085C00001F01EFC6288132A1DD002F5FF417F31A5
:1085D00089B205291FD8A2F50042013A052A1AD806
:1085E000DFE802F0153B19033809224A224900202E
:1085F00001F006FC0FE0214A1F49002001F01AFC9F
:108600002A791F49F3E7B5F801201E49EFE700205A
:108610001D4901F0F5FB3B462A46214630462CF029
:1086200068F970B93B462A46214630462CF063F97A
:1086300048F2210362889A4203D13046697829F0D2
:1086400099FA6388B3F5004F02D9082029F0A6FAF9
:108650000120F8BD2A790D49C9E70D4A06490020D5
:1086600001F0E8FBB5F801200A49C0E70020F0E777
:10867000261505084E150508551505086615050843
:108680006C1505087A15050892150508AC1505083E
:10869000CE150508D31505082DE9F04389B01D4610
:1086A000ADF814309389109FADF818305389B2F8A3
:1086B0000090ADF81A300023DFF8588006468DF898
:1086C000080002A80C46CDE90317C8F80020ADF851
:1086D00016908DF81C3029F050FAC0B92B463A4656
:1086E0002146484601F0F0FF88B92B463A4621461C
:1086F0004846FFF755FF50B9CDE900902B463A4662
:108700003146204602F0E4FA08B9C8F8000009B082
:10871000BDE8F083205C00202DE9F04F85B089464C
:1087200092461C460746BDF83850BDF83C80109E66
:10873000002833D00346464A0020464901F07AFB20
:108740002388002B76D040F20912934274D0424A1B
:108750004249B3F5827F18BF0A46CDF8048061888C
:10876000002000913E4901F065FB238893B1B8F1E8
:10877000020F0FD933783B4913F0010F3A4A08BF73
:108780000A4659074FF000004CBF3379B378374998
:1087900001F050FB0020364901F032FB002335493F
:1087A00031F83320AA4249D1334A52F833B000237A
:1087B00031F83300DA00A84246D100202E490A449D
:1087C000908041F8330047B9238833B9B4F90230B7
:1087D000002B02DB082029F0A9F9012029F0DEF99D
:1087E0009EB13578EB0710D515F0040004D0424651
:1087F0000121304629F01BFACDE90170434622469B
:1088000051464846009628F032FFBBF1000F06D0D3
:108810004346224651464846CDE90067D84743467D
:10882000224651464846CDE9006727F0A1FF05B032
:10883000BDE8F08F114A90E7114A8EE701330A2B09
:10884000AED14FF0000BB2E701330A2BB0D1BAE73B
:108850000116050809160508EC150508EF150508A9
:1088600017160508FA150508F21505084816050833
:108870000D170508285C0020245C0020E51505087C
:10888000E91505080D4BF0B54FF00C0C1F88054697
:1088900000230B4EDCB2BC4201D30020F0BD0CFB28
:1088A00004F43019345DAC4205D144888C4202D1C5
:1088B00004799442F2D00133ECE700BF3CA10020E0
:1088C000BC9A00202DE9F3410126C84C00962246AF
:1088D000FF230021C648F7F757FE00960226C54D34
:1088E000FF232A460021C448F7F74EFE2246009691
:1088F000FF230021C148F7F747FE009603262A46CA
:10890000FF230021BE48F7F73FFE22460096FF23D3
:108910000021BC48F7F738FE2A460096FF230021C5
:10892000B948F7F731FE0423224600930021FF23C4
:10893000B648F7F729FE0523224600930021FF23BE
:10894000B348F7F721FE0623224600930021FF23B8
:10895000B048F7F719FE0723224600930021FF23B2
:10896000AD48F7F711FE0823224600930021FF23AC
:10897000AA48F7F709FE0923224600930021FF23A6
:10898000A748F7F701FE0A23224600930021FF23A0
:10899000A448F7F7F9FD0B23224600930021FF239B
:1089A000A148F7F7F1FD0C230D2722460093002183
:1089B000FF239E48F7F7E8FD22460097FF2300219A
:1089C0009B48F7F7E1FD2A460097FF2300219948CD
:1089D000F7F7DAFD00970E27974EFF233246002166
:1089E0009648F7F7D1FD22460097FF2300219448CF
:1089F000F7F7CAFD2A460097FF2300219148F7F7B1
:108A0000C3FD00970F273246FF2300218E48F7F75A
:108A1000BBFD22460097FF2300218C48F7F7B4FDE9
:108A20002A460097FF2300218948F7F7ADFD32461B
:108A30000097FF2300218748F7F7A6FD1023224661
:108A400000930021FF238448F7F79EFD112322465F
:108A500000930021FF238148F7F796FD1223132787
:108A6000224600930021FF237D48F7F78DFD224623
:108A70000097FF2300217B48F7F786FD2A460097E1
:108A8000FF2300217848F7F77FFD32460097FF2348
:108A900000217648F7F778FD00971427DFF82C823D
:108AA000FF23424600217248F7F76EFD22460097E9
:108AB000FF2300216F48F7F767FD2A460097FF2341
:108AC00000216D48F7F760FD32460097FF23002133
:108AD0006A48F7F759FD009715274246FF23002102
:108AE0006748F7F751FD2246FF23002165480097AC
:108AF000F7F74AFD2A46FF23002163480097F7F75E
:108B000043FD32461626FF23002160480097F7F701
:108B10003BFD4246FF2300215D480097F7F734FDF7
:108B200022460096FF2300215A48F7F72DFD0096B4
:108B300017262A46FF2300215748F7F725FD22462E
:108B40000096FF2300215548F7F71EFD00961826D2
:108B50002A46FF2300215248F7F716FD22460096C9
:108B6000FF2300214F48F7F70FFD009619262A46EC
:108B7000FF2300214C48F7F707FD22460096FF230C
:108B800000214A48F7F700FD00961A26484DFF23BA
:108B90002A4600214748F7F7F7FC22460096FF23B4
:108BA00000214548F7F7F0FC00961B262A46FF23D4
:108BB00000214248F7F7E8FC2246FF230021404805
:108BC0000096F7F7E1FC2A46FF2300213D48009676
:108BD000F7F7DAFC1C23224600930021FF233A48D2
:108BE000F7F7D2FC1D23224672E000BFFF00040805
:108BF00054630020E97701083463002014630020E7
:108C0000F4620020D4620020B4620020946200204C
:108C1000746200205462002034620020146200203C
:108C2000F4610020D4610020B46100209461002030
:108C300074610020546100207542010834610020F5
:108C400014610020F4600020D4600020B460002093
:108C50009460002074600020546000203460002084
:108C600014600020F45F0020D45F0020B45F002077
:108C7000945F0020745F0020545F0020345F002068
:108C8000145F0020F45E0020D45E0020B45E00205B
:108C9000945E0020745E0020545E0020345E00204C
:108CA000145E0020F45D0020D45D0020B45D00203F
:108CB00071350108945D0020745D0020545D002032
:108CC000345D0020145D0020F45C00207D47040822
:108CD00000930021FF230E48F7F756FC1E23F025D2
:108CE000224600930021FF230A48F7F74DFC224655
:108CF000FF23002108480095F7F746FCFF230021D9
:108D0000064A07480095F7F73FFC02B0BDE8F0813E
:108D1000D45C0020B45C0020945C00207B470408F5
:108D2000745C00202DE9F84300244FF00C090C4B33
:108D30000C4F1E78DFF830803A88E5B2954202D3B6
:108D40003046BDE8F88309FB0585FF21A86826F0B9
:108D500072FA18B9AB799E4238BF1E460134EBE770
:108D6000B08F00203CA10020BC9A0020F8B5064638
:108D70000C4628F0F7FE0546C8B9304627F0E7FE56
:108D80001F2815D80B4B03EB00131F7B87B95A889C
:108D9000012122809A88304662809B79237100F0FD
:108DA000F1FA39466071304600F0ECFAA071012505
:108DB0002846F8BD7463002070B504460E4615467B
:108DC00027F0C5FE1F2802D94FF6FF7070BD094B72
:108DD00003EB00131A7B002AF6D146B9012229467B
:108DE000204600F0F7FA0028EED00088EEE7012ECA
:108DF000EAD1F4E774630020FF2313B50DF10701F6
:108E000004468DF8073028F0ABFE18B19DF8070036
:108E100002B010BD074B03EB04131B7B0BB1FF200B
:108E2000F6E7204600F014F90028F8D0204600F0BC
:108E3000A3FAEDE77463002013B5F6F777F904465B
:108E4000F6F77AF9224603461249002000F0D8FFCF
:108E500000F090FFFFF760FB00F066F80221084683
:108E600003F0BAFFFFF70CFB41F2020003F044FDF0
:108E70004FF052130093FF2368468DF8043003F03F
:108E800065FC4FF4004003F03DFB002003F094FC30
:108E900002B010BD5E16050838B5054628F07AFE0A
:108EA00090B9284602F0E4FA044628B140F604439B
:108EB000984214BF88248D2423462A460020034963
:108EC00000F09EFF204638BD8D24FBE7761605088E
:108ED0000123064AD15C814202D1054AD05C704729
:108EE00002335F2BF6D10020704700BF8F160508B4
:108EF0009016050870B500220446094B1D78094BF1
:108F0000D0B2854201D8FF2070BD1E78A64204D1A0
:108F10000029F9D05E7BF607F6D401321033EFE773
:108F2000B18F0020746300202DE9F041C0B06C4681
:108F30003B4B03F12005224618685968083303C2E9
:108F4000AB421446F7D120AA1646364B03F1400532
:108F5000144618685968083303C4AB422246F7D157
:108F600030AA1546304B03F140071446186859687B
:108F7000083303C4BB422246F7D108AA14462B4B40
:108F800003F1200C174618685968083303C7634576
:108F90003A46F7D110AA9446254B03F1200E174606
:108FA00018685968083303C773453A46F7D118AAB9
:108FB0009646204B03F12008174618685968083375
:108FC00003C743453A46F7D120221B4B77461A7018
:108FD00000216A464FF0010E184BDFF8648012F84A
:108FE000010B0131187036F8020B2029588035F832
:108FF000020B83F80DE0988014F8010B03F11003C5
:1090000003F80A0C1CF8010B08EBC00043F8080C2D
:1090100017F8010B03F8040CE1D140B0BDE8F08172
:1090200069110508122B0508522B0508EE160508D4
:10903000922B0508B22B0508B18F00207463002025
:1090400018170508014B1878704700BFB18F002032
:10905000034B03EB0013587B00F00100704700BF87
:10906000746300202DE9F04F054616464FF00009C5
:109070008DB002939DF85830DFF814820793804B2F
:1090800006911B7808EB03130A930A9B984501D1BC
:10909000862069E02B78D8F808A00393039A98F803
:1090A0000030934240F0E38098F80D30DC0709D59A
:1090B0004FF0000B9AF804300993099A5FFA8BF38A
:1090C000934202D308F11008DFE71423DAF80070A6
:1090D000294603FB0B77384627F0C1FC002800F037
:1090E000C1803B890893002308999AB2914202D823
:1090F0000BF1010BE1E70C225A430B937B680492BE
:109100009C1821462A463846059327F0BFFC227951
:109110000B9B002800F09B80069B03B11C6090060F
:1091200025D4584B09EB03080CE01A790C3391064F
:1091300042BF13F8092C90441FFA88F89C42F4D8D7
:10914000514B9844079B63B32146384627F07EFC79
:10915000DDE90413B5F8029002465B5A03984946CC
:1091600028F0E9FC38B97E200DB0BDE8F08F4FF053
:109170000008464BE2E72379DA0639D44346B04685
:109180001E46029AA378002A43D1E278A3F1410156
:10919000012940D8013A41463046D2B228F05AFE61
:1091A00000E00EB90020DFE72146384627F04EFCEC
:1091B000DDE90413B5F8029002465B5A039849466C
:1091C00028F0B7FC0028CED02379DB06D9D521467C
:1091D000384627F03BFC95F80080E2786D8803461E
:1091E000CDE9006229462246404628F0B3FCBBE7A1
:1091F0002146384627F02AFC95F800806D88034602
:1092000022462946404616960DB0BDE8F04F28F09C
:10921000A3BC029ABAE7433B012B06D8023A414667
:10922000304692B228F02EFEBCE7079BE2781BB9CD
:10923000029B0BB1934220D341463046B8F1000F58
:1092400002D12BF0F4FCADE72BF0D7FCAAE712F02B
:10925000300F08BFE27803F1010304BF4A441FFA4C
:1092600082F941E77B894B441FFA83F940E7BAF85A
:1092700006304B441FFA83F924E7892074E700BFC6
:10928000B18F002073900020B28F00203424050895
:109290007463002008B50021FFF72CFEFF2817BFDC
:1092A000044B084603EB0013587B18BF00F0010085
:1092B00008BD00BF746300202DE9F0410D4616463D
:1092C0001F4627F044FC1F280AD8074C3B4604EBF6
:1092D000001032462946BDE8F041806827F004BC02
:1092E0000020BDE8F08100BF746300202DE9F0414B
:1092F0000D4616461F4627F054FC1F280AD8074C77
:109300003B4604EB001032462946BDE8F041806838
:1093100027F0EABB0020BDE8F08100BF74630020A5
:109320002DE9F047002306460F469046FFF7C4FF9D
:10933000E0B100252C460E4BDFF838A093F80090E2
:10934000EBB24B4502D32046BDE8F08701352B0137
:109350001AF803008642F6D0002342463946FFF74A
:10936000C5FF002818BF0134E4B2E9E7FF24EAE7AB
:10937000B18F002064630020014B0001185C70472E
:109380007463002070B50C4627F0E1FB1F281BD842
:109390000F4B03EB00139A68C2B100231426184642
:1093A0001579D9B28D4200D870BD116806FB031142
:1093B000097B34B911F0800F1CBF0130C0B20133FA
:1093C000EFE711F0400FF7E70020EDE71046EBE77D
:1093D00074630020F8B50D46164627F0B8FB1F2829
:1093E0000BD80F4B4FF0140C03EB00139A680023BB
:1093F0001C461779D9B28F4201D80020F8BD1068F9
:109400000CFB0300017B46B911F0800F03D0AC4286
:10941000F4D00134E4B20133ECE711F0400FF5E78A
:10942000746300202DE9F04F80460024494B8DB035
:109430001B78DFF824B105910493049B9C4229D248
:10944000B8F1FF0F76D0404627F081FB1F28044675
:1094500074D90DB0BDE8F08F14221B6802FB0535EE
:109460002B89B3F5967F01D933F0B7FA4FF0000995
:109470002A891FFA89F39A4215D80AF1010A079B33
:109480005FFA8AF55B449B681A79AA42E4D8B8F17E
:10949000FF0F4AD0059B002BDBD140460DB0BDE845
:1094A000F04F27F084BB0C221FFA89F353436968FD
:1094B000CF183A79D0062FD4069812F0400F0078D2
:1094C000CB5A8DF82400288839460390ADF8260041
:1094D00014BF802040208DF828002846ADF82A309F
:1094E00027F0B4FA5207FB78ADF82C0017D5022B01
:1094F000BE6800D93668012300930023324619461E
:1095000009A8FFF7AFFD059B33B106993B463046EE
:10951000039A097827F07FFE09F10109A8E7022BD9
:109520008CBFBE6807F10806E5E7049B0134E4B28E
:109530009C42AFD20BEB04131B7B3BB92301079377
:109540000BEB04134FF0000A069398E70134E4B2E2
:1095500073E700BFB18F0020746300200B2370B548
:10956000094A06881488B44208D19578047B2C40B7
:109570003F2C03D90D4201D0506870BD013B02F170
:109580000802EFD11846F8E7902A050870B50024C4
:10959000074D084E2B78E0B2834200D870BD06EB31
:1095A0000010437BDB0701D528F0E3F80134F1E735
:1095B000B18F002074630020F8B50C4600210546E9
:1095C000FFF798FCFF2827D0144A02EB0016737BA4
:1095D00003F001012CB143F00103737331B1012099
:1095E000F8BD74730029FAD014270FE000B202EB23
:1095F000001028F0BEF8F2E77B4311682846CA182D
:10960000127BC95AD20927F0E3F80134B268E3B2F9
:1096100011799942F0D8E2E70846E1E77463002047
:10962000F0B59646497D00B321B3012918BF042146
:1096300000264FF6FF7034463246174F3D88754579
:109640000DD197F803C01CEA010F08D0BD789D42E8
:1096500005D38AB1A54202D81CF0100F15D10136EE
:109660005F2E07F10407E9D1F0BD002914BF0421E2
:109670000821DDE70221DBE70CF0100CBCF1000F44
:109680001EBF2C4601220020E9E7A54201D3002895
:10969000E5D02C460020E2E7142905082DE9F04F1B
:1096A0000A9FBDF824E09DF82C809DF830904C7DF9
:1096B00078B39CB3012C18BF04240025194800F589
:1096C000BE7C068896421ED190F803B01BEA040FB8
:1096D00019D08678464516D31BF0100F91F80FA0CD
:1096E00004D0BAF1000F0ED0B1F810A0BAF1000FFB
:1096F00009D1A94514D0AE4512D95E553E88013531
:1097000001363E80ADB204306045DAD10120BDE8BB
:10971000F08F002C14BF04240824CEE70224CCE7E9
:109720000020F4E7142905082DE9F04F0024B1F5D5
:109730007C4F0E4638BF4FF0010AA1464FF6FF7826
:1097400085B0CDE9023228BF274B019028BFB3F87E
:1097500000A00094544503D3404605B0BDE8F08F07
:10976000B6F57C4F0CD3214B314603EB84035B8869
:10977000029A0198FFF7A0FD0546F0B1002718E016
:109780003146029A019827F009FAF5E70C23BCB29A
:109790005C43D5F804B0039B3BF804000BEB0401D9
:1097A000984205D3009B5BB9284627F04FF9A0B932
:1097B00001372A89BCB2A242E8D80134A4B2C9E771
:1097C0004845F5D8284627F041F90028F0D03BF865
:1097D0000410494501D38045EAD9012380463BF86E
:1097E00004900093E4E700BF0E1705081017050862
:1097F0002DE9F04F8FB098469DF87030BDF860A00D
:1098000004939DF874308DF82C0005930023ADF877
:109810002E10ADF8322005460E46174600931A4624
:1098200008A90BA8199C9DF868B09DF86C90089346
:109830008DF83080ADF834A0FFF714FC089850B9CB
:109840002B46CDE90067594A594900F0D9FA8620DC
:109850000FB0BDE8F08FB9F1000F14D183785B45EC
:1098600006D04846514A534900F0CAFA8D20EFE726
:10987000037913F0010306D118464C4A4E4900F013
:10988000BFFA8820E4E703795B0731D583685A681B
:109890009B6809920A93807828F059FB089A03463E
:1098A00092F80390B9F1020F13D84A462146079067
:1098B00009A828F008FB079B06904A4621460AA8FB
:1098C00028F001FB069B012B01D0013010D187202D
:1098D000BEE706904A462146099828F0F4FA012886
:1098E000F5D04A462146069B0A9828F0ECFAECE7A8
:1098F000049B002B53D1089B4FF6FF7221469878AA
:1099000027F06FF800284FD05FFA80F943463A46B7
:1099100031462846CDE90294CDE900AB28F02BF979
:10992000002895D143463A4631462846CDE902946F
:10993000CDE900AB27F0F7FE002889D10123009381
:10994000049B224619460BA8FFF78CFB00287FF4E6
:109950007FAF059B2BB1324629462046089B27F056
:109960005AFC43463A4631462846CDE901B4CDF883
:1099700000A0FCF7BFF943463A4631462846CDE9F8
:109980000294CDE900AB22F081F843463A463146D5
:109990002846CDF800A027F09EFE002058E70020C2
:1099A000064900F02DFAF8E7012051E7D22B05080F
:1099B000DE2B05080A2C05081E2C0508322C05088C
:1099C00070B5002586B08DF81030BDF828308DF8C0
:1099D0000C00ADF80E10ADF81220ADF814300B9A53
:1099E000BDF83030009502A903A80D9E0295FFF73F
:1099F00039FB044630B916B1029B9B783370204680
:109A000006B070BD8928FAD12846024900F0F8F95D
:109A1000F5E700BF4F2C05082DE9F04FC7B0BDF8A2
:109A200044910646B9F1040F0D4614461F46BDF891
:109A300040B136D9CDE9013B00920B46024631498F
:109A4000002000F0DDF9FD230DF1170A0DF11808D3
:109A50003046029322463B462946CDE900B8CDF870
:109A60000CA0FFF7ADFF064638BB9DF817A0FD22FE
:109A70004146504626F0B5FF074620469FB1A9F162
:109A80000403BB420FD3DFF88CB028F090F8BBF88A
:109A90000030BA1CC3F152039A4219DB892000F04E
:109AA0002BF9892605E028F082F88926304600F057
:109AB00023F9304647B0BDE8F08F009023462A4690
:109AC0000020114900F09CF9204628F070F8EDE7DD
:109AD000304600F011F9504600F00EF9BBF8009046
:109AE0000A483A4641464844B9442BF0ABF8ABF833
:109AF000009023462A4630460549009700F080F939
:109B0000D7E700BF792C0508B42C05088F940020F6
:109B1000DB2C0508AC88002010B5044C20600448FC
:109B2000018004490A60044A136010BD7C6500206E
:109B3000A8880020786500207465002030B587B0C3
:109B40000AAC0D4654F8041B0093CDE901141346EA
:109B500009490246094809880068059427F030FF42
:109B60004FF48A52064B1B681880064B1B685D80B9
:109B7000DA8007B030BD00BFA88800207C650020D7
:109B8000786500207465002008B410B587B009AB73
:109B90000C4653F8041B0092CDE9011302460B4911
:109BA0000B48059309880023006827F009FF4FF44C
:109BB0008A52084B1B681880074B1B685C80DA8050
:109BC00007B0BDE8104001B0704700BFA888002072
:109BD0007C6500207865002074650020044A0346F7
:109BE00011680448044A09881268006826F08BBD91
:109BF00078650020746500207C6500201FB5029305
:109C0000064B1B680193064B1B681B880093054B92
:109C10001B6826F0D9FC05B05DF804FB7C650020CC
:109C20007865002074650020044B054A1B681268A3
:109C30001988044B186826F0E8BC00BF786500203E
:109C40007C6500207465002007B5074B1B681B88E6
:109C50000192064A12680092054A126826F027FD12
:109C600003B05DF804FB00BF786500207C65002030
:109C7000746500201FB51446064A12681288CDE9A3
:109C800001430091044B05491B68096826F0FAFC62
:109C900004B010BD786500207C650020746500204C
:109CA000014B1868704700BF74650020024B1B68A9
:109CB00018715971704700BF7465002010B50024F9
:109CC000084B1C7026F06BFE074B52221880214671
:109CD00006482AF0ACFF064B1C80064B1C605C60FB
:109CE0009C6010BDE4940020AE8800208F9400207A
:109CF000AC880020B088002007490B88512B9FBFFB
:109D0000064AD054581C80B29DBF088000F1FF3035
:109D100080180020704700BFAC8800208F9400207E
:109D2000F8B5094F0D463B885C18512C0ADC074EEC
:109D30000A46A4B20146F0182AF05FFF3C80641B7B
:109D4000A019F8BD0020FCE7AC8800208F9400200B
:109D50008A4203460AD95B5C0844FF2B08BF0023F4
:109D60000B4403499342A8BF084670470048704718
:109D7000AA880020024B034A00201A60704700BFE7
:109D8000806500201417050830B4044D044C002BE6
:109D90000CBF2B46234630BC27F08EBF671005084A
:109DA000B12D050870B5054608460C4627F045FF5D
:109DB000611C0246024B2846BDE8704027F07CBF7C
:109DC000092D050800B5037889B0069343783E2233
:109DD0000593837808490493C37803930379029326
:109DE0004379019383790093C3790448008800F094
:109DF00021F809B05DF804FB0C2D0508BC88002093
:109E00000EB417B505A9044651F8040B019105F0ED
:109E10004DF901210220054AF7F72CFF044B1C8065
:109E200003B0BDE8104003B0704700BF0D17050830
:109E3000BC8800200EB417B505A9044651F8040BE0
:109E4000019105F033F9034B1C8003B0BDE81040CD
:109E500003B07047BC88002037B5036804465879C2
:109E600000F0C2FD80B923685A88032A0CD0E17C37
:109E70005B79CDE900211749174AFFF7C1FF01219E
:109E8000204627F09BFF21E0637D144D012B0DD070
:109E9000637D33B92368228A5988587926F063FE96
:109EA00060B92B7893B9C320C1B2E9E72368228A4D
:109EB0005988587926F060FE0028E9D0204627F01E
:109EC00010FF2B7813B910F5807FEDD1012003B07E
:109ED00030BD00BF392D0508312D0508E394002061
:109EE000002970B50F491D460F4B14460CBF6E225A
:109EF0007922002808BF0B4600200C49FFF79AFF83
:109F00000B4E2544AC4205D1BDE870400020094904
:109F1000FFF776BF3146002014F8012BFFF78AFFC8
:109F2000F0E700BF722D0508682D05087B2D050898
:109F3000AF2D050846FB04082DE9F04F427D03686C
:109F4000002A14BF8022402290F814908BB004465F
:109F500090F813B0866885895879C8465F8805925D
:109F600000F042FD98B9BBF1050F05D86FF02D0345
:109F700043FA0BF3DB070AD5032F08D0AF490020C3
:109F8000FFF73EFF0121204627F018FF7CE0E37B2E
:109F900073BB607DAA4AB0FA80F040091380C0000C
:109FA000FFF7AAFEE37B93B3208A27F000FE8246E8
:109FB000A07CFFF7A1FEBBF1160F00F2B281DFE833
:109FC0001BF02800B6017D006700EA017D00AA01B0
:109FD000F301B201FC0105020E024D012502B001A0
:109FE000B001B0013802820238029E024D01250202
:109FF000238A002B00F09581607D0022B0FA80F06A
:10A000008F4B4009C0001A8040F00400C8E79A4610
:10A01000CEE73B4600208B4A8B49FFF7F1FE01203B
:10A02000FFF76AFEDFF818A208F10209A94529D84E
:10A0300041462A46304627F0FAFD804623684246CC
:10A040005879BAF800303946C3F152039BB20193F4
:10A05000238A0093059B2AF04FFC10B11FFA89F860
:10A06000E2E7236842465879BAF800303946C3F12E
:10A0700052039BB20193238A0093059BFFF7CCFC0C
:10A080008928EBD127F094FE01200BB0BDE8F08FBA
:10A090004FF0000A0420FFF72FFEEB1E0893089BE9
:10A0A000984550D3BAF1000FECD1E37B94F81480BB
:10A0B000002B0CBF02220422614B1A800420FFF700
:10A0C0001BFE00239946069308F1030A554540F20A
:10A0D000A1802A464146304627F0A9FD06EB080339
:10A0E0009B78EA1EB244A2EB08020790514618463C
:10A0F00092B2099326F075FC089000287BD0226864
:10A10000099B5079CDE901A3238A3946079A009328
:10A11000059B27F0C4FB82463A460020079B4B492B
:10A12000FFF788FEBAF1000F55D1069B5046013368
:10A13000DBB247490693FFF763FE089B03334344B2
:10A140001FFA83F8C0E72A464146304627F06FFDE4
:10A1500006EB080393F80290089B08F10301A3EBB8
:10A16000080206903144484692B2099126F039FC23
:10A17000079068B3236809995879CDF80890019140
:10A18000238A39460093DDE9053227F0E9FB814651
:10A19000C0B14846FFF7B0FD069827F008FD3A46E3
:10A1A0000020069B2949FFF72BFE4A46002029493B
:10A1B000FFF726FE0AF1010AB9F1800F5FFA8AFA69
:10A1C0003FF470AF079B033343441FFA83F866E7FD
:10A1D0004FF08009DDE75046FFF78EFD079827F026
:10A1E000E6FC09F10109524600201A495FFA89F993
:10A1F000FFF706FEA1E78720FFF77EFD079827F00F
:10A20000D6FC09F101098722124908985FFA89F9F9
:10A21000FFF7F6FDBBF1050F3FF436AFB9F1000FC4
:10A220007FF430AF069B2BB90B491846FFF7E8FDCA
:10A230008021A8E64846FFF75FFD23E7B72D050814
:10A24000AC880020C02D05080D2E0508CA2D050874
:10A25000062D0508E62D0508F02D0508BBF1150FA4
:10A2600000974CD00020B54BB54AB649FFF7C8FD62
:10A270000D20FFF741FD2A464946304627F0D7FC1E
:10A28000B144BBF10C0F054699F802603FD1192E7D
:10A2900028BF1926E37BBBB14FF6FF73B4F81080DB
:10A2A000984511D120682A463946059B4079FFF729
:10A2B0003BFA404508D0BAF1000F05D020828AF859
:10A2C0000000000A8AF801009F4B0020B3F80080CC
:10A2D000FFF712FD2368ABF1150C5879DCF1000390
:10A2E00043EB0C03CDE90163238A2A4600933946E8
:10A2F000059B27F061FA954B03F80800C2E60020A1
:10A30000934B8F4A8F49FFF77BFD1620B1E7132E41
:10A3100028BF1326BEE72046FBF760FB00287FF42A
:10A32000B3AE81212FE62046FBF708F8F6E70A2FA7
:10A3300006EB0908A5EB090A22D1DFF818B29BF851
:10A340000030EBB1E37BDBB9BAF1080F18D12A4634
:10A350004946304627F06BFC90B998F802307BB93B
:10A3600098F80320E22A0BD12A4609F1040130466D
:10A37000059327F056FC27F0F4FC059B8BF8003082
:10A38000414638461FFA8AF22AF0C0FA00287FF4C4
:10A390007BAE0021F7E5A5EB0902384692B206EB49
:10A3A000090127F002FCF1E7A5EB0902384692B259
:10A3B00006EB090127F0C4FBE8E7A5EB09023846E4
:10A3C00092B206EB090127F0E0FBDFE7A5EB0902FB
:10A3D000384692B206EB09012AF09AFAD6E72368CA
:10A3E00016F809505879238A09F1010916F809600D
:10A3F0000193059B2A4639460093334627F01BF903
:10A4000032462946384627F09DFB3DE609F1010218
:10A4100016F80910AB1AABF116056842684100390D
:10A42000009018BF012138469BB2324427F08CFBC4
:10A43000ACE716F80950BBF1110FB14499F801606F
:10A440003BD11220FFF758FC4FF00008E37BB3B17B
:10A450004FF6FF73B4F81090994510D12B463A4649
:10A4600021464046FFF7DCF8484508D0BAF1000F16
:10A4700005D020828AF80000000A8AF80100DFF87F
:10A48000C890DFF8C8B0B9F800A02146CAF151025F
:10A4900092B20AF1010300925B443A464046CDE98C
:10A4A0000256CDF80490FFF7F9F8B9F800300BF830
:10A4B0000A000133A9F80030E4E51420FFF71CFC82
:10A4C0004FF00108C2E709F101039D4233D316F8AA
:10A4D00009801E44B8F1000818BF4FF00108EB1ABC
:10A4E0009DB22B46324641460020FFF7F9FC00950D
:10A4F000334642463846218A27F02AFB46E709F1CF
:10A5000001039D4217D316F80980ED1AB8F100082F
:10A5100018BF4FF001081E44ADB22B4632464146EB
:10A520000120FFF7DDFC0095334642463846218A7C
:10A5300027F00CFB2AE70020A7E500BF0D17050850
:10A54000012E05080B2E0508AC8800208F940020F2
:10A550001B2E0508E194002030B5054685B028B9CA
:10A560001D4905B0BDE83040FFF74ABC0024007B20
:10A5700027F089FB2046194A19492C70FFF740FC47
:10A58000184BE87AFF2103EB401024F046FE2046EA
:10A59000154B02019A5C22B901300428F9D127F049
:10A5A000FDFA696899B1B5F908302A899B1303F05F
:10A5B00002038DF80430C2F30E03ADF806304FF6F7
:10A5C000FF73ADF80830002301A80393884705B056
:10A5D000BDE8304027F05CBB562E0508202E05084C
:10A5E000882E0508C465002084650020094803788A
:10A5F00073B91946084AD3720133042B11731170D1
:10A6000051601181917202F11002F4D101230370A3
:10A61000704700BFE29400208465002070B50D46AD
:10A620000646FFF7E3FF0023094800EB0514A17A73
:10A63000B14205D1217819B12B4400EB031070BD54
:10A640000133042B04F11004F1D10020F7E700BF1F
:10A650008465002010B50446FFF7C8FF0E4B9C42EE
:10A6600012D003F12002944210D003F14002944230
:10A670000ED060339C420DD10323084800EB031039
:10A68000BDE81040FFF768BF0023F6E70123F4E7B9
:10A690000223F2E70020F3E7C46500208465002070
:10A6A00070B50024064D074E28463246002101347D
:10A6B000F5F7A8FF042C05F12005F5D170BD00BF0A
:10A6C000C465002055A601082DE9F043884610789E
:10A6D00000219FB014461D46FFF7A0FF0646002844
:10A6E00000F001810778002F7FD0B8F80010002912
:10A6F00040F0F9800389B8F8022043F40040824218
:10A7000040F0F180617800296FD1A2F50042062A5D
:10A7100000F2E980DFE812F0A500A500E700E700FD
:10A720000700BC006D00E388E17AADF8243023898E
:10A730000D3DADF82630637915F001058DF8283010
:10A7400001F1060314F813208DF814108DF81C2065
:10A7500046D10BA88046069004F10C0C5FFA85FEEA
:10A760008E450CF1020C09D21CF8019C1CF802EC7D
:10A7700001350EEB092E28F802EBEFE75B00013301
:10A7800000EB41000A4403F0FF030890D2B28A4272
:10A790000FD01EA800EB4105E01890F801C0E05C66
:10A7A000013100EB0C20023325F84C0CC9B2DBB2AE
:10A7B000EDE7B6F908203389002AB4BF032201224D
:10A7C000C3F30E038DF808206288ADF80A3005AB9C
:10A7D000ADF80C20049302A9304627F0ADFA04E04E
:10A7E000424A43490020FFF70BFB38461FB0BDE843
:10A7F000F083042D02D83D4A3E49F3E72379053D15
:10A80000ADB29D42B4F8028002D0384A3A49E9E735
:10A810003A4A3B4B0020002D18BF13463949334AB2
:10A82000CDF80080FFF7ECFA05348DF81450B6F936
:10A830000830069485B1002BACBF012303238DF8AB
:10A840002C303389ADF83080C3F30E03ADF82E30D1
:10A8500005AB0D930BA9BFE7002BACBF0623052367
:10A86000EDE70B2DC7D9D4F80200D4F8061013F485
:10A87000004F05AA03C214BF032204228DF82C2026
:10A880006289C3F30E03ADF83020ADF82E30DFE758
:10A89000042DB0D96388ADF8303023790533DBB2AD
:10A8A0009D4206D00020114A17490095FFF7A8FAEB
:10A8B0009BE70E4A00201549FFF7A2FAB6F90820D7
:10A8C0003389002AB4BF03220122C3F30E03ADF87B
:10A8D0002E3005AB0D93631D069323798DF82C2044
:10A8E0008DF81430B6E700277FE700BF202E05085B
:10A8F0009A2E0508C22E0508D62E05080D17050844
:10A90000952E0508FD2E05081A2F05085B2F050852
:10A91000026808B51188154B198051885980517902
:10A920001971117959714FF48A51D980D28812F076
:10A93000200F0CBF0A464FF48B528169DA800C4A13
:10A94000137831B9C0880B4923F0020308801370D3
:10A9500008BD43F002031370074B1522184601315E
:10A960002AF04BF9002200F8012CF1E7B088002012
:10A97000E4940020AE880020BF88002010B5184C59
:10A980002368587926F0E3F81F2822D8154B03EBEB
:10A990000010027B237F9A421BD1236842881988CA
:10A9A0008A4205D04FF6FF70814212D1120410D4B2
:10A9B0002279023A012A06D9A37B63B9BDE8104087
:10A9C0000748FFF7B9BA1989587925F045FB0028DF
:10A9D000F2D1002010BD0248BDE81040FFF73CBA9C
:10A9E000486600207463002008B526F0B0F81F28E0
:10A9F00096BF024B0020185C08BD00BFE994002000
:10AA000008B5002027F03FF9FF2026F007FE27F0C9
:10AA10003FF926F0D4FFFEF715FB01210246064858
:10AA20002AF005F9054B5221054A0648FFF774F84C
:10AA3000BDE80840FEF7AABDE9940020B0880020D8
:10AA4000AC8800208F940020F0B5002204464FF619
:10AA5000FF750B4F90B237F830600346AE4201D11C
:10AA60002846F0BDA64209D1B4F57C4FF9D307EBD7
:10AA7000C3035B888B42F4D00029F2D00132E9E7AE
:10AA80005031050810B50446FFF7DEFF094A0346BA
:10AA900010884FF6FF72934214BF074A2246BDE862
:10AAA000104017BF02EBC30304495A680449FFF77B
:10AAB000C1B900BFBC88002050310508742F0508BB
:10AAC00071160508024B186800B1008A704700BF74
:10AAD00044660020034B18780130C0B2187000F0B3
:10AAE0007F00704780A1002038B1074B1B78012BF5
:10AAF00004D1038843F0400303807047022BFCD14C
:10AB0000038823F04003F7E7E794002068B1074A81
:10AB10001378012B07D1064B1B781370037843F091
:10AB20001003037001E0022BF8D07047E694002078
:10AB3000E59400207FB50121264B274E197033780C
:10AB40000246D90744D42549096881B10868C188FB
:10AB50008D0641BF224CE18841F02001E180C1888F
:10AB60004C0641BF1E48C18841F04001C1801D4DC7
:10AB70001D492878097840074CBFE97069701B4966
:10AB800013F00204098809D0164A1948F8F718FF8B
:10AB9000337823F00203337004B070BD154B18886E
:10ABA0004FF6FB73984208D80B46CDE90052014698
:10ABB0000B4A204625F07BFDEEE74FF6FF73CDE90B
:10ABC000014200930A46074B054925F05BFDE3E788
:10ABD0000020E1E7E3940020E49400204466002094
:10ABE000B08800208F94002081A10020AC88002034
:10ABF000BE880020AE88002070B503790446012B82
:10AC00000D46164631D883681B78DB0600D561B344
:10AC1000A37B13B9E37C0B2B27D00022144B1A80A3
:10AC2000637DB3FA83F35B09D800E37BABB9FFF72D
:10AC300063F8A07CFFF760F80B20FFF75DF8E07C7D
:10AC4000FFF75AF82846FFF757F82046FFF760FE4F
:10AC50003046BDE87040FFF76DBF40F00400FFF7DD
:10AC60004BF8208A26F0A3FFE3E7002070BD00BF69
:10AC7000AC880020024B0A4601461868FFF7BCBFAB
:10AC800044660020F0B4054618460F4B0C461B786E
:10AC9000BDF81010012B0D4E01D0377827B10023DD
:10ACA00033700020F0BC70470CB9002AF9D143B1D1
:10ACB0004FF65743994204D02B462246F0BC26F06B
:10ACC0003DBF0120EEE700BF82A10020E8940020F4
:10ACD0002DE9F04F684C4FF0000A25468446964611
:10ACE00098460F46654B664E83F800A00FCE0FC501
:10ACF00096E80F0085B085E80F00DDF83C90BDF8C0
:10AD0000383072460093394643466046CDE9019497
:10AD100000F002F9DFF89081064670B90025FEF7D1
:10AD2000CDFF16220021574829F081FF0023284635
:10AD3000C8F8003005B0BDE8F08F534BA27CC8F8CE
:10AD400000401A70514B1B78002B36D027F00BF8BF
:10AD50004F4902465046FFF76DF822685046537936
:10AD600052884C490092A289FFF764F8504626F0B9
:10AD7000B6FF20B12368218A5888FFF783FEE37B62
:10AD800023B10020228A4449FFF754F8A368002029
:10AD90001A78E37C41490093A37CFFF74BF8207DB0
:10ADA000A289A168121A01440123002092B2FEF781
:10ADB000EBFF00203A49FFF723F82F48FFF7A8FDE3
:10ADC0002D4829F094FD054630BBB9F1000F25D17F
:10ADD0002168E0880B8801904988BA1E032A0091F7
:10ADE0008CBF002201220121E07CFFF74BFF38B924
:10ADF00023685B79FF2B3AD0FFF7C0FD05468EE74D
:10AE00002368DB889A06F3D40121264C1A48217066
:10AE100026F0D4FF84F80090354680E7B9F8143066
:10AE20009B07E5D47AE75846FEF7A6FA82465846CD
:10AE3000FEF70EF988B123685046228A598825F01A
:10AE400089FE50B13846FFF763FD236889F804A0F6
:10AE500083F805A0FFF792FD00B9284605460136A4
:10AE6000FEF7F0F85FFA86FB5845DCD857E7002676
:10AE7000014FDFF83890F3E748660020E3940020A4
:10AE80003C300508BE88002081A100207FA1002061
:10AE90008D2F0508962F0508B72F0508C32F050825
:10AEA0002CF70408E894002044660020B0880020B5
:10AEB0000023054AD15C814202D31A44507870477E
:10AEC0000233DBB2F6E700BF2A30050808B5074BAE
:10AED0004FF0FF3118682FF023FB30B1BDE8084078
:10AEE0004FF4A56102482EF0E9B808BD08530020D0
:10AEF000E72F050808B5064B18682FF041FB30B165
:10AF0000BDE8084040F22F5102482EF0D7B808BDE6
:10AF100008530020E72F050873B515462E781A460A
:10AF200016F0040F0CBF032605269E42089C08D984
:10AF3000224A234900960020FEF762FF002002B05B
:10AF400070BDBDF8183021712060E380A560A2813A
:10AF50002B7803F00103A3732B7803F00403002B79
:10AF600014BF01210021E1732978C1F3C00161758B
:10AF70004FF00101217518D0284626F058FE237D98
:10AF8000208202332375227D531CDBB22375A95C1A
:10AF90000232D2B2A1742275EB5CE374A3899A42A7
:10AFA00005D900920749054AC5E72382EBE7079BCD
:10AFB0000120A36100232377C1E700BF0116050824
:10AFC000E0310508FC31050808B55422002102488B
:10AFD00029F02DFE002008BDAC89002008B55422C0
:10AFE000FF21024829F023FE002008BD58890020D7
:10AFF000034B18780130C0B2187000F07F00704722
:10B000000995002030B51C4600238BB0ADF82220F6
:10B01000021D92B2012A0E9DADF82030ADF81E102F
:10B02000ADF81C3003D94FF6FF7290420FD10022C9
:10B03000CDE90352CDE90124094B01461B784FF6B7
:10B04000FF70009307AB00F0C1FD0BB030BD0146AF
:10B05000CDE901531846009407AA00F069FEF4E711
:10B0600083A1002038B505464FF400500C4605F08A
:10B070003FF84FF400532860236030B94FF4C37198
:10B08000BDE8384001482EF019B838BD183205081F
:10B0900000487047168D0020014B1878704700BF9C
:10B0A000A2A10020014B1888704700BF44A10020D6
:10B0B000014B1878704700BF9AA10020014B187807
:10B0C000704700BF91A10020014B1878704700BF66
:10B0D00094A10020014B1878704700BF1095002004
:10B0E000014B1878704700BF0F950020014B18786E
:10B0F000704700BF95A10020014B1888704700BF22
:10B1000042A100202DE9F74F414B424A0193424BA7
:10B11000DFF844911B78DFF84481DFF844E1DFF881
:10B1200044C13E4F3E4E3F4D3F49404802EB431A1B
:10B13000019B524503F1200309F1200908F1200881
:10B140000EF1200E0CF1200C07F1200706F120066D
:10B1500005F1200501930FD100221146344B324DE9
:10B160001C78344E344B314FD0B2844203F120036B
:10B1700046D803B0BDE8F08F304B314C536000230C
:10B1800049E907432F4CDFF8E0B048E907432E4C6C
:10B19000C2E902304EE907432C4C11604CE90743E9
:10B1A0002B4C136147E907432A4C49E9050348E959
:10B1B00005034EE905034CE9050347E9050349F892
:10B1C000201C48F8201C4EF8201C4CF8201C47F886
:10B1D000201C46F8201C46E90743019C45E907B3BB
:10B1E000DFF888B046E9050345E9050344E907B3FC
:10B1F00044E9050345F8201C44F8201C203297E759
:10B2000043E9085643E9061743F8101C0132ABE73F
:10B21000D8680020F8690020A9A100203869002022
:10B2200018690020F8680020748500200D170508B3
:10B23000A0A10020B11B0308786900205DC70208A7
:10B240006F6A0408E1DA0208E1630308CF7B0408AF
:10B2500089FD020845900308D8690020B8690020DC
:10B2600098690020586900202DA2030865C40208CF
:10B27000002208B5074B1A605A6026F0CBFE064B39
:10B28000187026F0C7FE054B1870054B1A78054B51
:10B290001A7008BD1685002056950020559500208F
:10B2A00092A1002054950020002100B593B00846DB
:10B2B0006A460CF05BFA0146C8B90E4B0E4A099378
:10B2C0000E4B0D920A930E4A0E4B0E920B930E4AA2
:10B2D0000E4BCDE90F230C930D4B6A4611930CF0E6
:10B2E000F5FC003818BF012013B05DF804FB012005
:10B2F000FAE700BF55650408CDD402084D6704087D
:10B30000699F02089DB6010885EB0208C967040819
:10B3100051CF0208074B1878112803D8064B034178
:10B32000DA0704D5A0F14303584258417047012081
:10B33000704700BF58950020CBFFFDFF08B5064BB6
:10B340001B78013B022B05D80020FFF7E3FF0138F3
:10B35000C0B208BDFF20FCE75995002070B5054636
:10B36000C6B00E46144600214FF48A7201A829F097
:10B370005EFC2B068DF8045003D53D2113482DF0BB
:10B380009DFE2A4631460DF1050029F05BFC23465F
:10B3900021AD04F110062A4618685968083303C223
:10B3A000B3421546F7D10A4801A9F5F76BFB2246CF
:10B3B00021AB25AD1C4603CCAC4210605160234646
:10B3C00002F10802F6D1419846B070BD7832050806
:10B3D0003920040838B50546BC200C4604F088FE28
:10B3E00000220346057144710280022101220348B4
:10B3F00021F06EFDBDE838402EF0AEBD306A002071
:10B40000F8B50446BC200E4604F072FE03467CB13B
:10B410002246041D02F108072546106851680832CB
:10B4200003C5BA422C46F7D1106828609288AA80DA
:10B4300001229E741A800221034821F049FDBDE8D3
:10B44000F8402EF089BD00BF306A002000B5C7B0BB
:10B450004FF48A72002101A829F0E9FB034801A9F1
:10B46000F5F710FB019847B05DF804FB6B2004086A
:10B4700010B50446C6B04FF48A72002101A829F025
:10B48000D6FB044801A98DF80440F5F7FBFA0298B1
:10B4900046B010BD7720040830B505460C46C7B04D
:10B4A0004FF48A72002101A829F0C1FB8DF80450E5
:10B4B00034B9124801A9F5F7E5FA059847B030BD4F
:10B4C0000DF1060322461D4604F10C0152F8040B4F
:10B4D0008A4243F8040BF9D1128808481A8001A95E
:10B4E000F5F7D0FA2B460DF1120253F8041B9342E4
:10B4F00044F8041BF9D11B882380DEE7852004086B
:10B5000010B50446C6B04FF48A72002101A829F094
:10B510008EFB054801A98DF80440F5F7B3FABDF894
:10B52000060046B010BD00BF9720040830B50546A0
:10B530000C46C7B04FF48A72002101A829F077FBAE
:10B540008DF8045034B9124801A9F5F79BFA059813
:10B5500047B030BD0DF1060322461D4604F10C0133
:10B5600052F8040B8A4243F8040BF9D112880848B8
:10B570001A8001A9F5F786FA2B460DF1120253F84D
:10B58000041B934244F8041BF9D11B882380DEE797
:10B59000A5200408F8B50746BC200E46154604F061
:10B5A000A7FD04464760067225B132462946093098
:10B5B00029F048FB0221234621800122034821F083
:10B5C00087FCBDE8F8402EF0C7BC00BF306A002001
:10B5D0002DE9F0410646BC200C4690461F4604F07B
:10B5E00087FD05461EB1031D7168306803C32CB189
:10B5F0000FCC05F10C060FC62368336085F8208058
:10B600002FB14246394605F1210029F01BFB0323E7
:10B6100001222B8002212B46034821F059FCBDE872
:10B62000F0412EF099BC00BF306A00202DE9F041B6
:10B630000746BC200E4615461C469DF8188004F0AF
:10B6400057FD034607714671C58024B100F1080219
:10B650006168206803C20A2283F810801A800221E0
:10B660000122034821F034FCBDE8F0412EF074BC07
:10B67000306A002010B50446BC2004F039FD0B22CE
:10B6800044600280034601220221034821F020FC8D
:10B69000BDE810402EF060BC306A002038B5054689
:10B6A000BC200C4604F024FD0C22034685808471E6
:10B6B000028002210122034821F00AFCBDE8384043
:10B6C0002EF04ABC306A002030B505460C46C7B0A3
:10B6D0004FF48A72002101A829F0A9FA8DF80450CC
:10B6E00034B90B4801A9F5F7CDF9149847B030BD2E
:10B6F0004822214602A829F0A5FA01A90448F5F735
:10B70000C1F94822204602A929F09CFAEDE700BFC2
:10B710002321040830B50546C7B001AC4FF48A7246
:10B720000021204629F083FA35B921460948F5F76A
:10B73000A9F9207B47B030BD95E8070084E80700F1
:10B7400021460448F5F79EF994E8070085E80700CC
:10B75000EFE700BF352104082DE9F04381460C4690
:10B76000C7B09046DDE950654FF48A72002101A808
:10B770001F4629F05CFACDF8049024B194E8070044
:10B7800002AB83E80700BDF838318DF81480ADF8BE
:10B790001830BDF83C31ADF81670ADF81A3016B15E
:10B7A00033788DF81C3055B12B460DF11D0205F193
:10B7B000100153F8040B8B4242F8040BF9D1529B51
:10B7C00011480C939DF84C3101A98DF83430F5F7F0
:10B7D00059F924B102AB93E8070084E8070016B1D9
:10B7E0009DF81C3033704DB10DF11D030DF12D028C
:10B7F00053F8041B934245F8041BF9D19DF8380017
:10B8000047B0BDE8F08300BF412104082DE9F041B5
:10B8100080460F461446C6B04FF48A72002101A834
:10B820001E469DF8305129F002FA8DF804808DF8FB
:10B83000057024B194E8070002AB83E807002B06EB
:10B840008DF814608DF8155003D571210F482DF037
:10B8500035FC4D992A460DF1160029F0F3F99DF8B3
:10B8600038310B488DF89530BDF83C3101A9ADF861
:10B870009630F5F707F924B102AB93E8070084E8A6
:10B880000700269846B0BDE8F08100BFD732050812
:10B89000792104082DE9F04F89B0CDE90632DDE9C0
:10B8A0001B859DF84830074600939DF85430BC2016
:10B8B0000193169B0E4602939DF85C309DF84CB0A8
:10B8C0000393189B9DF850A004939DF864309DF855
:10B8D0006890059304F00CFC079A069B04460771D8
:10B8E000467182712BB100F1080693E8070086E8E3
:10B8F0000700009B84F815B02375019B84F816A0FF
:10B90000E375029B84F82590A361039B2377049B36
:10B910002362059B84F82430B8F1000F05D04A4615
:10B92000414604F1260029F08DF92DB10FCD04F127
:10B93000A8060FC62B6833600F2301222380022143
:10B940002346044821F0C4FA09B0BDE8F04F2EF0B8
:10B9500003BB00BF306A002010B50446BC2004F0D1
:10B96000C7FB102284800280034601220221034883
:10B9700021F0AEFABDE810402EF0EEBA306A002099
:10B9800070B50646BC200C46154604F0B1FB0346D4
:10B9900086802CB12268C0F806206268C0F80A20B0
:10B9A00011229D731A8002210122034821F090FA8E
:10B9B000BDE870402EF0D0BA306A00202DE9F8437F
:10B9C0008146BC200E4614461F46DDF8208004F058
:10B9D0008FFB054680F8049046B13168C0F8061028
:10B9E0007168C0F80A10B168C0F80E102CB10FCC05
:10B9F00005F114060FC62368336085F82870B8F186
:10BA0000000F05D03A46414605F1290029F01AF900
:10BA1000122301222B8002212B46034821F058FAE1
:10BA2000BDE8F8432EF098BA306A002038B50546D4
:10BA3000BC200C4604F05CFB132203460571C48055
:10BA4000028002210122034821F042FABDE8384079
:10BA50002EF082BA306A002038B50546BC200C466C
:10BA600004F046FB14220346456004810280022153
:10BA70000122034821F02CFABDE838402EF06CBAC0
:10BA8000306A00202DE9F84F8046BC200F4616464C
:10BA90001D46BDF828B09DF82CA0DDF8309004F0CC
:10BAA00027FB0446C0F804800772468135B100F1D7
:10BAB0000C036968286803C3A8681860A4F818B064
:10BAC00084F81AA0B9F1000F05D05246494604F196
:10BAD0001B0029F0B7F816230122238002212346F8
:10BAE000034821F0F5F9BDE8F84F2EF035BA00BF54
:10BAF000306A00202DE9F8430446BC208946904670
:10BB00001F4604F0F5FA054624B1061D0FCC0FC6FA
:10BB10002368336085F81890B8F1000F05D04A46C5
:10BB2000414605F1190029F08DF817B13B7885F8E9
:10BB30009830172301222B8002212B46034821F045
:10BB4000C7F9BDE8F8432EF007BA00BF306A0020FD
:10BB500070B506460D46C6B0144600214FF48A72F1
:10BB600001A829F064F88DF804603DB9D4B91648ED
:10BB700001A9F4F787FF049846B070BD2B88ADF893
:10BB80000630C4B12068616802AB03C30E4801A946
:10BB9000F4F778FFBDF806302B8002AB03CB2060B2
:10BBA0006160E8E72068616802AB03C3064801A949
:10BBB000F4F768FFF1E7044801A9F4F763FFBDF863
:10BBC00006302B80D7E700BFB32204082DE9F043ED
:10BBD0008146884617461C46C7B04FF48A7200213A
:10BBE00001A89DF84061529D29F021F8ADF804901C
:10BBF000ADF806808DF8087044B12368CDF80A309E
:10BC00006368CDF80E30A368CDF812309DF8383156
:10BC10008DF81A608DF81630BDF83C31ADF818304B
:10BC2000330604D540F22D1114482DF047FA324660
:10BC300051990DF11B0029F005F895B9104801A99B
:10BC4000F4F720FF4CB1DDF80A302360DDF80E3048
:10BC50006360DDF81230A36065B9279847B0BDE88E
:10BC6000F0832B78064801A98DF89A30F4F70AFF83
:10BC7000002CE8D19DF89A302B70EEE73733050899
:10BC8000C72204082DE9F0470446C6B08A4691460B
:10BC900000214FF48A7201A898469DF84071529E87
:10BCA00028F0C5FF2CB12068616801AD03C5A0680C
:10BCB00028609DF838318DF810A08DF81630BDF849
:10BCC0003C31ADF81290ADF818303B06ADF8148059
:10BCD0008DF81A7004D540F25B1113482DF0EEF97F
:10BCE0003A4651990DF11B0028F0ACFF7EB90F4880
:10BCF00001A9F4F7C7FE34B101AB03CB206018688B
:10BD00006160A06066B9279846B0BDE8F0873378D7
:10BD1000064801A98DF89A30F4F7B4FE002CEBD157
:10BD20009DF89A303370EEE737330508F92204089E
:10BD30002DE9F043814688461446C7B04FF48A7215
:10BD4000002101A81F469DF83861509D28F06FFF23
:10BD50008DF80490ADF806802CB12068616802AAC5
:10BD600003C2A06810603306ADF814708DF8166039
:10BD700004D54FF4D27113482DF0A0F932464F99F3
:10BD80000DF1170028F05EFF7DB90F4801A9F4F707
:10BD900079FE34B102AB03CB206018686160A0600B
:10BDA00065B9269847B0BDE8F0832B78064801A90D
:10BDB0008DF89630F4F766FE002CEBD19DF89630A6
:10BDC0002B70EEE7373305082923040838B50546FC
:10BDD000BC200C4604F08CF919220346057144710D
:10BDE000028002210122034821F072F8BDE83840A8
:10BDF0002EF0B2B8306A00202DE9F0410446BC2094
:10BE00008846174604F074F9034674B1051D04F121
:10BE100008022E4620686168083403C694423546FD
:10BE2000F7D120683060A288B2801A2283F812808D
:10BE3000DF741A8002210122034821F049F8BDE88D
:10BE4000F0412EF089B800BF306A002010B50446DA
:10BE5000BC2004F04DF903461CB1021D6168206846
:10BE600003C21B2202211A800348012221F030F86C
:10BE7000BDE810402EF070B8306A002038B5054695
:10BE8000BC200C4604F034F91C2203460571846082
:10BE9000028002210122034821F01AF8BDE838404F
:10BEA0002EF05AB8306A002038B50546BC200C4642
:10BEB00004F01EF91D220346858084710280022150
:10BEC0000122034821F004F8BDE838402EF044B8C0
:10BED000306A002000B5C7B04FF48A72002101A873
:10BEE00028F0A5FE044801A9F4F7CCFD9DF8040054
:10BEF00047B05DF804FB00BF9123040830B5054648
:10BF00000C46C7B04FF48A72002101A828F08FFEBA
:10BF10008DF8045034B9124801A9F4F7B3FD07981D
:10BF200047B030BD0DF1060322461D4604F1140151
:10BF300052F8040B8A4243F8040BF9D112880848DE
:10BF40001A8001A9F4F79EFD2B460DF11A0253F851
:10BF5000041B934244F8041BF9D11B882380DEE7BD
:10BF60009D23040800B5C7B04FF48A72002101A8D0
:10BF700028F05DFE044801A9F4F784FD9DF8040053
:10BF800047B05DF804FB00BFAF230408F0B50546D9
:10BF90000C46C7B0174600214FF48A7201A81E460E
:10BFA00028F045FE8DF8045054B9164801A98DF8C3
:10BFB0001C708DF81D60F4F765FD089847B0F0BD62
:10BFC0000DF1060322461D4604F1140152F8040B3C
:10BFD0008A4243F8040BF9D112880A481A8001A951
:10BFE0008DF81C708DF81D60F4F74CFD2B460DF19B
:10BFF0001A0253F8041B934244F8041BF9D11B881E
:10C000002380DAE7BB23040810B50446C6B04FF41A
:10C010008A72002101A828F00AFE044801A98DF8BF
:10C020000440F4F72FFD029846B010BDD323040856
:10C0300010B50446C6B04FF48A72002101A828F05A
:10C04000F6FD34B9084801A9F4F71CFD029846B082
:10C0500010BD2388044801A9ADF80430F4F712FD9F
:10C06000BDF804302380F1E7E123040810B504464D
:10C07000C6B04FF48A72002101A828F0D8FD044808
:10C0800001A98DF80440F4F7FDFC029846B010BDFC
:10C09000ED23040810B50446C6B04FF48A7200219F
:10C0A00001A828F0C4FD044801A98DF80440F4F764
:10C0B000E9FC029846B010BDFB23040870B50646A3
:10C0C0000D461446C6B04FF48A72002101A828F02C
:10C0D000AEFD064801A98DF8046002958DF80C406C
:10C0E000F4F7D0FC049846B070BD00BF09240408E2
:10C0F00000B5C7B04FF48A72002101A828F097FD5F
:10C10000034801A9F4F7BEFC019847B05DF804FBB1
:10C110001B2404082DE9F8438046BC200E46144633
:10C120001F46DDF8209003F0E3FF054680F8048009
:10C1300046712CB100F108060FCC0FC6236833609E
:10C140002F77B9F1000F05D03A46494605F11D0099
:10C1500028F078FD1E2301222B8002212B46034864
:10C1600020F0B6FEBDE8F8432DF0F6BE306A0020A0
:10C1700070B50646BC200C46154603F0B9FF0346D1
:10C1800006710CB12278427120229D601A80022132
:10C190000122034820F09CFEBDE870402DF0DCBE7B
:10C1A000306A0020F0B50C46C7B00746164600219D
:10C1B0004FF48A7201A81D4628F039FD230603D5E5
:10C1C00057210A482CF07AFF2246394601A828F068
:10C1D00039FD074801A98DF883408DF884608DF8FA
:10C1E0008550F4F74FFC229847B0F0BD9633050810
:10C1F0007724040830B50C46C7B005464FF48A7260
:10C20000002101A828F013FD230603D5702108485A
:10C210002CF054FF2946620001A828F013FD0548C0
:10C2200001A98DF80241F4F72DFC419847B030BDCB
:10C23000963305089124040810B50446BC2003F089
:10C2400057FF212204710280034601220221034884
:10C2500020F03EFEBDE810402DF07EBE306A00208A
:10C2600038B50446BC200D4603F042FF03461CB11E
:10C27000021D6168206803C222221D731A800221F8
:10C280000122034820F024FEBDE838402DF064BEB2
:10C29000306A002000B5C7B04FF48A72002101A8AF
:10C2A00028F0C5FC034801A9F4F7ECFB019847B05E
:10C2B0005DF804FBBD24040870B50446C6B04FF415
:10C2C0008A72002101A828F0B2FC34B9114801A9F2
:10C2D000F4F7D8FB059846B070BD234601AD04F1D4
:10C2E00010062A4618685968083303C2B342154637
:10C2F000F7D1084801A9F4F7C5FB05AD01AA13461B
:10C3000003CBAB42206061601A4604F10804F6D109
:10C31000E0E700BFC924040830B50446C7B04FF4B5
:10C320008A72002101A828F082FC34B90B4801A9C7
:10C33000F4F7A8FB049847B030BD2068616801ADF0
:10C3400003C52389054801A92B80F4F79BFB01ABAA
:10C3500003CB2B88206061602381EBE7D5240408A0
:10C3600010B50446C6B04FF48A72002101A828F027
:10C370005EFC044801A9ADF80440F4F783FB029881
:10C3800046B010BDE124040870B50446C6B04FF4B1
:10C390008A72002101A828F04AFC34B9134801A987
:10C3A000F4F770FB0C9846B070BD234601AA04F167
:10C3B0002806154618685968083303C5B3422A464B
:10C3C000F7D1186801A928600848F4F75BFB01ADB4
:10C3D00023460BAC2A4603CAA24218605960154690
:10C3E00003F10803F6D110681860DBE7EF240408B6
:10C3F00000B5C7B04FF48A72002101A828F017FCDD
:10C40000034801A9F4F73EFB019847B05DF804FB2F
:10C41000FB24040810B50446C6B04FF48A7200210C
:10C4200001A828F004FC044801A98DF80440F4F7A1
:10C4300029FB029846B010BD0725040800B5C7B017
:10C440004FF48A72002101A828F0F1FB044801A9E9
:10C45000F4F718FBBDF8040047B05DF804FB00BF1B
:10C460003525040830B505460C46C7B04FF48A722E
:10C47000002101A828F0DBFB044801A98DF8045035
:10C480000294F4F7FFFA47B030BD00BF412504081D
:10C4900008B5BC2003F02CFE2922034602800221AD
:10C4A0000122034820F014FDBDE808402DF054BDE2
:10C4B000306A002010B50446BC2003F019FE2A2281
:10C4C00044600280034601220221034820F000FD5F
:10C4D000BDE810402DF040BD306A002010B5044684
:10C4E000BC2003F005FE2B2284800280034601223B
:10C4F0000221034820F0ECFCBDE810402DF02CBDDB
:10C50000306A002010B50446C6B04FF48A7200218C
:10C5100001A828F08CFB044801A9ADF80440F4F709
:10C52000B1FA029846B010BD6925040800B5C7B03D
:10C530004FF48A72002101A828F079FB034801A971
:10C54000F4F7A0FA019847B05DF804FB77250408DA
:10C5500000B5C7B04FF48A72002101A828F067FB2C
:10C56000034801A9F4F78EFA019847B05DF804FB7F
:10C5700083250408F0B50746C7B00C464FF48A720D
:10C58000002101A828F053FBE7B9A4B1264602AD6B
:10C590000FCE0FC596E8030085E80300124801A9F5
:10C5A000F4F770FADFB902AD0FCD0FC495E80300C0
:10C5B00084E8030003E00C4801A9F4F763FA089843
:10C5C00047B0F0BD3B788DF80430002CDED1064832
:10C5D00001A9F4F757FA9DF804303B70EFE79DF896
:10C5E00004303B70DFE700BF8F25040800B5C7B0FB
:10C5F0004FF48A72002101A828F019FB044801A910
:10C60000F4F740FABDF8040047B05DF804FB00BF42
:10C610009D25040800B5C7B04FF48A72002101A817
:10C6200028F005FB044801A9F4F72CFABDF8040032
:10C6300047B05DF804FB00BFA925040800B5C7B0EA
:10C640004FF48A72002101A828F0F1FA044801A9E8
:10C65000F4F718FA9DF8040047B05DF804FB00BF3A
:10C66000B525040830B50446C7B00D464FF48A72AC
:10C67000002101A828F0DBFA94B955B12B881548A0
:10C6800001A9ADF80C30F4F7FDF9BDF80C302B80A2
:10C6900003E0104801A9F4F7F5F9049847B030BD5C
:10C6A0002068616801AB03C35DB12B88094801A90B
:10C6B000ADF80C30F4F7E6F901AB03CB2060616014
:10C6C000E3E7044801A9F4F7DDF901AB03CB2060EF
:10C6D0006160E2E7C125040800B5C7B04FF48A7273
:10C6E000002101A828F0A3FA044801A9F4F7CAF927
:10C6F0009DF8040047B05DF804FB00BFD125040895
:10C7000000B5C7B04FF48A72002101A828F08FFA53
:10C71000034801A9F4F7B6F9019847B05DF804FBA6
:10C72000DD25040810B50446C6B04FF48A72002116
:10C7300001A828F07CFA044801A98DF80440F4F718
:10C74000A1F9029846B010BDE925040810B50446C9
:10C75000C6B04FF48A72002101A828F068FA34B9F3
:10C760000A4801A9F4F78EF9039846B010BD206875
:10C77000A388019001A90548ADF80830F4F782F9C3
:10C780000198BDF808302060A380EDE7F725040884
:10C7900010B50446C6B04FF48A72002101A828F0F3
:10C7A00046FA044801A9ADF80440F4F76BF9029881
:10C7B00046B010BD0326040810B50446C6B04FF4B9
:10C7C0008A72002101A828F032FA044801A98DF8E4
:10C7D0000440F4F757F9029846B010BD112604083A
:10C7E00010B50446C6B04FF48A72002101A828F0A3
:10C7F0001EFA044801A98DF80440F4F743F90298A1
:10C8000046B010BD1F26040810B50446C6B04FF44C
:10C810008A72002101A828F00AFA044801A98DF8BB
:10C820000440F4F72FF946B010BD00BF2F260408CE
:10C8300010B50446C6B04FF48A72002101A828F052
:10C84000F6F9044801A98DF80440F4F71BF946B045
:10C8500010BD00BF3526040800B5C7B04FF48A727A
:10C86000002101A828F0E3F9044801A9F4F70AF926
:10C870009DF8040047B05DF804FB00BF3B260408A8
:10C8800030B505460C46C7B04FF48A72002101A8A6
:10C8900028F0CDF9044801A98DF804508DF8054021
:10C8A000F4F7F0F847B030BD472604082DE9F04111
:10C8B0000746BC201D460C461646BDF8188003F0FE
:10C8C00017FC034687802CB12268C0F806206268F6
:10C8D000C0F80A202C229E73DD73A3F810801A8002
:10C8E00002210122034820F0F3FABDE8F0412DF0C7
:10C8F00033BB00BF306A002010B50446C6B04FF409
:10C900008A72002101A828F092F9044801A9ADF823
:10C910000440F4F7B7F8029846B010BD6D2604083D
:10C92000F0B50446C7B04FF48A72002101A828F080
:10C930007EF934B90B4801A9F4F7A4F8069847B07A
:10C94000F0BD254601AE0FCD0FC62B68054801A9E5
:10C9500001AF3360F4F796F80FCF0FC433682B6044
:10C96000ECE700BF7B260408F0B50446C7B00D46CF
:10C970004FF48A72002101A828F059F944B9C5B9C9
:10C98000154801A9F4F77EF89DF8280047B0F0BDDE
:10C99000274601AE0FCF0FC63B6833604DB90E4836
:10C9A00001A9F4F76FF801AD0FCD0FC42B68236018
:10C9B000EAE72B4606AD03F110062A4618685968C7
:10C9C000083303C2B3421546F7D1034801A9F4F76F
:10C9D00059F8002CE7D1D7E787260408F0B50546BB
:10C9E000C7B00C464FF48A72002101A828F01FF945
:10C9F0002DBBECB103AA2346164604F1100C1746D2
:10CA000018685968083303C763453A46F7D1164892
:10CA100001A9F4F737F80DBB324607AD134603CB37
:10CA2000AB42206061601A4604F10804F6D103E0CD
:10CA30000D4801A9F4F726F8079847B0F0BD28681B
:10CA4000696801AB03C3002CD4D1074801A9F4F7EE
:10CA500019F801AB03CB28606960EDE701AB03CBAC
:10CA600028606960D8E700BF99260408F0B504463D
:10CA7000C7B04FF48A72002101A828F0D8F82CB969
:10CA80000A4801A9F3F7FEFF47B0F0BD264601AF03
:10CA90000FCE0FC73368054801A901AD3B60F3F71E
:10CAA000F1FF0FCD0FC43B683360EDE7A926040802
:10CAB00038B58568034C54F8043B03B938BD2846A3
:10CAC0009847F8E7FC3305082DE9F0410446BC20FF
:10CAD000884617461E4603F00BFB844644B1051DED
:10CAE0000FCC0FC50FCC0FC594E8070085E80700F1
:10CAF0008CF8308057B13A460CF1320307F110013F
:10CB000052F8040B8A4243F8040BF9D136B134468B
:10CB10000CF144050FCC0FC523682B602E23012296
:10CB2000ACF8003002216346034820F0D1F9BDE89B
:10CB3000F0412DF011BA00BF306A002010B5044654
:10CB4000BC2003F0D5FA2F22446002800346012264
:10CB50000221034820F0BCF9BDE810402DF0FCB9DB
:10CB6000306A002070B50446BC2003F0C1FA0646C6
:10CB700044B1051D0FCC0FC50FCC0FC594E80700BD
:10CB800085E8070030230122338002213346034821
:10CB900020F09EF9BDE870402DF0DEB9306A00202B
:10CBA00010B50446C6B04FF48A72002101A828F0DF
:10CBB0003EF8044801A98DF80440F3F763FF46B03E
:10CBC00010BD00BFF126040810B50446C6B04FF4EE
:10CBD0008A72002101A828F02AF8034801A90194CB
:10CBE000F3F750FF46B010BDF726040810B5044611
:10CBF000C6B04FF48A72002101A828F018F8034843
:10CC000001A90194F3F73EFF46B010BDFD260408CC
:10CC100000B5C7B04FF48A72002101A828F007F8C8
:10CC2000034801A9F3F72EFF47B05DF804FB00BFEE
:10CC30000327040800B5C7B04FF48A72002101A889
:10CC400027F0F5FF044801A9F3F71CFF9DF8040045
:10CC500047B05DF804FB00BF0727040830B5044661
:10CC6000C7B001AD4FF48A720021284627F0DFFFDC
:10CC70002CB929460848F3F705FF47B030BD94E8C2
:10CC80000F0085E80F0029460348F3F7FBFE95E8FF
:10CC90000F0084E80F00F0E71327040870B505467D
:10CCA000C6B00C464FF48A72002101A827F0BFFFDE
:10CCB0005DB12B4601AD03F110062A46186859688C
:10CCC000083303C2B3421546F7D144B10FCC05ADCA
:10CCD0000FC50FCC0FC594E8030085E80300034897
:10CCE00001A9F3F7CFFE0F9846B070BD17270408CF
:10CCF00000B5C7B04FF48A72002101A827F097FF52
:10CD0000034801A9F3F7BEFE47B05DF804FB00BF7E
:10CD10002727040810B50446C6B04FF48A720021D4
:10CD200001A827F084FF044801A98DF80440F3F717
:10CD3000A9FE029846B010BD2B27040810B5044682
:10CD4000C6B04FF48A72002101A827F070FF044892
:10CD500001A98DF80440F3F795FE46B010BD00BF61
:10CD60003927040810B50446C6B04FF48A72002172
:10CD700001A827F05CFF044801A90194F3F782FEA3
:10CD8000029846B010BD00BF3F27040830B50446E6
:10CD9000C7B001AD4FF48A720021284627F047FF43
:10CDA0002CB929460848F3F76DFE47B030BD94E82A
:10CDB0000F0085E80F0029460348F3F763FE95E866
:10CDC0000F0084E80F00F0E74D270408014B93F9AA
:10CDD0005A007047AC8400200022034B1870034BAC
:10CDE0001970034B1A7070475B9500205C9500200A
:10CDF0005A9500202DE9F04FDFF89080064698F80C
:10CE000000300D4685B0002B3AD04FF6FB739842A8
:10CE100036D84FF0000B1C4FDFF874A03C7898F820
:10CE200000305FFA8BF94B459AF8000011D948445D
:10CE300002AA0DF10601C0B216F000FF0822294631
:10CE40000DEB020027F0C9FE0BF1010B0028E6D123
:10CE50004C463B78A34208D198F80020631CDBB213
:10CE60009A423B7004BF00233B70324629469AF831
:10CE700000301C44E0B205B0BDE8F04F16F0CCBF66
:10CE800005B0BDE8F08F00BF5A9500205C950020EA
:10CE90005B95002010B504461422002127F0C7FE40
:10CEA000014B236110BD00BF00014405014B03612C
:10CEB000704700BF0044400410B503780446013BAE
:10CEC0008AB0082B17D8DFE803F0093310180522C1
:10CED000242A30004FF003100AB010BD43781548E3
:10CEE000002B08BF4FF44030F6E701A925F05FFCA6
:10CEF00008B90698F0E70020EEE725F0AFFC00281F
:10CF0000F9D1607800F5403000F58070E4E70A4818
:10CF1000E2E7407800F5403000F50070DCE740784B
:10CF200000F5403000F54070D6E7044B1868D3E7B1
:10CF30000348D1E70100030004000300506A002009
:10CF400002000300044A054B10B11B6813607047D0
:10CF500012681A60704700BF486A0020546A0020B7
:10CF600030B543780446002B0B4808BF4FF44030DF
:10CF700087B00D46059026F0B3F81023CDE9015394
:10CF8000012300934FF4105140F20133226905A8A8
:10CF900026F069F807B030BD0100030010B5012488
:10CFA0000C4886B005908DF8134026F099F80DF1E5
:10CFB0001303CDE90043002240F2013341F20101A5
:10CFC000029405A826F04FF8003818BF012006B0DB
:10CFD00010BD00BF1000030073B5012400260546F4
:10CFE00022460B4801AB0DF103018DF8036001945B
:10CFF00026F064F810F1880F03D12D202E7002B0B6
:10D0000070BD18B99DF803302B70F8E72046F6E79D
:10D010001000030007B5102243780748002B08BF13
:10D020004FF4403001AB019226F048F8003818BFA9
:10D03000012003B05DF804FB0100030010B50446B5
:10D0400086B001A90222112301200BF0A1FB9DF85B
:10D0500014300C48E37025F0ECFB062201A9607047
:10D06000112301200BF094FB9DF814304FF4403055
:10D07000A37025F0DEFB207013F012F86060002032
:10D0800006B010BD0100030030B5054619488DB04B
:10D090000C46049026F024F81023CDE90143012426
:10D0A00000942A6940F201334FF4105104A825F08E
:10D0B000DAFF0546D8B91A230822204605A90BF045
:10D0C00067FBBDF91420BDF81430002A02DA0020F5
:10D0D0000DB030BD6FEA43436FEA53430822ADF809
:10D0E000143028461A2305A90BF052FBEFE720461F
:10D0F000EEE700BF02000300F0B585B004460E461F
:10D1000028F091FFC8B102A814F0A6FBA8B1657B76
:10D11000271D15F0020F09D0082238460DEB020139
:10D1200027F05BFD10B12D2005B0F0BD02AB45F03E
:10D13000020503CB606079606573102231460348B5
:10D1400001AB25F0BBFF0028EED0ECE702000300A6
:10D1500007B5102203780748052B08BF4FF00310CE
:10D1600001AB019225F0AAFF003818BF012003B0DF
:10D170005DF804FB0400030030B5044691B07F2243
:10D180000D4628231E2106A821F033FF069B002010
:10D1900043F4007306932378052B0BBF4FF0031263
:10D1A000124A0DF11D010DF12D010CBF05920592E2
:10D1B00025F0F2FE059825F093FF1023CDE90153E9
:10D1C00001230093226940F201334FF4105105A866
:10D1D00025F049FF044628B928237F211E2006AAEE
:10D1E00021F010FF204611B030BD00BF0400030045
:10D1F0007FB50C4E044630680D4625F071FF1023B4
:10D20000CDE90153002300934FF4105140F2013354
:10D210003046226925F027FF003818BF012004B0EE
:10D2200070BD00BF506A002007B50648102201AB50
:10D23000006825F043FF003818BF012003B05DF8F7
:10D2400004FB00BF506A00202DE9F0430746204848
:10D250008FB0884616466B461022006801A925F05B
:10D260002DFF0025002D05AB0CBF36205C200024CF
:10D27000994601AA12F8011B0134E4B24140102C76
:10D2800003F8011BF6D109A829F008FF4A462146F8
:10D2900009A829F007FFBDB941463A4609A829F077
:10D2A00069FF324609AC0DF1340C234603CB6345CC
:10D2B000106051601C4602F10802F6D115B10FB0A2
:10D2C000BDE8F0830125CDE732462146E6E700BF01
:10D2D000546A0020F0B50C46064687B0084615464D
:10D2E000FFF7EAFD6388214F1A0738602CD52A46DC
:10D2F0003146102029F0A0FF1D4E306808B125F0FE
:10D30000EFFE1023CDE90153002300934FF4105199
:10D3100040F201332269164825F0A5FE20BB336890
:10D320003B606388D90717D500232A4601210DF1F8
:10D3300017008DF81730FFF787FF6388002B0CBFAD
:10D340002120002007B0F0BDDE06EAD52A460821DC
:10D35000201DFFF779FFCFE79A0701D50223E4E705
:10D360005B07EAD50323E0E70120EBE7546A0020DE
:10D370004C6A0020F0B593B00446FFF79DFD354E92
:10D380000546306010B92D2013B0F0BD00211822E1
:10D390000CA827F04CFC28460CA925F09BFE002881
:10D3A000F1D13768A7F54033B3F5803F1FD222781B
:10D3B0000D9D022A0F9B4FEA15253DD020F08BFFD3
:10D3C000012814D19DB940F20113384608AA0CA9CE
:10D3D0000D93089700F036F9002308A88DF8203047
:10D3E000FFF7FAFD9DF820300BB9FFF7D7FD6088F5
:10D3F0000028C9D004A92046174D08AF25F0ADFB81
:10D400003A46214604A8FFF765FF286808B125F0D1
:10D4100067FE1023CDE90173002300934FF41051F0
:10D4200040F2013322690C4825F01DFE2B680038BC
:10D4300018BF01203360A7E7002BBFD108A9204601
:10D4400025F08BFB08A9204625F068FB20F043FF60
:10D45000C2E700BF546A00204C6A002038B5034C74
:10D460002568FFF787FF256038BD00BF546A00209C
:10D470007FB50A9E9DF820409DF82450CDE90034E8
:10D48000CDE9025613460A4601460448006825F0D5
:10D490004FFE04B0BDE8704025F034BB546A002054
:10D4A00010B504461346074A10680A4606492CB1CF
:10D4B00025F018FEBDE8104025F024BB25F025FE20
:10D4C000F8E700BF546A0020004440042DE9F0430F
:10D4D00003780446092B0D469DB050D005AA164688
:10D4E000284B03F1080C174618685968083303C71E
:10D4F00063453A46F7D109AA904618681B79386007
:10D500003B71214B03F1100C17461868596808331A
:10D5100003C763453A46F7D120464FF0100904246B
:10D520000DAFFFF727FF4246234601213046CDE9E4
:10D5300000940297FFF79CFF17A8FFF7ABFC0923A5
:10D54000294617A88DF85C3012AD25F0E7FA17A828
:10D55000FFF710FF2346424601213046CDE9014541
:10D56000CDF80090FFF784FF14222946384627F0B3
:10D5700034FBB0FA80F040091DB0BDE8F083002014
:10D58000FAE700BF47340508553405082DE9F04196
:10D5900086B0064603A80C4615F09CF905460028FF
:10D5A0004AD1BDF80C30980646D5102229462046AF
:10D5B00027F03DFB01A814F04FF9C0B1777B06F1CD
:10D5C000040817F0020F06D00822404601A927F0F0
:10D5D00004FB00282ED101AB47F0020703CB70609B
:10D5E000C8F804107773238843F008032380238846
:10D5F00043F00203238013F019FD606028F013FD4F
:10D6000030B10E4B1B68A360238843F004032380D2
:10D610000B4B1A68D1035EBF238843F010032380AD
:10D62000130203D5238843F400632380284606B001
:10D63000BDE8F0812D25F9E72425F7E7286A0020C9
:10D640002C6A002070B505461446F9B1F2B116688F
:10D65000864204BF0F4B136012684B684A61DAB20E
:10D6600022B923F0FF0343F001034B602246284612
:10D6700025F0FBFE60B9AE420AD1304600F0F8FD5D
:10D6800031462068BDE8704020F05ABE6FF0860039
:10D6900070BD00BFF0000200002307B50193054BE9
:10D6A0001B682FF00CFC019B002BFCD003B05DF835
:10D6B00004FB00BF609D002013B504462FF0D7F98E
:10D6C0000D4B0E4A1B6811689C4228BF1C460C4B30
:10D6D000421A1B6863439A4238BFC9184FF00003CF
:10D6E00034BF091A0121CDE90033064A06482FF05C
:10D6F0009AF902B010BD00BF4470002048700020AD
:10D700004C7000200DD701081C7000202DE9F0415D
:10D710002FF0ADF906462FF0D2FB124B05461C78D0
:10D7200074B9114FDFF844803B68D8F80020F31A31
:10D7300093420AD20CB12FF08FFB0120FFF7BCFF00
:10D740002846BDE8F0412FF0C5BB2DF0F9FA3B6843
:10D75000D8F800202043134414BF012400243B6068
:10D76000E2E700BF5D950020487000204C7000206B
:10D7700008B500216FF0040021F0A4F82CF06EF938
:10D780004FF47A7300F2E730B0FBF3F0084B094A2C
:10D7900018604FF0FF33B3FBF0F30A3B13602FF038
:10D7A00066F9054B18600120BDE80840FFF784BF0B
:10D7B0004C7000204470002048700020F8B50446EA
:10D7C00001250E4E0E4F30463D702CF0B1F820462C
:10D7D000FFF772FF204625F003FD0A4B1C60002472
:10D7E000094B1C602BF082FD30463C702CF0A0F8F9
:10D7F0002846BDE8F840FFF75FBF00BF1C7000205F
:10D800005D950020407000203C70002070B52FF026
:10D810002EF9144A144913680968C41AB4FBF1F4C8
:10D8200004FB0133114D124E13602B6830681A1936
:10D8300082420AD220462DF07FFD2B681C443368BB
:10D840002C609C4207D3002070BDC01A2DF074FDDF
:10D8500033682B60F7E72DF07BFD003818BF0120FF
:10D86000F2E700BF487000204C7000203C700020A0
:10D870004070002010B50A46044619B1024B002141
:10D880001B68984710BD00BF689D0020F8B50D4E7D
:10D890000D4C0E4D33680E48984767782B680C483E
:10D8A000984733680B489847022F08D12478E31F24
:10D8B0005C425C412B68074898472046F8BD00242D
:10D8C000F8E700BF709D0020287600206C9D0020A6
:10D8D000887B0020EC7B00200E4B0340B3F1607F7F
:10D8E00006D1B1F5885F14BF6FF086000020704745
:10D8F000B3F1707F0BD101F4E043B3F5005F06D1C3
:10D9000011F4E06F0CBF6FF08600002070476FF0DD
:10D91000860070470000C07F9142F8B506460C466D
:10D9200000F01D8121F0FF00B24988420CD122F0A5
:10D93000FF0383423CD114F0FF0334D0AE4943F0DF
:10D9400000738B422FD10AE1AC4DA84216D0AC4BEC
:10D9500098420DD024F4FF7323F00103B3F1062F96
:10D9600006D0A84FB84203D0A7F5A067BB4267D145
:10D9700022F0FF038B422DD10022F0E022F0FF03C2
:10D980008B42F9D0834227D184EA0203FF2BF3D8DC
:10D990009A4B984200F0FE809949884240F04C81B1
:10D9A00014F0FF010FD112F0FF0340F0E1801EE1FF
:10D9B00092498B4210D184EA0201FF29DCD814F08D
:10D9C000FF0100F0DC808C4841F00071814240F0A2
:10D9D000EA80C4E0AB42D6E7894DAB4200F09B80C1
:10D9E00022F4FF7121F00101B1F1062F06D0854F1D
:10D9F000BB424AD005F50075A94221D184EA020153
:10DA0000FF29B9D87B4D24F4875121F01F01A94289
:10DA100040F00E8114F0FF01D5D179498B4200F01E
:10DA2000DD8022F4FF7121F00101B1F1062F00F039
:10DA3000D5807448834200F0D180734B9942B2D0B4
:10DA400004F0FE45B5F1A06F2AD102F0FE43B3F118
:10DA5000A06F91D184EA020333F47E138CD12504A4
:10DA6000C4F30543C2F3054002F4004140F1F280E3
:10DA7000002900F0EB80834238BF034624F47E1275
:10DA800042EA034242F4004269E084EA0201FF29CB
:10DA900040F2998004F0FE45B5F1A06F3FF46CAF01
:10DAA000B5F1407F7FF468AF02F0FE43B3F1407FF1
:10DAB0007FF462AF84EA020333F47E157FF45CAF37
:10DAC00031462046FFF708FF00287FF455AF14F4D5
:10DAD0007C1300F0C780C4F3054312F47C1504F4F2
:10DAE000004C02F4004700F0E280C2F30540BCF1B4
:10DAF000000F00F014810546002F00F00C819D42BC
:10DB000038BF1D462D0405F47C1524F47E142C43E7
:10DB100044F4004223E084EA0201FF29BAD83549DF
:10DB200088421ED001F5805188420FD0984240F0C3
:10DB3000838014F0FF017FF446AF31498B424DD111
:10DB400012F0FF0314D104F0FE45A9E714F0FF031F
:10DB50003FF429AF284943F000738B4204D11046AB
:10DB6000F8BD14F0FF03F5D112F0FF033FF404AF4A
:10DB7000214943F000738B427FF462AF08E012F05A
:10DB8000FF02ECD01C4B42F000729A427FF4F4AEDC
:10DB90002246E4E714F0FF030AD0174943F000736C
:10DBA0008B42DCD0034615498B427FF436AF15E03B
:10DBB00012F0FF02D3D0104B42F0007199420CBF1B
:10DBC00022460022CBE70B4988421FD114F0FF0305
:10DBD00004D0094943F000738B42C0D012F0FF0318
:10DBE000C6D104F0FE45B5F1A06F7FF459AF1A46D7
:10DBF000B5E700BF00030006FF00000200130006A7
:10DC0000000200060009000600040006454988429B
:10DC1000DCD0A8428DD0444D24F47F7121F0030163
:10DC2000A94201D09842BED114F0FF01BBD0CAE690
:10DC30003E4988423FF4EEAE3B4D24F47F7121F023
:10DC40000301A942F0D03A498842ECE7834288BFF9
:10DC5000002284E700293FF48FAE83422CBF224686
:10DC600000227CE733492140B1F1607F0ED1324878
:10DC7000E1B241F00071814217D001F17E410439D7
:10DC80000F293FF62AAF2D4B5B5C26E7B1F1707F81
:10DC90007FF423AF06F4E041B1F5005F7FF41DAFE0
:10DCA0000123C6F302218B4017E7102315E7214912
:10DCB0001140B1F1607F1FD11F48D1B241F0007116
:10DCC000814226D001F17E4104390F2911D938460D
:10DCD000BCF1000F7FF410AF002F7FF459AF8342E7
:10DCE0007FF44AAE1B0403F47C1324F47E121A431F
:10DCF00035E71348405CFAE6B1F1707FE7D106F4EE
:10DD0000E041B1F5005FE2D10120C6F30226B04048
:10DD1000EDE61020EBE6AB4288BF00221FE7002FA4
:10DD2000DDD09AE70013000600040006000200069A
:10DD3000000900060000C07F0300000279340508D6
:10DD4000793405088A42F8B506460C4600F0DB80B7
:10DD50006F4922F4FF7323F001038B420ED06D4B09
:10DD600022F0FF01994209D06B4822F47F7323F01F
:10DD70000303834202D0694B994228D1684B24F0B7
:10DD8000FF0199420FD114F0FF000BD0654B40F01A
:10DD90000070984240F0B98082EA0400FF288CBFEE
:10DDA00000200120F8BD5B4B9942ECD0A3F58853CD
:10DDB0009942E8D024F4FF7323F00103B3F1062F56
:10DDC000E1D056488142DED053498B42DBD004F08B
:10DDD000FE43B3F1A06F14D102F0FE43B3F1A06F84
:10DDE00040F0938082EA040333F47E1340F08D8088
:10DDF00014F40040D6D0C4F30540C2F3054290426B
:10DE0000CDE7B3F1407F6AD102F0FE43B3F1407F2A
:10DE10007BD182EA040535F47E1576D13146204661
:10DE2000FFF75AFD002870D13F4B12F47C1703EA2C
:10DE300002031BD0B3F1607FC2F305473FD13B49DA
:10DE4000D3B243F000738B423DD003F17E43043BD9
:10DE50000F2B01D83649CD5C14F47C1FC4F3054365
:10DE600033D1BD4214BF002001209BE7B3F1607F96
:10DE70000DD12E49D3B243F000738B421DD003F174
:10DE80007E43043B0F2BDAD82A49CF5CD7E7B3F1A6
:10DE9000707FE1D106F4E043B3F5005F03D10127C1
:10DEA000C6F302239F4006F4E043B3F5005FD3D1ED
:10DEB0000125C6F302218D40CEE71027BFE7B3F15D
:10DEC000707FC9D1EFE71025C6E712F47C1F01D19E
:10DED000AB4218D022047FF565AFBB425FE7B3F1D8
:10DEE000106F12D124F01F6020F4702068B902F086
:10DEF000FE43B3F1106F7FF455AF0F48104040F070
:10DF00001060A042AEE701204CE700204AE700BFC6
:10DF100000020006001300060004000600090006C7
:10DF200000030006FF0000020000C07F03000002A3
:10DF300079340508793405080000FFF6074B20F412
:10DF40007E10984206D10739072934BF00206FF0B0
:10DF5000860070476FF08500704700BF00014005E4
:10DF600000F0FE43B3F1A06F3FD1214B20F0FF0240
:10DF70009A4203D110F0FF0027D170471D4B9A42FF
:10DF800020D0A3F588539A4218D020F4FF7323F0D1
:10DF90000103B3F1062F0DD017498A4206D0174A64
:10DFA00093421BD110F0FF000FD1704710F0FF001B
:10DFB0000BD1704710F0FF0007D1704710F0FF0041
:10DFC00003D1704710F0FF0011D00D4B40F00070EE
:10DFD000984214BF00206FF08600704710F4004F85
:10DFE0000CBF00206FF0860070476FF0860070470E
:10DFF00000030006001300060009000600040006E6
:10E00000FF00000237B505460C46FFF73FFC78B12C
:10E010000023224601932946074801AB20F0DCF992
:10E0200020B9019BA34218BF6FF0930003B030BD2D
:10E030006FF08800FAE700BF2C7600202DE9F84346
:10E04000884617461C4600F07FFC054688BBD8F87A
:10E050000060B6F8009009F4E043B3F5804FB36870
:10E0600008BF27F0010737EA03031AD10CB3254B89
:10E0700024F0FF029A421FD114F0FF0304D0224A79
:10E0800043F00073934232D022464846F168FFF7CE
:10E0900059FE074668B9224648463169FFF752FEE5
:10E0A00070BB6FF0840500233046C8F8003000F0E4
:10E0B000C7FC2846BDE8F883144B9A42DCD0A3F590
:10E0C00088539A42D8D024F4FF7323F00103B3F1AC
:10E0D000062FD1D00E498A42CED00E4A9342CBD0E1
:10E0E00004F0FE43B3F1407F04D12304CCD56FF09C
:10E0F0008605D8E7B3F1A06FF7D0034B9C42C2E787
:10E100003D46D6E700030006FF00000200130006AC
:10E110000009000600040006154B70B51B68054693
:10E1200014480E46984718B16FF08F04204670BD12
:10E130002B794BB96B69002433602B7E012B14D0F3
:10E1400034606FF0960407E02846D5E9081225F000
:10E1500074FE04460028EDD0074B06481B6898471C
:10E160000028E3D0002CE1D1DEE702232B76F3E791
:10E17000709D0020507C00206C9D002000232DE924
:10E18000F3414768D0F8148005460E4638461146DC
:10E19000136025F023FE044688B9384625F020FE9A
:10E1A000044660B9FFB277B9B8F1000F05D1AB688A
:10E1B00023F47F4323F0030363B16FF0860420460A
:10E1C00002B0BDE8F0810146686925F0E1FD002854
:10E1D000EDD1F2E74FF6F8736A889A4227D8154BCB
:10E1E00015481B682F79984710B16FF08F04E6E748
:10E1F00007B901A8314600F067FB104B04461B68C5
:10E200000D48984710B1002CD9D1EEE7002CD6D19B
:10E210000FCDD6F800C066460FC695E8030086E825
:10E220000300002FCBD1019BCCF81430C7E76FF06F
:10E230008504C4E7709D0020507C00206C9D002068
:10E2400010B5044660B1074B07481B689847204645
:10E2500025F0A8F8BDE81040044B03481B68184798
:10E2600010BD00BF709D0020507C00206C9D0020E0
:10E2700037B50446C0B101A900F066FB044698B961
:10E280001C4B1D481B6898471C4D08BB0198037E1A
:10E29000032B11D125F08DFD2B68044616489847B5
:10E2A00028B10CB96FF08F04204603B030BD002CAC
:10E2B00008BF6FF08704F7E7022B15D1032303761D
:10E2C0000379FF2B13D01BB1406925F09BFD044659
:10E2D000019825F06EFD2B68002818BF04460648FB
:10E2E00098470028E0D0DCE76FF09604F0E76FF085
:10E2F0008404EDE7709D0020507C00206C9D002080
:10E3000070B51C4E1C4C33681C489847237858073E
:10E3100044BF23F0040323702378990705D500F048
:10E32000B9FA237823F002032370154D13482B68A4
:10E33000984733681348984763781BB10023124A03
:10E3400063605360002308210F486370FFF792FA5F
:10E350002B680C4898473368084898472378074843
:10E36000DA0744BF23F0010323702B68BDE8704037
:10E37000184700BF709D002028760020EC7B00200D
:10E380006C9D0020887B00202C7600202DE9F04138
:10E39000FFF77CFA18B100242046BDE8F081364F23
:10E3A00036483B689847044620B16FF08F04FFF76A
:10E3B000A7FFF1E7324D2B78D8070AD420F001F8F7
:10E3C000044610B920F006F804462B7843F0010308
:10E3D0002B702C4E29483368984710B1002CE4D09C
:10E3E000E5E7002CE3D13B68244898470446002821
:10E3F000DBD12B78990706D400F044FA04462B7839
:10E4000043F002032B7033681C4898470028E5D17D
:10E41000002CCCD13B68194898470028C5D13368F7
:10E42000164895F8008098470028BED13B681648EA
:10E4300098470028B9D16B783BB918F0010F04D088
:10E44000124B6C605C6002236B7033680E48984717
:10E450000028AAD13B68094898470028A5D12B7805
:10E4600006485A075CBF43F004032B703368984793
:10E47000002890D099E700BF709D0020EC7B002021
:10E48000287600206C9D0020887B00202C760020C0
:10E490002DE9F04F9A460023904601F0FE4293B0DA
:10E4A000B2F1806F0E46DDE91D97CDE90833CDE965
:10E4B0000A33CDE90C3305D0184600F0C1FA6FF0ED
:10E4C00086042EE00B464FF4807208A9FFF7B6FDD4
:10E4D0000446089814B100F0B3FA22E0038803F46C
:10E4E000E042B2F5005F1ED113F4E06FC3F30221E6
:10E4F00019D0544C26F48072A2420AD004F500745C
:10E50000A64206D0504CA64203D0A4F53F44A242F6
:10E5100009D101258D40102D10D900F091FA6FF02E
:10E520008304002574E042F20402934202D1474B77
:10E530009E420AD0464B9E4211D10D25A94506D2D6
:10E5400000F07EFA6FF08904EBE70C25F6E7294628
:10E550000EA8FFF757FD044610B10898BBE7002549
:10E560005146404609AA25F048F804460028F4D14F
:10E5700049461C980BAADDF824B025F0E7F80446BC
:10E580000028EAD10898DDF83080D0E90812B8F107
:10E59000000F1FD008EB050C4468A9EB0503240A03
:10E5A000012C42D0022C17D0002C86D1CDE90537A2
:10E5B0000EAB0093CDE903AC3346CDE9015B20F00F
:10E5C0006BF910F1860F064612D1089800F038FA60
:10E5D0003446A6E7C446DFE7CDE905370EAB009326
:10E5E000CDE903AC3346CDE9015B20F055F9064691
:10E5F000089800F025FA0446002EE9D1002890D1B1
:10E6000025B12A4640460EA926F01CFB3B681D4456
:10E6100009A83D6025F009F80BA825F0ADF8002801
:10E6200008BF204613B0BDE8F08FCDE905370EAB2B
:10E630000093CDE903AC3346CDE9015B20F024F92A
:10E64000D5E700BF0010C00400FF400400018004B3
:10E650000013C0042DE9F0431F460023914601F04A
:10E66000FE428DB0B2F1806F0D46DDE91586CDE931
:10E670000633CDE90833CDE90A3307D0184600F058
:10E68000DFF96FF086040023336078E00B464FF427
:10E69000007206A9FFF7D2FC0446069814B100F0F8
:10E6A000CFF9F0E7028802F4E043B3F5005F14D13C
:10E6B0000123C2F302218B4079B13C4C25F48071D7
:10E6C000A14215D004F50074A54211D0384CA542E2
:10E6D0000ED0A4F53F44A1420AD042F204039A426C
:10E6E00002D1344B9D420ED0334B9D4202D10D23BB
:10E6F000BB42C4D83946484607AA24F07EFF0446E8
:10E7000018B10698CBE70C23F2E74146149809AA02
:10E71000DDF81C9025F01AF804460028F1D106987F
:10E720000A9C4368D0E908121B0A012B33D0022B44
:10E7300013D0002BA3D12B46CDE90386CDE901747C
:10E74000CDF8009020F0AAF810F1860F05460ED102
:10E75000069800F075F92C4695E72B46CDE903861F
:10E76000CDE90174CDF8009020F098F805460698A0
:10E7700000F066F90446002DEDD1002883D107A8EA
:10E7800024F053FF09A824F0F7FF002808BF204613
:10E790000DB0BDE8F0832B46CDE90386CDE90174C9
:10E7A000CDF8009020F072F8E0E700BF0010C00440
:10E7B00000FF4004000180040013C00400F0FE428A
:10E7C000B2F1A06F08BF20F47E1000F0FC42B2F15D
:10E7D000806F04D0034A904204BF01221A706FF088
:10E7E000850070470002C00338B5074C074B204630
:10E7F0001B689847064B204693F85055054B1B68FD
:10E800009847284638BD00BFEC7B0020709D002053
:10E81000347600206C9D002000F14043212B70B520
:10E8200005460E460CD82822154C02FB0344237ED5
:10E83000022B02D16369834218D06FF08B001AE07B
:10E84000012125F0A5FAB8B10D4B00221C46197E16
:10E85000022902D15969A94205D00132222A03F1C5
:10E860002803F4D1E9E7282303FB0244204625F0DE
:10E8700082FA00B9346070BD6FF08700FBE700BF1B
:10E88000347600200122024B002083F85025704787
:10E89000347600202DE9F0410A4C002526464FF041
:10E8A000010803272046C4F81C802776013524F090
:10E8B00079FD222D04F12804F4D1002386F8503587
:10E8C000BDE8F08134760020F8B506460F46FFF724
:10E8D0008BFF88B300241B4B22461D46197ED1B105
:10E8E0003CB9022905D1D96919B91979002918BF8C
:10E8F0001C460132222A03F12803EFD114B96FF02C
:10E900008C0006E0204625F036FA204624F04AFD29
:10E9100010B100240EE01C46237E83B90123237628
:10E920003EB1651BED1003F1CC335D4305F180452D
:10E93000356000203C60F8BD6FF08800E9E76FF0BB
:10E940009600E6E73476002000232DE9F3410B60C2
:10E9500080460D46FFF748FF002867D0354B364804
:10E960001B689847074628B16FF08F04204602B015
:10E97000BDE8F08129464046FFF74EFF10F18C0FAD
:10E9800004462E4E07D033682B4898470028EDD018
:10E99000002CEBD1E8E729463846FFF795FF0446FF
:10E9A00018B1336824489847E0E701232F68CDE980
:10E9B000000069463846C7F814807B6001AA25F03C
:10E9C0008EFA044670B1DDE9000125F086FA286868
:10E9D00024F0E8FC14F18C0F08BF6FF087040023CB
:10E9E0002B60D0E7DDE90012384624F05EFC0446D7
:10E9F000DDE9000125F071FA002CE8D12868836870
:10EA0000D90444BF43F48063836083689A0444BF9D
:10EA100043F400638360037E012B04BF022303766B
:10EA200025F0A9F904460028ADD0D8E76FF0880496
:10EA30009CE700BF709D0020507C00206C9D002052
:10EA40000B4B10B51B6804460A48984718B16FF085
:10EA50008F04204610BD204625F0ABF9064B044636
:10EA60001B68044898470028F3D0002CF1D1EEE74A
:10EA7000709D0020507C00206C9D002030B40D4D16
:10EA80002C681C606C685C6000249C605468DC60CE
:10EA900014881C8254885C8294685C61D4689C6190
:10EAA000126930BCDA6119620A46014603F124009A
:10EAB00026F0C8B8893405082DE9F843232904460F
:10EAC0000F4691469846089E04D86FF09805284650
:10EAD000BDE8F8830822194926F07FF8054600288A
:10EAE000F3D1A368002BF0D1216A243F8F42C8F8EC
:10EAF0000010EAD3B1F5005FE7D271B9C9F80000A0
:10EB0000E3687360238A3380638A73806369B360C8
:10EB1000A369F360E3693361D9E7012020F0DCFAEF
:10EB2000C9F8000030B1D8F8002004F1240126F023
:10EB300089F8E5E76FF08C05C9E700BF893405085F
:10EB400070B5094D04462860084801600849094825
:10EB50000A60094A1360A0472B68084898472B6849
:10EB60000748BDE870401847789D0020749D00203C
:10EB7000709D0020507C00206C9D0020EC7B0020CC
:10EB8000887B00202DE9F04F9B4691B00B1E0A9325
:10EB9000AD4B904614BF8146994600241A9E9BF8BF
:10EBA000000070B9444538BF224643464FF000008C
:10EBB0000A9928BF08F1FF32C847204611B0BDE8C6
:10EBC000F08F25280BF1010B06D0224643460A9907
:10EBD000651CC8472C46E2E700230DE02D2A2AD009
:10EBE000302A06D0303A092A4FF0000711D80A25FA
:10EBF00032E043F001038B46594611F8012B2B2AD2
:10EC00001CD0EBD8202A1CD0232A1DD02A2A2BD096
:10EC100000279BF800202E2A64D19BF801100BF1ED
:10EC20000102A1F13000092843F4806351D8002586
:10EC30004FF00A0C26E043F00203DCE743F0040344
:10EC4000D9E743F00803D6E743F01003D3E78B4638
:10EC500005FB0722A2F13007594611F8012BA2F15A
:10EC600030000928F3D9D4E756F8047B8B46002FEF
:10EC7000BCBF43F002037F42CBE702460CFB051109
:10EC8000A1F13005104610F8011BA1F1300EBEF1C4
:10EC9000090FF2D9114611F8010B6C282CD024D899
:10ECA000682830D06A2837D011468B461BF8010BF4
:10ECB000672875D857284BD8452807D085D94628C6
:10ECC00000F03181472880D143F4006343F02003F2
:10ECD0003FE12A2907D156F8045B0BF1020225EA2D
:10ECE000E575D7E75A460025D4E7742801D07A287D
:10ECF000DAD143F48073D8E750786C28F9D143F423
:10ED00004073911CD1E75078682802D043F080030B
:10ED1000CBE743F0C003F4E743F40073C5E70A2AE6
:10ED200000F06281072A7FF450AF43F0210305937E
:10ED30000823CDE903531023CDE9011356F8043B12
:10ED400022460093484643460A9925F003FAFAE022
:10ED5000A0F158020F2A3FF638AF01A151F822F076
:10ED6000D1ED0108CBEB0108CBEB0108CBEB01089F
:10ED7000CBEB0108CBEB0108CBEB0108CBEB010897
:10ED8000CBEB0108CBEB0108D1ED010871EF0108D5
:10ED9000D1ED01084BEF01082BEF01084BEF010803
:10EDA000A0F16902D2B20F2A3FF60FAF012149F25A
:10EDB000410C914011EA0C01B1D0782803F4806134
:10EDC00022D1002900F0908023F00D02102307E0EB
:10EDD000622803F4806220D142BB23F00C0202239C
:10EDE00012F4007100F08380CDE907720022CDE9B2
:10EDF000043206F1070A2AF0070A06950292FAE899
:10EE00000223CDE900233DE06F2812D123F00C024C
:10EE100009B123F00D020823E2E7582816D1002A91
:10EE200039D123F00C0242F02002CFE723F00D028B
:10EE3000D5E7692823F0100230D023F01C0209B175
:10EE400023F01D020A23CBE7933F040842BB23F0C3
:10EE50001002930527D5073626F00706B2467168DB
:10EE60005AF8083B0A26CDE907720027CA0F002985
:10EE7000CDE904670695029202DA5B4261EB41013B
:10EE8000CDE900314346224648460A9925F0A5F9C6
:10EE90000446564683E623F00D02C4E70029D8D085
:10EEA00023F01102D5E7D00506F1040A01D5336835
:10EEB00002E0510613D53378CDE904720A22002B03
:10EEC00002924FEAD37203950192B8BF5B4200935E
:10EED0004346224648460A9925F03CF9D8E71306EE
:10EEE000E5D5B6F90030E7E723F00C026EE7D00570
:10EEF00006F1040A06D5CDE90472CDE90235019187
:10EF00003368E4E7510608D53178CDE902350023AE
:10EF1000CDE90472CDE90013DAE7316812F0800F11
:10EF200018BF89B2F1E743F02003CDE9017307363A
:10EF300026F007060095B6EC020B434622464846EB
:10EF40000A99E7F755FC044629E6672801D143F4FE
:10EF50000063CDE90173073626F007060095B6EC8D
:10EF6000020B4346224648460A99E7F785FAEAE744
:10EF700013F0020523D04FF0010A631C0B932246C5
:10EF800043460A9916F8040BC8475DB354460B9ADA
:10EF90001EE0434620200A99C8470AEB04020AF102
:10EFA000010A5745F5D8002F07F1FF3308BF0023AA
:10EFB00007F1010A1C4408BF4FF0020ADDE7AA4628
:10EFC000EBE7551C434620200A99C8472A460134DE
:10EFD000BC42F6D3A7EB0A03574538BF00230B9A70
:10EFE0001A440B920B9CDAE53246002D52F8046B62
:10EFF00014BF29464FF0FF310B923246314410784E
:10F0000008B18A4211D1A2EB060A13F480620C9275
:10F0100002D0AA4528BFAA4613F002030D931BD1C4
:10F02000AAEB040322460F9308E00132E7E7531CE2
:10F030000E93202043460A99C8470E9A0F9BD31877
:10F040009F42F4D8A7EB0A03574538BF00230AF1C3
:10F0500001021C4403EB020AA31B0E9304E01D46AD
:10F06000434622460A99C8470E9BF41816F8010B2E
:10F0700028B10C9B002BF3D06B1E002DEFD10D9B04
:10F0800093B12246AAEB040505E0561C4346202016
:10F090000A99C847324653199F42F6D8A7EB0A038C
:10F0A000574538BF00231C440B9E78E51FB5034627
:10F0B00000914FF0FF3203A90248FFF763FD05B04E
:10F0C0005DF804FB7942040807B5009313460A462D
:10F0D00001460348FFF756FD03B05DF804FB00BF8F
:10F0E0008B3F04081FB5CDE90201009302A9134626
:10F0F00003484FF0FF32FFF745FD05B05DF804FB14
:10F10000814204081C2200B51A4B8FB00DEB02009F
:10F110000021069325F08BFD4FF4E132164B0021C0
:10F12000CDE90823154B0E220A9304238DF82E30C7
:10F1300005230DF10A008DF8303025F078FD4FF4ED
:10F1400070210F4B06AACDE900130B238DF8083070
:10F150000C238DF809300B4B69460393202304934D
:10F16000012309488DF81530084BEFF7D3F90FB09C
:10F170005DF804FBD0DF04080002000184DF04080E
:10F180003C00015BFE950020F07D0020B47C002057
:10F1900001481FF0F5BB00BFF07D002030B5194DD0
:10F1A00095B00DAC0FCD0FC495E80700292384E876
:10F1B00007000021144A0DF12600CDE90223134B6C
:10F1C0000E22CDE90431069125F031FD4FF4802166
:10F1D0000F4B0DAACDE9071309238DF824300A231C
:10F1E0008DF825300B4B07A90A9320230B9301239D
:10F1F0008DF83130084B0948009302ABEFF75AFC09
:10F2000015B030BDE035050800C005500204020508
:10F2100024C005501E960020187E0020507F00203C
:10F2200001481FF0B8BE00BF507F002038B505462A
:10F230001EF043FD044628B9284601F0E5F9034BCA
:10F240001C7038BD04240220F9E700BF3E96002060
:10F250000A46014925F07FB8293705080A460149C1
:10F2600025F079B81E3705080A46014925F073B81C
:10F27000193705080A46014925F06DB81437050805
:10F280000A46014925F067B80F3705080A460149C3
:10F2900025F061B8023705080A46014925F05BB838
:10F2A000F33605080A46014925F055B8EE3605083B
:10F2B0000A46014925F04FB8E93605080A460149D2
:10F2C00025F049B8E03605080A46014925F043B85B
:10F2D000D73605080A46014925F03DB8CE3605085F
:10F2E0000A46014925F037B8C73605080A460149DC
:10F2F00025F031B8BC3605080A46014925F02BB87F
:10F30000B13605080A46014925F025B8A636050894
:10F310000A46014925F01FB89D3605080A460149ED
:10F3200025F019B8923605080A46014925F013B8A8
:10F330008F3605080A46014925F00DB88C360508B8
:10F340000A46014925F007B8893605080A460149E9
:10F3500025F001B8863605080A46014924F0FBBFAE
:10F36000833605080A46014924F0F5BF7E360508B4
:10F370000A46014924F0EFBF793605080A460149DB
:10F3800024F0E9BF703605080A46014924F0E3BFBE
:10F39000653605080A46014924F0DDBF60360508D8
:10F3A0000A46014924F0D7BF5B3605080A460149E1
:10F3B00024F0D1BF563605080A46014924F0CBBFD8
:10F3C000513605080A46014924F0C5BF46360508EE
:10F3D0000A46014924F0BFBF3B3605080A460149E9
:10F3E00024F0B9BF343605080A46014924F0B3BFFA
:10F3F000313605080A46014924F0ADBF2E3605080E
:10F400000A46014924F0A7BF233605080A460149E8
:10F4100024F0A1BF1E3605080A46014924F09BBF0F
:10F42000153605080A46014924F095BF0C36050833
:10F430000A46014924F08FBF073605080A460149EC
:10F4400024F089BFFC350508034B10B50446036062
:10F4500025F054FB204610BD68370508034B10B556
:10F4600004460360FFF7F0FF204610BDC8370508CB
:10F4700081F0004102E000BF83F0004330B54FEA65
:10F4800041044FEA430594EA050F08BF90EA020FD2
:10F490001FBF54EA000C55EA020C7FEA645C7FEA65
:10F4A000655C00F0E2804FEA5454D4EB5555B8BF88
:10F4B0006D420CDD2C4480EA020281EA030382EAF9
:10F4C000000083EA010180EA020281EA0303362D8B
:10F4D00088BF30BD11F0004F4FEA01314FF4801C5E
:10F4E0004CEA113102D0404261EB410113F0004F70
:10F4F0004FEA03334CEA133302D0524263EB430327
:10F5000094EA050F00F0A780A4F10104D5F1200EC4
:10F510000DDB02FA0EFC22FA05F2801841F100011F
:10F5200003FA0EF2801843FA05F359410EE0A5F1F3
:10F5300020050EF1200E012A03FA0EFC28BF4CF024
:10F54000020C43FA05F3C01851EBE37101F00045DA
:10F5500007D54FF0000EDCF1000C7EEB00006EEBE7
:10F560000101B1F5801F1BD3B1F5001F0CD3490871
:10F570005FEA30004FEA3C0C04F101044FEA4452C8
:10F5800012F5800F80F09A80BCF1004F08BF5FEA4F
:10F59000500C50F1000041EB045141EA050130BD2F
:10F5A0005FEA4C0C404141EB0101013C28BFB1F541
:10F5B000801FE9D291F0000F04BF01460020B1FA8C
:10F5C00081F308BF2033A3F10B03B3F120020CDA5F
:10F5D0000C3208DD02F1140CC2F10C0201FA0CF03D
:10F5E00021FA02F10CE002F11402D8BFC2F1200CA2
:10F5F00001FA02F120FA0CFCDCBF41EA0C01904058
:10F60000E41AA2BF01EB0451294330BD6FEA0404A0
:10F610001F3C1CDA0C340EDC04F11404C4F120028B
:10F6200020FA04F001FA02F340EA030021FA04F39D
:10F6300045EA030130BDC4F10C04C4F1200220FAF4
:10F6400002F001FA04F340EA0300294630BD21FA32
:10F6500004F0294630BD94F0000F83F4801306BFF8
:10F6600081F480110134013D4EE77FEA645C18BFEC
:10F670007FEA655C29D094EA050F08BF90EA020F83
:10F6800005D054EA000C04BF1946104630BD91EA7B
:10F69000030F1EBF0021002030BD5FEA545C05D17E
:10F6A0004000494128BF41F0004130BD14F58004BD
:10F6B0003CBF01F5801130BD01F0004545F0FE4131
:10F6C00041F470014FF0000030BD7FEA645C1ABF66
:10F6D000194610467FEA655C1CBF0B46024650EA9D
:10F6E000013406BF52EA033591EA030F41F40021C9
:10F6F00030BD00BF90F0000F04BF0021704730B54F
:10F700004FF4806404F132044FF000054FF0000123
:10F7100050E700BF90F0000F04BF0021704730B5E4
:10F720004FF4806404F1320410F0004548BF4042B9
:10F730004FF000013EE700BF42004FEAE2014FEA0E
:10F7400031014FEA02701FBF12F07F4393F07F4FE9
:10F7500081F06051704732F07F4208BF704793F0EC
:10F760007F4F04BF41F40021704730B54FF46074FF
:10F7700001F0004521F000411CE700BF50EA010202
:10F7800008BF704730B54FF000050AE050EA0102AB
:10F7900008BF704730B511F0004502D5404261EB1B
:10F7A00041014FF4806404F132045FEA915C3FF45C
:10F7B000D8AE4FF003025FEADC0C18BF03325FEAF9
:10F7C000DC0C18BF033202EBDC02C2F1200300FAAA
:10F7D00003FC20FA02F001FA03FE40EA0E0021FACF
:10F7E00002F11444BDE600BF70B54FF0FF0C4CF4BD
:10F7F000E06C1CEA11541DBF1CEA135594EA0C0F6F
:10F8000095EA0C0F00F0DEF82C4481EA030621EAA9
:10F810004C5123EA4C5350EA013518BF52EA0335E4
:10F8200041F4801143F4801338D0A0FB02CE4FF096
:10F830000005E1FB02E506F00042E0FB03E54FF0C6
:10F840000006E1FB03569CF0000F18BF4EF0010EBE
:10F85000A4F1FF04B6F5007F64F5407404D25FEABA
:10F860004E0E6D4146EB060642EAC62141EA55516D
:10F870004FEAC52040EA5E504FEACE2EB4F1FD0CAF
:10F8800088BFBCF5E06F1ED8BEF1004F08BF5FEA2D
:10F89000500E50F1000041EB045170BD06F00046DF
:10F8A00046EA010140EA020081EA0301B4EB5C048C
:10F8B000C2BFD4EB0C0541EA045170BD41F4801184
:10F8C0004FF0000E013C00F3AB8014F1360FDEBFA9
:10F8D000002001F0004170BDC4F10004203C35DA85
:10F8E0000C341BDC04F11404C4F1200500FA05F308
:10F8F00020FA04F001FA05F240EA020001F00042A9
:10F9000021F0004110EBD37021FA04F642EB06011E
:10F910005EEA430E08BF20EAD37070BDC4F10C0448
:10F92000C4F1200500FA04F320FA05F001FA04F20C
:10F9300040EA020001F0004110EBD37041F10001F8
:10F940005EEA430E08BF20EAD37070BDC4F1200503
:10F9500000FA05F24EEA020E20FA04F301FA05F26B
:10F9600043EA020321FA04F001F0004121FA04F213
:10F9700020EA020000EBD3705EEA430E08BF20EAE3
:10F98000D37070BD94F0000F0FD101F0004640001D
:10F9900041EB010111F4801F08BF013CF7D041EA9F
:10F9A000060195F0000F18BF704703F000465200A3
:10F9B00043EB030313F4801F08BF013DF7D043EA74
:10F9C0000603704794EA0C0F0CEA135518BF95EA2A
:10F9D0000C0F0CD050EA410618BF52EA4306D1D1B1
:10F9E00081EA030101F000414FF0000070BD50EAD0
:10F9F000410606BF1046194652EA430619D094EA5A
:10FA00000C0F02D150EA013613D195EA0C0F05D143
:10FA100052EA03361CBF104619460AD181EA030197
:10FA200001F0004141F0FE4141F470014FF000004F
:10FA300070BD41F0FE4141F4780170BD70B54FF0EA
:10FA4000FF0C4CF4E06C1CEA11541DBF1CEA13556A
:10FA500094EA0C0F95EA0C0F00F0A7F8A4EB05044C
:10FA600081EA030E52EA03354FEA013100F0888043
:10FA70004FEA03334FF0805545EA131343EA12630C
:10FA80004FEA022245EA111545EA10654FEA0026C1
:10FA90000EF000419D4208BF964244F1FD0404F57A
:10FAA000407402D25B084FEA3202B61A65EB0305D6
:10FAB0005B084FEA32024FF480104FF4002CB6EB93
:10FAC000020E75EB030E22BFB61A754640EA0C0013
:10FAD0005B084FEA3202B6EB020E75EB030E22BF53
:10FAE000B61A754640EA5C005B084FEA3202B6EB94
:10FAF000020E75EB030E22BFB61A754640EA9C0053
:10FB00005B084FEA3202B6EB020E75EB030E22BF22
:10FB1000B61A754640EADC0055EA060E18D04FEAE0
:10FB2000051545EA16754FEA06164FEAC30343EA80
:10FB300052734FEAC2025FEA1C1CC0D111F4801F4D
:10FB40000BD141EA00014FF000004FF0004CB6E746
:10FB500011F4801F04BF01430020B4F1FD0C88BFE5
:10FB6000BCF5E06F3FF6AFAEB5EB030C04BFB6EBF0
:10FB7000020C5FEA500C50F1000041EB045170BDE3
:10FB80000EF0004E4EEA113114EB5C04C2BFD4EB10
:10FB90000C0541EA045170BD41F480114FF0000E94
:10FBA000013C90E645EA060E8DE60CEA135594EA10
:10FBB0000C0F08BF95EA0C0F3FF43BAF94EA0C0F13
:10FBC0000AD150EA01347FF434AF95EA0C0F7FF488
:10FBD00025AF104619462CE795EA0C0F06D152EADC
:10FBE00003353FF4FDAE1046194622E750EA4106C0
:10FBF00018BF52EA43067FF4C5AE50EA41047FF4D1
:10FC00000DAF52EA43057FF4EBAE12E74FF0FF3C35
:10FC100006E000BF4FF0010C02E000BF4FF0010C06
:10FC20004DF804CD4FEA410C7FEA6C5C4FEA430C7F
:10FC300018BF7FEA6C5C1BD001B050EA410C0CBFCE
:10FC400052EA430C91EA030F02BF90EA020F002030
:10FC5000704710F1000F91EA030F58BF994208BF97
:10FC600090422CBFD8176FEAE37040F00100704754
:10FC70004FEA410C7FEA6C5C02D150EA013C07D1AB
:10FC80004FEA430C7FEA6C5CD6D152EA033CD3D0F6
:10FC90005DF8040B704700BF8446104662468C46F0
:10FCA0001946634600E000BF01B5FFF7B7FF002823
:10FCB00048BF10F1000F01BD4DF808EDFFF7F4FF4C
:10FCC0000CBF012000205DF808FB00BF4DF808EDD7
:10FCD000FFF7EAFF34BF012000205DF808FB00BFFA
:10FCE0004DF808EDFFF7E0FF94BF012000205DF81C
:10FCF00008FB00BF4DF808EDFFF7CEFF94BF0120D1
:10FD000000205DF808FB00BF4DF808EDFFF7C4FFC9
:10FD100034BF012000205DF808FB00BF4FEA41021C
:10FD200012F5001215D211D56FF47873B3EB62524D
:10FD300012D94FEAC12343F0004343EA505311F074
:10FD4000004F23FA02F018BF404270474FF0000006
:10FD5000704750EA013005D111F0004008BF6FF044
:10FD6000004070474FF00000704700BF4A0011D2BA
:10FD700012F5001211D20DD56FF47873B3EB625205
:10FD80000ED44FEAC12343F0004343EA505323FA11
:10FD900002F070474FF00000704750EA013002D186
:10FDA0004FF0FF3070474FF00000704753B94AB929
:10FDB000002908BF00281CBF4FF0FF314FF0FF3073
:10FDC00000F082B9ADF1080C6DE904CE00F006F840
:10FDD000DDF804E0DDE9022304B070472DE9F04FBF
:10FDE000099D0C46002B4DD18A420F46844696460B
:10FDF000B2FA82F360D94BB102FA03FEC3F12002DA
:10FE00009F4000FA03FC20FA02F217434FEA1E4615
:10FE10001FFA8EF44FEA1C42B7FBF6F106FB11778E
:10FE200001FB04F042EA0742904208D91EEB0202AD
:10FE300001F1FF3702D2904200F231813946121AA5
:10FE40001FFA8CFCB2FBF6F006FB102200FB04F458
:10FE50004CEA024C644508D91EEB0C0C00F1FF3251
:10FE600002D2644500F21E81104640EA0140ACEB2C
:10FE7000040C002125B12CFA03F30022C5E900325D
:10FE8000BDE8F08F8B4205D90DB1C5E90001002115
:10FE90000846F5E7B3FA83F100294DD1A342C0F03B
:10FEA000F380904280F0F080064623460846002DFD
:10FEB000E6D0C5E90063E3E7002B40F0A3808A1A8F
:10FEC0004FEA1E471FFA8EF60121B2FBF7F407FB3B
:10FED00014204FEA1C4242EA004206FB04F0904222
:10FEE0000FD91EEB020204F1FF382CBF4FF00109BD
:10FEF0004FF00009904203D9B9F1000F00F0CC8017
:10FF00004446121A1FFA8CFCB2FBF7F007FB1022D2
:10FF100000FB06F64CEA024C664508D91EEB0C0CB9
:10FF200000F1FF3202D2664500F2B3801046ACEB1E
:10FF3000060C40EA04409DE7C1F120068B4004FA1C
:10FF400001FE22FA06F720FA06FCF4408A401F431D
:10FF50004EEA0C0300FA01FE4FEA17484FEA134934
:10FF60001FFA87FCB4FBF8F008FB104449EA04448C
:10FF700000FB0CF9A1450ED93C1900F1FF3A2CBF4A
:10FF80004FF0010B4FF0000BA14503D9BBF1000F5F
:10FF900000F08B805046A4EB09041FFA83F9B4FBF0
:10FFA000F8F308FB134403FB0CFC49EA0444A445A2
:10FFB00006D93C1903F1FF3801D2A4457BD843464A
:10FFC00043EA0040A4EB0C04A0FB02984445CC4655
:10FFD000434602D306D1CE4504D20138B9EB020C18
:10FFE00068EB0703002D6CD0BEEB0C0264EB03043E
:10FFF00022FA01F304FA06F6CC4000211E43C5E9BB
:020000040802F0
:1000000000643DE702FA03FEC3F1200104FA03F2A3
:1000100000FA03FCCC404FEA1E4720FA01F11FFA18
:100020008EF6B4FBF7F00A4307FB1044110C41EACB
:10003000044100FB06F48C420ED91EEB010100F1D5
:10004000FF382CBF4FF001094FF000098C4202D954
:10005000B9F1000F2CD04046091B92B2B1FBF7F466
:1000600007FB141142EA014204FB06F1914207D951
:100070001EEB020204F1FF3801D291421ED8444621
:10008000521A44EA004120E7861A64EB0303012078
:100090000DE7F44402384AE7023C724431E7023982
:1000A0007244CCE6F4440238DFE602383C4472E79E
:1000B00002387144D0E7023B3C4481E7023C724481
:1000C000DEE72946DCE600BF704700BF08B5064BF7
:1000D000044613B10021AFF30080044B1B6803B149
:1000E000984720461EF05FFC00000000B080002012
:1000F000024B014618681FF009B800BFB09D0020F0
:10010000024B014618681FF004B800BFB09D0020E4
:100110002DE9F7431D46574B04460E461F6890468F
:1001200027B13B6A13B9384600F032F9B8F1020F33
:1001300006D0B8F1010F00F29980002DC0F2968030
:10014000636ED90705D4A3899A0502D4A06D24F063
:1001500077FD2146384624F017FE616B41B104F16A
:100160004403994202D038461EF0D3FF0023636354
:100170000023A3616360A3891B0603D52169384668
:100180001EF0C7FFA389B8F1020F23F44A6323F0DE
:100190000303A38160D001AB6A462146384624F0B0
:1001A000E4FCA3891843A0812DBB009D2846FFF7DE
:1001B0009FFF0646002851D1DDF80090A9453FD1A8
:1001C0004FF0FF35B4F90C3043F00202A281002257
:1001D000A26004F147022260226101226261626E24
:1001E000D60704D4980502D4A06D24F02AFD284631
:1001F00003B0BDE8F083002ED8D03B6A13B938466F
:1002000000F0C6F8B8F1010F266002BFA38943F0E1
:100210000103A381B4F90C3013F00802C4E90465AA
:100220001ED0D90745BF00226D42A560A26048BF1D
:10023000A561626ED20701D49B0513D50025D6E7D0
:100240004846FFF755FF06460028B9D0A3894D461A
:1002500043F08003A381D0E70025B3E7A946F5E783
:10026000A260E6E7A06D24F0ECFCE7E74FF0FF3575
:10027000BDE700BFB09D0020002310B50446836099
:10028000818119464366C28108228361C0E9003337
:10029000C0E904335C3024F0CAFC0D4B2462636275
:1002A0000C4BA3620C4BE3620C4B23630C4B9C4244
:1002B00006D003F16802944202D0D0339C4205D1AB
:1002C00004F15800BDE8104024F0B9BC10BD00BFD7
:1002D000D94D0408FB4D0408334E0408574E04085A
:1002E000787F0020024A0349034824F020BC00BF65
:1002F000A49D0020894D0408B49D002041680C4B4A
:10030000994210B5044601D024F03EFDA168094B86
:10031000994202D0204624F037FDE168064B99420D
:1003200004D02046BDE8104024F02EBD10BD00BF13
:10033000787F0020E07F00204880002010B50B4B24
:1003400004210B4C0B4A20461A600022FFF794FF51
:1003500004F1680001220921FFF78EFF04F1D000AB
:1003600002221221BDE81040FFF786BFB0800020B6
:10037000787F0020E5020208014824F061BC00BF3C
:100380003F960020014824F05CBC00BF3F9600204F
:1003900010B50446FFF7F0FF236A1BB1BDE810401B
:1003A000FFF7F0BF044B2362044B1B68002BF5D111
:1003B000FFF7C4FFF2E700BFFD020208B080002093
:1003C00038B50023064D0446084611462B601EF042
:1003D000EBFA431C02D12B6803B1236038BD00BF88
:1003E000B480002070B50D4D00260D4C641BA41088
:1003F000A64209D10B4D00260B4C2DF0A1FA641B2F
:10040000A410A64205D170BD55F8043B01369847AB
:10041000EEE755F8043B01369847F2E7E0A10020EB
:10042000E4A10020E4A100200CA2002010B50446A5
:100430000448134620B10A4602202146AFF300804B
:1004400010BD00BF0000000038B50023054D044674
:1004500008462B601EF0A5FA431C02D12B6803B19D
:10046000236038BDB480002038B50446064D0846E8
:10047000114600222A601A461EF09BFA431C02D144
:100480002B6803B1236038BDB480002038B5044622
:10049000064D0846114600222A601A461EF08BFAC5
:1004A000431C02D12B6803B1236038BDB480002007
:1004B00038B50446064D0846114600222A601A4601
:1004C0001EF087FA431C02D12B6803B1236038BDAC
:1004D000B480002013B50446694624F01FFD204671
:1004E00024F076FEFF28024606D020469DF8001034
:1004F000ECF772F902B010BD0048FBE70080FFFF87
:100500004FF4007307B50A490DF10602ADF8063045
:1005100024F01AFDBDF80630B3F5007F05D102289E
:1005200008BF002003B05DF804FB2120FAE700BFFC
:10053000B88000202DE9F0418AB001AC05460B4699
:100540002746194A02F1200C2646106851680832E5
:1005500003C662453446F7D1002B08BF3B4600274F
:1005600010681C463060384603F10C0690B95FFAFB
:1005700087F842462846218824F037FF50B9424682
:100580002846E18824F042FF20B9424631462846F9
:1005900024F04EFF0137032F06F1080604F1020490
:1005A000E4D10AB0BDE8F081FC380508F0B589B0A7
:1005B00005460E4601F032FF044600BB01AC06F1D1
:1005C0000C070FCF0FC497E8070084E8070001A9C4
:1005D000284606F07BF92846311D25F0E8F9044647
:1005E00048B92846074901F0DFFA044618B92846F9
:1005F00001F0DEFE044628463168FFF79BFF2046E7
:1006000009B0F0BDF4380508014924F0D2BC00BFA0
:10061000A123020870B5164E032804460D46337810
:100620001ED023FA04F202F00102AA421DD053B1F7
:100630000122A240A54023EA02032B43DBB2337020
:100640004BB1012070BD2DB10A4B01201B689847AA
:100650003378EDE73570074B00201B689847F0E7CB
:100660009A07DED003F0FC03E9E7002070BD00BF6D
:1006700041960020F4820020F8B505460C462CF087
:1006800094F8104F06463B7833B1012D04D01CB9C5
:100690000D4829F04DF93C7021462846FFF7BAFF76
:1006A0000A4B04461B783BB93B782BB924F076FE05
:1006B00010B1074B1B68984730462CF071F8204664
:1006C000F8BD00BF42960020C8820020419600205D
:1006D000009E0020054A0B46117831B100211170AF
:1006E000034A01215268187810477047429600204B
:1006F000009E002038B5074D04462B78834207D072
:1007000001F0B4FD20462C70BDE83840EFF77EBA0A
:1007100038BD00BF409600201B4B022910B5187051
:1007200002D0032904D010BD184B1B78002BFAD13E
:1007300006F034F80028F6D04FF00052144BC3F8FE
:100740008020BFF34F8FBFF36F8F01F017FD00289C
:10075000E9D001F0E1FA0028E5D10E4B1C6834B174
:1007600023689847BDE81040002001F073BD24F0D5
:100770001CFC094B18602CF07AF9084B18602046D5
:1007800001F004FDEEE700BFABA100204096002081
:1007900000E100E018830020F0820020EC820020BD
:1007A00038B504460D4605F0F9FF80B14FF0005210
:1007B000124B1A6001F0E2FC48B9012D07D8012064
:1007C00001F048FD0E4B1B6823B15B6898470D4B49
:1007D0001C7038BD2CF04BF90B4B1A68801A18604E
:1007E00029F042F94FF47A72084B1B6802FB003083
:1007F00024F0DDFB012001F0C9FCE8E700E100E0A6
:1008000018830020ABA10020EC820020F0820020A1
:10081000F0B585B02BF0C9FF344D04462B7823B1D9
:10082000334829F085F8002852D129F017F902AA97
:1008300003A924F09DFD0346002838D024F0ACFD28
:10084000029B98421CD100202A4B03991B682A4E18
:100850009942307020D90027C91A012324482B70EF
:10086000264A3346CDE900772CF0DDF8002837D151
:10087000234A1378D90701D53178F9B1204611E020
:1008800024F088FD029B984228D00023184619497D
:10089000194A0968137003910121FFF7BBFE002379
:1008A00020462B702BF07CFF002005B0F0BD2046C9
:1008B0002B702BF075FF212005B0F0BD03F0FE0377
:1008C0001370002BDAD10F4B1B6898472046E9E7DD
:1008D00020462BF065FF0E2005B0F0BD0220B3E7E7
:1008E000032320462F703370F3E700BF42960020A9
:1008F000C8820020E8820020AAA10020D5060208B4
:1009000041960020F482002038B52BF04EFF144DA4
:1009100004462B78EBB9134A13491370134B144A4E
:1009200014481A60144A5A60EFF702F91349144840
:10093000EFF7FEF8134A144B1A60144B5B6F03F485
:100940004073B3F5007F02BF0222114B1A600123EE
:100950002B70EFF79BFA20462BF022FF002038BDCA
:10096000439600204296002020390508009E002072
:1009700011080208B8820020790602082839050803
:10098000C0820020F5060208F482002000400050DA
:10099000E882002010B50446D0F818210B4B4FF424
:1009A0000061C3F8C42090F82420D20102F4006250
:1009B00005F010FE94F8243013F0100F4FF400737C
:1009C00014BF034A034A536410BD00BF003E00B089
:1009D000001002B8002002B837B50C46264D69B9A0
:1009E0000A46012105F0F6FD244BEC645C6005F03D
:1009F0004BFE2022224B5A6603B030BD0122114625
:100A000005F0E8FD07221E4B0121DA60237901A8D9
:100A100085F84C306379019324F068FE019BC2B2E3
:100A2000D34000F00F0040EA031085F84D00A27992
:100A300085F84E20E27985F84F20206828650193DB
:100A4000BBB1012102888B420CD821794B1E134483
:100A50000C4A1362C2F8CC1020220B4B5A6605F0E8
:100A600013FEC9E730F811500131AA4228BF2A46C7
:100A7000E9E71A46E9E700BF003F00B04C3F00B08D
:100A8000006000B8004000B8005000B8D0F8E43072
:100A900013B11A68032A10D8094BDB6BC3F3C202E7
:100AA00013F0380F03F0070018BF504313F4E07F32
:100AB000C3F3821203D050437047986A400E7047C8
:100AC000008001B8431C07D06FF0FF02034B1040B9
:100AD0005A62A3F580535862704700BF00E000B827
:100AE0002DE9F0438F7880460F2F0C4685B003D94F
:100AF000212005B0BDE8F08327B90122414B1A70CF
:100B00000020F6E70D784E78EDB9002EF0D194F97B
:100B10000310E08803F06CF82128E9D055EA0603B9
:100B2000A088DFF8F89013D003F0C6F84FF604035E
:100B3000B9F8002001469A425FD1AE42334638BF31
:100B40002B4600262DE0082DD2D8082ED0D8DEE77F
:100B500003F0B2F84FF6040501464FF605002A4AA5
:100B6000136E9BB2AB4208BF0346B1F5803FA9F8B4
:100B700000300FD902230825136680230126C2F80E
:100B800080302B4649084FF6FF720139914228BF49
:100B9000114608E08023012608251666C2F8803039
:100BA0002B460029EFD1002202920122013FFFB221
:100BB000009201972A4608F1F80002F01DFF1EB1CD
:100BC0004FF48012114B5A650221114BA2681A6032
:100BD0000C4B197098F82D30013B8B4290D80323B1
:100BE00001200C4AC2F850320B4BC3F85002C2F835
:100BF00064120422C3F8642282E703480266A9F85B
:100C000000309AE74496002000C001B800D001B837
:100C100000830020006001B8005001B84AA1002004
:100C2000F8B504460F4616462BF0BFFD0546A04713
:100C3000044620B128462BF0B3FD2046F8BD04F051
:100C400065FE04220549D1F8F03E23EA0703334349
:100C5000C1F8F03E024B5A64ECE700BF003000B030
:100C6000002002B800F01803182B0AD003070AD49A
:100C700040F2011310F0100018BF1846034BD8675C
:100C800070470020FAE70120F8E700BF003F00B0FE
:100C9000044B1868830654BFC0F30F204FF6FF7053
:100CA000704700BFF883002038B10368044A002B66
:100CB00008BF1346034A13607047014BFAE700BFB1
:100CC000FB4F0408109E002010B4D0E9544122408C
:100CD0000B4052EA030104D003495DF8044B096854
:100CE00008475DF8044B7047109E0020024B986E39
:100CF00000F00F00704700BF003F00B00F2938B56B
:100D000005460C460ED801F0C7FA01280CD1074A57
:100D10002846936E23F00F032343936624F097FB3A
:100D2000002038BD2120FCE70220FAE7003F00B098
:100D3000014BD86E704700BF003F00B0014B002050
:100D4000D9667047003F00B003282DE9F347884675
:100D500065D8344B13F80090334B1E5C334B13F8BB
:100D600000A02BF022FD074604F01EFD054640B111
:100D700000230022CDE9003301200023002104F0EC
:100D800041FB04F019FD48B100230022CDE90033F6
:100D9000002000234FF4004104F034FB002E3CD02F
:100DA000234BDC6C04F00804224B31464846DC64DB
:100DB00004F00AFE012352463146484604F092FEF2
:100DC0001D4BDC64DDB11D4B1868D0F89410F83071
:100DD00003F0F8FA1A490868FFF774FE4FF0FF3382
:100DE0000B60184B1A68511C06D06FF07E401649F4
:100DF000C863A1F58051CA634FF0FF321A60B8F1A1
:100E0000000F04D0114B002103205B68984738463F
:100E100002B0BDE8F0472BF0C3BC3446C4E702B0D3
:100E2000BDE8F08738390508343905083039050838
:100E3000004000B8006000B8005000B804840020F2
:100E40000C9E0020089E002000E000B8009E0020BC
:100E50000F4A536C13F0A00F15D1906C10F00400E2
:100E600013D10C4BD3F8F03E23F07F4323F0FF0364
:100E70005BB1D368C3F30362092A07D0B2F10C0057
:100E800018BF01207047002070470120704700BF45
:100E9000000002B8003000B0074A084B30B1022110
:100EA000C2F864120422C3F8642270470421C2F815
:100EB00064120222F7E700BF006001B8005001B8D9
:100EC00070B50D46064620B91C4B1B68D3B10E20E9
:100ED00017E001F0E1F901282DD1194B93F90040F9
:100EE000D6F8E430C4F11C040BB193F92630E41AAF
:100EF000641BC4F12B03002BB8BF5B42232B0CDD1A
:100F0000212070BD01F10F03002BB8BF5B42232BE2
:100F1000F6DC0B4B19700020F3E786F827502BF016
:100F200044FC084A136A23F4FF2343EAC4231362F0
:100F30002BF036FCEFE70220E3E700BF048400203B
:100F40004596002000C000B818B9034B93F9000083
:100F5000704790F9270070474596002010B5FFF7BD
:100F600019FD03F021FF2BF020FC0A4A0121D2F8E1
:100F7000C03E044623F02003C2F8C03E0222064BC6
:100F800008469A60054B5B68984720462BF008FCA2
:100F9000002010BD003000B0001002B8009E0020FC
:100FA000094B08461A6D91020BD4D3F84021D207A1
:100FB00008D4D3F8803013F4706F14BF01200020E0
:100FC00070470120704700BF004001B8F8B50D46DA
:100FD000D0F8943002EA010423EA01032343C0F865
:100FE00094304D4A01F00B0323EA0401D1642340FD
:100FF000A2F580526F070646D36410D50121FFF792
:10100000CFFF60B104F082FC4FF4007314F0040FC2
:1010100014BF424A424A13650422424B5A64E9060D
:1010200006D514F0100F14BF00221B223E4B5A6548
:101030002A0618D5230611D54FF40012374BDA646F
:101040002BF0B3FB0E210746032003F00BF940F20F
:101050000122354B3846DA622BF0A2FB214606F11D
:10106000F80003F0AFF9EF0503D5E0053DD503F037
:10107000C9F8A90503D5A2053AD503F0CFF815F4B0
:101080008C6F1DD014F4806237D096F82530DB07C2
:101090000CD5F28DB6F82A3193422CD0B6F82C310B
:1010A0009F1A7B427B41214A82F8DC30D6F8E4105B
:1010B000304623F0A3FF80221D4B98671D4B1A6119
:1010C0002B0510D504F022FC1B4A14F4006FD2F853
:1010D000F03E14BF43F0006323F00063C2F8F03E1B
:1010E0000422104B5A640020F8BD03F085F8C0E7D5
:1010F00003F08EF8C3E70123D5E76805D6D596F847
:101100002530D907D2D5094B114683F8DC200B4B8B
:1011100030461B689847C9E7006000B8005001B826
:10112000006001B8002002B8004000B8003E00B0E6
:10113000003F00B0000002B8003000B02083002063
:10114000014B1868704700BF0C83002037B52BF0A7
:101150002CFB002401230022CDE9003400230546A6
:101160001946104604F04EF9022002F00DFB064B22
:1011700021461C60054B02205B68984728462BF0EF
:101180000FFB204603B030BD14830020009E0020DA
:101190002DE9FF4102290D4616469846039004D1D9
:1011A000FFF7D4FF04B0BDE8F0812BF0FEFA1E4F2C
:1011B00004463B683BB1B34205D02BF0F1FA002363
:1011C00021203B60EEE7194B0022C3F800803E600F
:1011D000002301264FF0000810461946CDE90066AD
:1011E00004F010F9124B022083F8008002F0CCFAD0
:1011F00043462A46022003A902F0E4FA0D4B039A63
:101200001A6008B92046D8E70B4D2B68984721286B
:1012100004D020462BF0C4FA0020C3E731466B68A7
:1012200002209847F5E700BF1483002010830020B8
:10123000479600200C830020009E0020044B5B6E2C
:101240005B054EBF0120034B187800F0010070478A
:1012500000C001B8479600200A78022A11D0101F5A
:101260004242424152004B781201022B0BD0191F0F
:101270004B424B415B000549054842EA8312FFF7A8
:10128000CFBC0122EFE70123F5E700BFF0FFFF002D
:10129000E12202080B78022B10D0181F4342434171
:1012A0005B004A78022A0BD0111F4A424A41520081
:1012B0000F21044843EA8202FFF7B2BC0123F0E7A2
:1012C0000122F5E70D2302082DE9F8430E780446C4
:1012D000042E0D4690F830810BD100275FFA87F974
:1012E000484601F0B7FE08B14E4602E00137042F30
:1012F000F4D1304601F0AEFE002849D094F83031E8
:10130000B34209D1AA88D4F8A4309A4204D16A8899
:10131000B4F832319A4238D084F83061AB88304624
:10132000A4F834316B88A4F83231AB8804F5987591
:10133000C4F8A430FF2384F82B3024F0F3F884F8A9
:101340002A00284601F016FE18BB284601F078FE58
:10135000F8B9D4F8E03053B194F83011414506D0D3
:101360002046B3F91220EBF7B9F984F83901204689
:1013700001F0EEFE0949A4F834010123084AD1F82E
:10138000FC1004F1F80003F041FE0020BDE8F883F2
:1013900021200C2384F83031F8E700BF004F00B063
:1013A000A43F00B070B5054690F830010C460C28FB
:1013B0001FD0FF2901D1212070BD1AB14FF0FF329B
:1013C0000D4B1A6024F0AEF8064695F8300101F096
:1013D000B1FE844228BF0446E4B2B44238BF34466A
:1013E000E0B285F82B0001F0CBFFFF28E3D000200E
:1013F000E2E70220E0E700BF1C9E002010B590F855
:10140000303104460C2B44D0D0F8E03080F82A105C
:10141000DBB3D0F8F020D2B990F839318B421CD32D
:1014200000222046FFF7BEFF48BB1B4B1B7813F082
:10143000FD0F23D1204601F08BFE18490123184AE5
:10144000D1F8FC1004F1F80003F0E0FD16E0B0F96B
:101450004220B3F912309A42E2DD0022204694F88D
:101460003911FFF79FFF50B9C4F8E000204624F07F
:101470003AFA4FF6FF739842014601D1002010BDA1
:101480002046BDE8104005F05FBBFF2380F82B30FD
:10149000F4E70220F3E700BF4EA10020004F00B0A8
:1014A000A43F00B0F0B504468FB001F07FF8D4F847
:1014B0009C300546012B00D010B128460FB0F0BD7E
:1014C0006C49204624F07DF8D4F8E0600146E58DB3
:1014D000C4F8E4003EB133682BB15B681BB11A68F5
:1014E000032A00F2A4802BF060F901462046FFF7A2
:1014F000CDFA074608462BF053F9D4F8E410B38927
:101500008DF80E70EB1A9BB2D6E9012000FB032286
:101510005948ADF80C3003680292994207D0204632
:1015200023F06CFD80225549554B88671A61554D53
:10153000534E00F0B1FE0128FBD12B6CDB07F8D431
:10154000736CDF01F5D4D4F8E41020460D919DF8BA
:101550000E20029908AB03F049FA002847D100F0A9
:101560009BFE0128FBD1464A4649536CD801FCD466
:101570000B6CDB07F9D408A901A803F0BDFB0546F5
:10158000002834D1E28D404B5A6494F8243060F343
:10159000410384F8243001F0D7F8D4F8E0305969D9
:1015A000431E0E68DBB2FD2B049624D84B6801283D
:1015B000059330D10126DF1C06D90133334B5B681C
:1015C00046D0DA1C41D80593024604A9204601F012
:1015D00035F8002E7FF471AFD4F85431990529D431
:1015E00094F8243043F0020384F8243065E70225A0
:1015F00028460FB0F0BDF71C13D9244B01361B68E9
:1016000018BF0126DA1C1BD804934B68FF280593EA
:10161000D1D00020D8E70246204604A901F00EF8F8
:101620004BE74B68FF280593C4D02A46F4E79F6A2E
:101630007F0E64E720464FF4803124F084F93CE7C4
:10164000FF284B6813D00593C3E7FF28C1D1E0E71B
:10165000DE1C06D80246204604A9059300F0EEFFE2
:10166000BAE7FF28B8D10022204604A9F6E70120F6
:101670000593A0E7FC4F00B0FC820020003F00B0C3
:10168000000002B800C002B8008001B8249E00200B
:1016900010B50C4619B123F0A5FE00B10434204664
:1016A00002F00AFB024B4042C3F8E00E002010BDDE
:1016B000003000B0838E70B593420C4615461CD3A3
:1016C000836C8B4208BF00242BF06FF84FF49C53BF
:1016D0000B490646CA68C2F30362D340DA0702D553
:1016E0004B6C9B0304D401222946204601F05CF98F
:1016F00030462BF055F8002070BD2120FCE700BFDC
:10170000000002B82DE9F0410B460646154611B916
:101710002120BDE8F081002AFAD0032905D8002253
:1017200001F0ACFA03460028F2D01C889A78B4F590
:10173000804F02F0070180F08680A1F1070C187934
:10174000DF88DCF1000343EB0C0305292B7394BF06
:101750000023C2F30013C2F3801C6B73930985F856
:1017600010C003F00203C2F3C00C43EA0C03C2F33F
:101770004012E8746B74AA74D6F89430AF82D8061D
:101780004DD4063901294AD8B6F81280F76908F114
:10179000FF38083C04EA0804395D2C4B80295B6D56
:1017A00008BF6FF07F014FF000031CBF323949B210
:1017B000A973AB6096F82600013404EA080460BB04
:1017C0003B5D5B0103F47E63FF2B9CBFDB43D8B220
:1017D000D6F8EC3003B19847631CE87303EA0803BA
:1017E000F95C013303EA0803FA5C013303EA0803F6
:1017F00041EA0221FA5C013303EA0803F85C41EA9A
:101800000241002341EA00616A7C304603F06EFC2D
:1018100006232860AB7100207BE71846DCE7002335
:101820000020EB730A4BDA69C2F30723120448BFA6
:1018300063F0FF035AB212F1800F1CBF323B5AB261
:10184000AA730346E5E7022063E700BF004000B843
:1018500000C000B811F5004F1FBF01F30E01044B8B
:10186000C1F30E01002014BF99642120704700BF0E
:10187000008001B82DE9F04104460E4619B990F8F0
:1018800024305A064AD44FF6FF73618ED4F8E470C0
:10189000994204D0334B1B680BB120469847324D18
:1018A0002B68BB4256D0314B1B6833B1002F54D04C
:1018B000396801B1B968204698474FF007082046BB
:1018C00001F046FC002E3AD0294B93F90030C3F1C9
:1018D0001C0317B197F926209B1A062094F927605C
:1018E00024499B1B0A6ADB0222F4FF2203F4FF2334
:1018F00013430B62D4F8E4201F4B2A60986701F071
:10190000EBFD002501211D4A1D4B1170204683F877
:10191000845023F09CFD2846BDE8F0814FF6FF710E
:10192000114DD0F8E4702A6866F38613BA424186F6
:1019300080F82430B7D101F00BFC4FF00108114AB8
:101940004346D2F8FC1004F1F800A2F65C7203F0F2
:101950005DFBB9E74FF00108B1E7394620469847EB
:10196000ABE700BF08830020FC8200200483002036
:101970004596002000C000B8006000B846960020E0
:10198000003F00B0004F00B0054A12681AB190F84D
:101990001E1119B91047084602F084BC014870476F
:1019A000F882002000FEFFFF3A4B2DE9F7431C6848
:1019B00001F4007900F00103174653EA09020646D4
:1019C0000D4640D04FF0000893B3002300220120C1
:1019D0000021CDE9008803F015FD41462046FFF7C0
:1019E000D3FF012241462086104623F02EFFD4F873
:1019F000941004F1F80002F0E5FC27490868FFF7AD
:101A000061F84FF0FF330B60244B1A68511C06D06D
:101A10006FF07E402249C863A1F58051CA634FF040
:101A2000FF321A6094F8243043F0040384F8243021
:101A3000B9F1000F07D00121204623F084FF25F4DF
:101A4000007506430D432B4632462046FFF73CF90E
:101A5000FB070FD51349144A086800211368116069
:101A60000121124A117003B19847114B0021022045
:101A70005B68984717F00E0F08D04FF4FD723B21BA
:101A8000002003B0BDE8F04305F0AAB803B0BDE8FC
:101A9000F08300BF048400200C9E0020089E0020DC
:101AA00000E000B810830020148300204796002037
:101AB000009E002008B558220021064823F0B7F800
:101AC0001022FF21044823F0B2F804F0DDFD0020CD
:101AD00008BD00BFF43E00B0383F00B073B58621AA
:101AE0006F22A0F814118221C0F80021C0E9411230
:101AF00064220C23C0E9432207224FF0FF35002661
:101B000080F830314FF6FF730446C28700F14C0273
:101B10008264204AC385A0F840304263038780F87E
:101B20002930438580F82760C0F8A450458680F8A6
:101B30002C5003F049FE2046FFF7BCFF0122164B54
:101B40002046C3F8382294F92710FFF7B9F960232B
:101B5000124A41F6FF71D3644FF03A4211631167A4
:101B60000F4A2946D36440220E4B20465A64D4F8CB
:101B70009420FFF72BFA0E230022CDE9003340F228
:101B800002231046194603F03DFC01F07DFA304671
:101B900002B070BD4000FFFF005001B8004000B827
:101BA000005000B8002002B810B50C46FFF782FFC5
:101BB000CCB1A378082B18D8E278082A15D843EAC4
:101BC000021313F0FF030CBF19466168084AC2F8FC
:101BD000F410217882F84811617882F84B3182F84C
:101BE000491104F051FD002010BD2120FCE700BF89
:101BF000003E00B0012A10B512D8032B10D803EB19
:101C000082020123074C934094F84A01DBB221B1D0
:101C10000343002084F84A3110BD20EA0303F8E7AB
:101C20002120F9E7003E00B0044BD3F8F03E13F05A
:101C3000806F14BF23200020704700BF003000B029
:101C40000246F8B5B0F8344100F1F805FFF7ECFFB3
:101C50000B688E68013304BFD2F800310B604B680B
:101C6000013304BFD2F80C314B60771C3BD1D2F862
:101C70000831CF688B607E1C3CD1D2F804610F69BB
:101C8000CE60013704BFD2F8F8700F614F69013799
:101C900004BFD2F8FC704F618F69013704BFD2F8DE
:101CA00010718F618F6967BBC0F1640408688C6133
:101CB00010B16F2838BF6F20C2F808314B68C2E9F5
:101CC0004006C2E943340B692846C2F8F8304B6934
:101CD0000F49C2F8FC30D1F8FC1007230D4A03F07D
:101CE00095F90020F8BD04F16F031B1AB34238BF09
:101CF0003346BEE704F18606361ABE4238BF3E467A
:101D0000BDE76F34241ABC4238BF3C46CEE700BF63
:101D1000004F00B0A43F00B070B52AF046FD054664
:101D20000B4E00F0B9FA012805D028462AF038FDFC
:101D30000224204670BDF36813F0706FF1D1F4688F
:101D400014F08054EDD128462AF02AFDF1E700BFB7
:101D5000000002B838B52AF028FD4FF6FF710A4A94
:101D600013888B4203D12AF01BFD0E2038BD074C8F
:101D7000074D1B046567A4F58054636711802AF042
:101D80000FFD0020F2E700BF4CA10020006001B869
:101D90000000FFFF08B50E4BD3F84C114B1C16D0BA
:101DA00011F0804113D10B4B1B78012B0FD9082B5D
:101DB0000DD0094B1B6813B10320FEF7C5FF4FF090
:101DC0008062064B1A6501225A6102229A6208BD9E
:101DD0000080E00FACA1002004840020001002B8B5
:101DE000054B40F61C40D3F8F83713F4802F08BF9A
:101DF0004FF4E160704700BF000002B82DE9F743DF
:101E000004460F4615461E46FFF722F828B3204623
:101E100023F0C3F878B97B4BD3F8F02E1EB10E2017
:101E200003B0BDE8F08302F03003102BF7D002F0CE
:101E3000C002402AF3D0DFF8FC8102F0B5FFD8F8E9
:101E40001430D907EBD52AF0B0FC0646032001F088
:101E500099FD20B130462AF0A3FC0220E0E7D8F833
:101E6000142012F00608F5D130462AF099FC654B93
:101E70004FF400612046D3F8F09ED3F8C86E04F00A
:101E8000BDFB40B14FF4007201215F4B08465A641C
:101E9000424623F0DAFC94F82530DA0707D5D4F867
:101EA00094305B0542BF4FF40022584B5A643946C8
:101EB000204604F049FE534BC3F8F09EC3F8C86EA9
:101EC0000028ADD194F82430980601D4002D58D0C4
:101ED000C5F3400003F0E0FC022315F4807F1FBF30
:101EE0004A4A002153644FF03A420BBF464A91617F
:101EF0005364536303F00AFD4FF4806315F0040F3D
:101F000014BF434A434A15F0400F13654FF00402D3
:101F10003D4B28465A644FF0400314BF3E4A3F4AA7
:101F2000C2F8B830FEF79EFE204623F076F938B1AD
:101F30004FF4807315F0010F14BF344A324A5364D2
:101F4000A90648D54FF6FF72B4F8403093420FD03F
:101F5000334A3449526F100CC2F301120132B3FB01
:101F6000F2F308802A4A2B492F481B04486753671D
:101F7000003D18BF012594F8243065F3451384F81B
:101F80002430204623F02EFAF0B1204623F045F904
:101F9000D0B14FF40031204604F030FB431C032243
:101FA0009BB2224801A923F0B0FA9DF8042002F068
:101FB0000703052B9DF8053016D112070ED443F404
:101FC00080731B4AC2F8D030FFF70AFF03B0BDE8A8
:101FD000F04300F05BBFFFF7BDFEC9E713F0040F4D
:101FE00009D19DF80630EAE703F03002202A05D136
:101FF00013F0010FF4E74FF48073E2E79DF8063029
:10200000DFE700BF003000B0002002B8001002B8C7
:10201000005001B8006001B800D000B800E000B87E
:10202000004001B84CA100200000FFFF0C0000BAE6
:10203000003E00B000C001B82DE9F34106468846D5
:1020400015461F462AF0B1FB0446032001F09AFC16
:1020500038B120462AF0A4FB0E24204602B0BDE889
:10206000F081042001F08EFC0028F2D120462AF0F5
:1020700097FB01232A4641463046FFF7BFFE044640
:102080000028EAD1DFF8C4804FB388F80000394651
:102090003046FEF725FD00284AD198F80030012B84
:1020A0001AD02022234B5A64234B9B6FB3F5817FB8
:1020B0001DD2012023F045FA2AF077FB1F4B06467C
:1020C0001B680193BBB901F0E9FC2B0625D401F094
:1020D00029FD03F0B7FB25E003F0C8FBBDE798F846
:1020E0000030012BF8D0002BDBD12124B5E7802272
:1020F000134B1A61DDE7042001F046FB00230122A7
:10210000042001A901F05EFB0028DCD103F016FCDD
:10211000212430462AF044FB9FE70022094B9A67AE
:1021200001F000FD084B01215B6800209847F0E7B3
:10213000044692E7001002B8003F00B00083002080
:10214000000002B800C001B8009E002044960020A4
:102150004FF40022034B586C03F500535A64C0F34C
:10216000C0407047000002B8024B034A00201A60CA
:10217000704700BF04830020D9090208024B586948
:1021800000F00100704700BF00C001B808B50D4B5A
:102190005A69D10710D518B9BDE8084001F0D0BA86
:1021A0005B69DA070DD401F0BDFA0323064A136414
:1021B000A2F58052536404E05B69DB0701D4002878
:1021C000F1D108BD00C001B800A0095030B56FF0D2
:1021D0004044114D2040C5F85042104CC4F8500204
:1021E0004FF0FF30C5F85402C4F8541238210A40A9
:1021F000C5F86412C4F8642209490A4A0020C2F8EA
:10220000C810A2F58052C2F8C8300423C5F8643261
:102210000223C4F8643230BD006001B8005001B838
:102220000000FFFF00E000B890F92430002B0CDA2A
:102230004FF08053064A29B19360A2F58052D360D3
:1022400000207047D3609360FAE70E20704700BF0C
:10225000006001B84FF0806310B1024A53617047CB
:10226000014AFBE7001002B8002002B8202350B159
:10227000064AC2F8F433064B196C11F0020104D17E
:10228000032002F0A7BD034AF3E77047001002B82D
:1022900000C002B8002002B80F4BDB68C3F3036331
:1022A000013B0B2B0FD8DFE803F006060C060606F1
:1022B00006080A0808080220704704207047052015
:1022C000704703207047054B5B6913F0060F0CBF86
:1022D00001200420704700BF000002B800C001B810
:1022E000094AD368C3F303630B2B08D06FF49050F3
:1022F000184100F0010080F0010040007047506C70
:1023000010F48030EDD17047000002B80C490D4A3E
:10231000CB68C3F30363062B07D8042BD8B20BD8C2
:10232000C31E5842584140007047072B06D1D1F8D0
:1023300068011040ECD170470220704700207047C0
:10234000000002B85FFFF9FF094BDB68C3F30363CA
:102350009A1E012A8CBF00220122012B02701EBF8F
:102360004FF4026222FA03F303F001030B7070478B
:10237000000002B8094AD368C3F30363032B01D0FA
:10238000072B08D1936CDB0605D4D06C80F00800D5
:10239000C0F3C00070470020704700BF000002B8C3
:1023A000024B0022196823F005B800BF583B05080E
:1023B00010B5FF224FF6FF71044623F016F868B9F6
:1023C000FF224FF6FF71204623F020F830B9204657
:1023D000BDE81040FF22024923F02AB810BD00BF1B
:1023E0004439050810B55B0743EA02439DF808200D
:1023F00043EAC163520502F0BC621A43064942F443
:10240000C872044604F0E6F8002220461146FFF7A1
:1024100051F9002010BD00BF9007E12D37B50C46E3
:1024200005460B4B1A680B4B19680B4B186801F0EB
:102430003FFD94F828302846009394F82B3094F808
:10244000292094F82A10FFF7CDFF03B030BD00BF5C
:10245000B0830020AC830020B483002008B5FFF7D0
:1024600089FF88B1094BDA6912030DD5586C10F455
:10247000003009D1DB6C13F0100F4FF010030CBFCC
:10248000034A044AD36408BD0220FCE7000002B8F6
:10249000001002B8002002B8034610B500B3124A7B
:1024A000D16909031ED5946CC4F38114032C15D093
:1024B000022C17D122460D49B1F8CC0001F1006180
:1024C000801A01F536710144184622F0BBFB064A1A
:1024D0000472D26C120A4272002010BD0822EAE790
:1024E0002120FAE70220F8E7000002B8003E00B021
:1024F00070B50C4605460A4E0A480022012C08BF5A
:102500003046094B0949FFF761FE631E5C425C419E
:1025100095F82430002064F3C71385F8243070BD8B
:1025200091D1061990D106190000F6289E0C4B5443
:1025300004292DE9F04104460F462ED84E1EF6B26E
:10254000032E8BBF0025164BA84613F806809CBFB0
:10255000144B9D5D22F046FF80B94FF000084FF408
:1025600060320020104B6D045A6245EAC835A3F56D
:1025700080535D6284F82D70BDE8F0812046FEF73F
:10258000D7FB80B28428E8D8022EE8D894F824102B
:102590002046C909FFF7ACFFE1E72120ECE700BFC7
:1025A000403905083C39050800E000B810B590F83E
:1025B0002630022B08D11B4BD3F89C1031B9C28DA9
:1025C000272A0ED90E2002E0042B01D0002010BDD6
:1025D000144BD3F89C30002BF8D1C28D272AF1D8A8
:1025E0000121114B1868114B984214BF31246FF030
:1025F00003040C4818BF0023A0F8B64008BF01230D
:1026000050246343282404FB013309491944895C9D
:10261000FA31A0F8BC1007490B449A5C064B1A70BB
:10262000D4E700BF003E00B04C83002000F0490218
:102630003C3A05084C3905084896002010B5124B65
:102640000C68C3F87842C3F87C42C8B1D0F8E030D7
:10265000B3B15B69A3B1501EC0B2FD2812D90134D9
:1026600004BF6FF0010008600868FF2A186007D1F6
:102670004A68013202D16FF001024A604A685A602A
:10268000002010BD012AF2E7004001B8F0B585B086
:102690006D460E460F4B074614460FCB85E80F00DC
:1026A0000D4BD3F848020090D3F84C2201923EB172
:1026B000631EDBB2FD2B0AD93060FF2C00D17260A3
:1026C000224629463846FFF7B9FF05B0F0BD012C78
:1026D000F4E700BF2C3B05080080E00FF0B585B0A3
:1026E0006E460D4B07460D460FCB86E80F0000F0F7
:1026F0002BF8314604460246384623F03EF84DB1E9
:1027000040B9FF2C1BBF04AB03EB8404009B54F8BF
:10271000103C2B6005B0F0BD2C3B0508FF2818BF0E
:10272000C3434FF0180108BF1023064A18BFDB004F
:10273000C2F8FC1318BF03F00803A2F58052C2F8D8
:10274000FC337047002002B8024BD3F8F807C0F3FF
:10275000C0407047000002B84FF03A43D3F814214C
:10276000D2031ED54FF480320E49C1F81421A1F5D1
:102770008051C1F818215A6DD1B2C2F30722C3F8B3
:10278000A410C3F8A4200422C3F8A4200022C3F894
:10279000A420C3F8A420C3F8A420C3F8A420C3F83D
:1027A000A4207047002000BAF0220B4B01219A644C
:1027B000A022A3F580539A644FF03A43826CC3F889
:1027C000F410FC21C3F8CC10C3F8D0204FF4005211
:1027D000C3F8F020704700BF006000B8F8B54FF0B4
:1027E0003A440D461746064629F0DFFF012304222E
:1027F0006363084BE76026616561C3F814214FF0FD
:102800000042054BC3F8802129F0CAFF0DB1022315
:102810006363F8BD002000BA00E100E02DE9F0415B
:1028200005460124006800F00700063004FA00F3B2
:10283000A868EC685E1EA04262D000EA060E6C68D2
:1028400010441E430640A3EB0E000EEB040C824224
:10285000644618D9D31A0EEB030298B1431E052B18
:1028600004D94B1CACEB0303022B59D80B4608448C
:10287000ACEB010E03EB0E0113F8014B83420C701D
:10288000F8D101466C688AB1531E052B01F1010392
:1028900002D9E01A022812D80A44611E00E001336E
:1028A00013F8010C934201F8010FF8D129F07DFFD4
:1028B0000223AE60AB62BDE8F04129F071BF0B4668
:1028C000204622F0030E8E4453F804CB734540F8A3
:1028D00004CBF9D122F00303D01A920701EB030CC9
:1028E00004EB0307E2D0CA5C0128E254DED09CF876
:1028F000013002287B70D9D09CF80230BB70D5E73C
:10290000042A35D90878043AA86148780431A861C6
:1029100011F8020CA86111F8010CA861A8688CE7F5
:102920000B4620F003070F44ACEB010E1C684EF879
:1029300003400433BB42F9D120F0030310F0030F2E
:1029400001EB030EA0EB03040CEB030728D011F8F6
:102950000380012C0CF8038022D09EF80130022C59
:102960007B7018BF9EF80230084418BFBB7088E720
:10297000013A032A12D8DFE802F00F1507020B46CE
:1029800013F8012B1946AA610A4612F8013BAB6104
:10299000114611F8013BAB610B78AB61BDE8F081EA
:1029A00008446EE70A46F3E738B50B46154601467C
:1029B0004FF03A4468B101221048C4F8F4201A4696
:1029C000FFF72CFF25B14FF03A430422C3F8F4205F
:1029D00038BD73B1D4F8D8209A4284BF0122C4F81C
:1029E000F4204FF03A42C2F8D4300223C2F8F43057
:1029F000E8E70123C4F8F430E4E700BFCC0000BAF4
:102A000038B5044629F0D1FE4FF03A420121638FD8
:102A1000054651674BB3B3FA83F3C3F11903DBB235
:102A2000A069C2F8B410C2F88C300723C2F8900035
:102A3000C2F8B0304FF4A02302F50052C2F81431AE
:102A4000A2F58052C2F8183100220C4B1A600C4BD0
:102A50005B6C5B0209D54FF480020A4B04F1F8006D
:102A60005A64D4F8941001F0ADFC4FF4E0232846EA
:102A7000E363BDE8384029F093BE00BF28830020FF
:102A8000000002B8002002B82DE9F84305460C46C4
:102A9000B1B1D0F81880478F29F087FEB5F83CC057
:102AA000791E01EA0C0323F00702032C0646DFF827
:102AB000F8E042445FD1DEF8004024B929F070FE0E
:102AC0000E20BDE8F88324F00104DEF8000020F0B9
:102AD0000100A04254D10023CEF800302388944254
:102AE0006FEA43436FEA534323803FD1EB8F08EBF8
:102AF00007091846083880B202F108044C4528BF7F
:102B00004446082804D9B4F800E0BEF5804F41D20D
:102B100063440F431B1A3B409BB2AB87E887947812
:102B200011884FF03A42C1F30C019165C2F8983018
:102B3000C2F8B0004FF48022174B04F00704C3F82A
:102B400014214FF00042154BC3F88021FFF704FE1B
:102B5000042C0BD14FF48002114B05F1F8005B6C93
:102B6000104B5A64D5F8941001F02CFC304629F033
:102B700017FE0020A5E7601E012898BF1446A4E7B1
:102B8000E88F4344E31A48BFDB1908389842A5DCB4
:102B9000304693E72246ADE7002000BA00E100E0AE
:102BA000000002B8002002B828830020154B10B5A1
:102BB0001968CA8F8B8F488F13440138073B8C6983
:102BC000034023F007031C4402F108034FF03A428C
:102BD0009BB2CB87C2F8B0304FF480220A4BC3F8C7
:102BE00014214FF00042094BC3F88021A07800F077
:102BF0000700042803D1064AD3681B03FCD4054B05
:102C00001C6010BD04840020002000BA00E100E038
:102C1000000002B82883002010B5064C216839B1A5
:102C2000CB0703D4044B1868FFF72EFF0023236063
:102C300010BD00BF28830020048400204FF48032A0
:102C40000C4B0D49C3F818214FF03A43C1F8142139
:102C5000D3F8AC10D3F88C20012302F0070206321F
:102C60009340C1F30C01083B994201D8FFF774BDB2
:102C7000704700BF002000BA001000BA2DE9F047ED
:102C800080460C4616468769458F29F08EFDB8F8B8
:102C90003C2005F1FF3C02EA0C0323F00701032C62
:102CA00082463944B8F83E0019D14A4C24689CB990
:102CB0000244073A02EA0C0222F00702BC183B4425
:102CC000E31A48BF5B19834210DB504629F068FDC8
:102CD00000242046BDE8F08724F00104EFE7012C32
:102CE00002D0022CEBD108380C46E8E7002E3FD08A
:102CF0008C4241D14FF03A42D2F858904FF03A41CD
:102D0000D1F8AC20B8F81270C2F30C02934247DA43
:102D10002588B5F5804FD8D2A378C5F30C0503F00C
:102D200007037A1EA5EB09053A43052B337005EA24
:102D300002052DD82DB2E84340F23D420421C00FD8
:102D400003F04EFF7580E3783374D8F81C207B1EA7
:102D500003EA0903D118B160A9B213FA85F5AF42AD
:102D60002FBF0023FF1AB780F26024BFB180F36049
:102D7000504629F015FDACE7A4F10802974284BF44
:102D8000ED0802EBC502B2F80090C9F30C09B5E7F3
:102D9000114B5B6D003B18BF0123A5EBC305C9E7D1
:102DA0004B6D7A1EA3EB09033A431A400B4915B247
:102DB000002DCB680BDCC3F30363D81E43424341B1
:102DC000DB003370CB6C72801B0A3374BDE70823C1
:102DD000F7E700BF28830020004000B8000002B8D9
:102DE0001022024B1A70FEF7D5BF00BFACA1002025
:102DF000054A1378102B04D018B123EA010313708D
:102E00007047FFF7EDBF00BFACA1002038B541F619
:102E1000C205184BD3F84C415A68596C22F0404215
:102E200022F4400289B2120CA9424FEA024210D1A8
:102E30001B6C1B0E932B0CD10F4A104B904208BFFA
:102E400013461B1A584258410121FFF7D1FF0020B9
:102E500038BDB2F18C7F0AD1094B0A4A2340934214
:102E600003D002F58072934201D1074AE5E7034B94
:102E7000E7E700BF0080E00FF4766B18690345ECCC
:102E8000007FF01F0001200110355B2408B550B110
:102E9000064B1A88824206D2002018800421FFF7D0
:102EA000A7FF002008BD0120F8E700BF0C8E00201E
:102EB00010B5044601F002FD00B1A08A034BBDE845
:102EC000104018800020FFF7E1BF00BF0C8E0020EB
:102ED00010B5104CD4F84C315B0004D401F096FCD2
:102EE0000221FFF785FFD4F84C31591C0FD05A004E
:102EF0000DD4094B1878012809D9A0F108035842CC
:102F00005841A822BDE81040312103F069BE0120DC
:102F1000F7E700BF0080E00FACA10020024A137861
:102F200043F0080313707047ACA1002010B50F4B9D
:102F30001C78ACB90E4BD3F8F8375B0309D490B1C9
:102F40000F23441EB4FBF3F410300444E4B22046D3
:102F500010BD40F61D023F21204603F041FEF6E77A
:102F60000001C4B2F3E71024F1E700BF4EA1002036
:102F7000000002B838B5294D0446297819B9202235
:102F8000274821F054FE2378264A61881370518027
:102F90004FF2F0022449C1F8C821244A4BBBA1F5E5
:102FA0000051D1F8F81711F4002F4FF0FF011CBFAA
:102FB0001F48C0F8DC3011704FF040731A4AC2F855
:102FC00034311C4BD3F8F83713F480230BD14FF472
:102FD0007F01C2F830111849C1F8303148F2C801F8
:102FE000164BC3F8F4100723C2F8FC330122124B2E
:102FF0000DE000240E48022BC0F8DC404FF0FF002B
:103000001070D9D107230422C1F8FC330A4BC3F84E
:10301000FC23012300202B7038BD00BF49960020FF
:10302000E03F00B04EA10020002002B8B0A1002077
:10303000004001B8000002B8001002B8003F00B024
:10304000034B1A6802609B8883800020704700BF92
:103050004EA1002010B5044600F0E0FF094BD3F864
:10306000F80734B900F44020B0F5402018BF012023
:1030700010BD022C0ABF80F400300020C0F3404095
:10308000F6E700BF000002B82049D1F8FC37FF2B5B
:1030900031D01F48C3F303120270D1F8F81703F0C0
:1030A0000F0309035BBFC2EB02120F3B02F1FF32B9
:1030B000D2184ABF03EB0213D3B2DBB2154A16494A
:1030C00013700978154B1A68E9B1B2F1A06F1AD3E1
:1030D000D3F85012124A134BB1F1FF3F18BF1346F9
:1030E000114A136041F66A02104B1B68B3FBF2F3FE
:1030F0000F4A13607047D1F8F83713F4002F0CBF54
:10310000B4235A23DAE7074BEAE700BF000002B80E
:10311000B1A100204B960020AFA100200080E00F5D
:103120005082E00F3C3B05082C8300204C8300209C
:103130003083002020B1022804D1034B1878704757
:10314000024BFBE700207047B1A100204B96002006
:103150002DE9F74F4C227B490646CB6CD1F8DC4079
:103160007949C3F38213DA400B6890F83071092B68
:10317000DFF800A2754BDFF80092DFF8008202F062
:10318000010216D11878904213D19AF80000B84283
:103190000FD1D6F8A80060B1A0420AD196F82B4012
:1031A00099F80000844204D1B8F8040003B0BDE8E7
:1031B000F08F0920086098F800001A70FFF7BAFF36
:1031C0000346002A00F0918004234FF07F41604ABB
:1031D000C2F8BC305F4BC3F8BC1096F82B301B060E
:1031E000C2F8BC30002040F271225B4B19211B68F1
:1031F0000404B3FBF2F303EBC303182BB3FBF1F1AD
:1032000000F29380002C00F09B80B4FA84F2C2F1AB
:103210002002C2F10F03012B38BF0123D440A14289
:1032200001D2013B6408421C03F01F0152008A4096
:10323000121BDFF838B19208CBF8B0201A0242EA2C
:1032400003121343019300EB002300EB0325434BD0
:1032500040F6970218682B21003818BF012003F0B0
:10326000BFFCFA223D4B02FB04F01B6840F6FF72E4
:10327000B0FBF3F00A235843394B00F57A74C3F8D6
:10328000D820019AA3F58053C3F8D820354AA3F576
:103290008053C3F8DC50D2F8F827520308D4D3F88F
:1032A000DC3003F47F02C3F303531343CBF8FC3049
:1032B000C6F8A8502C4D00F6B8302C6001F014FE72
:1032C0004FF47A72294BC3F8A400C3F8F8002B68B6
:1032D000B4FBF2F0B3FBF2F3A8F8043096F82B300D
:1032E0008AF8007089F8003060E796F82B00984261
:1032F00028BF1846C0B22FB1022F7FF473AFFFF77B
:1033000015FE70E7174BD3F8F8371903F7D450B10F
:103310000F230138B0FBF3F00130154B1B68034459
:1033200013F8010C5FE70120F7E7B1FA81F23CB135
:10333000B4FA84F3D21A002A3FF76BAF0F236EE77B
:103340000F2370E7004001B81C9E00204A96002021
:10335000001002B8002002B84C8300203083002007
:10336000006001B8000002B834830020003F00B0C4
:103370002C830020AEA10020ADA100204EA1002092
:1033800038B5254B05461A78244C0C2A02D1FF206B
:10339000207038BD104622F0C5F801461046FFF7F0
:1033A000C9FEA84228BF2846C0B2884238BF084696
:1033B0002378C0B28342ECD020703ABB184BD3F8CC
:1033C000F83713F4002321D14FF2F001154AC2F867
:1033D000C811C8B10F230138C0B2B0FBF3F3591CB8
:1033E000C3EB0313C01A431C0D4A1B01D2F8C801DA
:1033F00043EA01330343C2F8C831D2F8C8210A4B6B
:10340000C3F8FC202078C4E70121EDE7074B1868DA
:10341000FFF79EFEF6E700BF4EA10020B0A10020FE
:10342000000002B8002002B8003F00B00484002071
:10343000014B1870704700BFAFA1002010B50446C3
:1034400003F0ACF978B1154B1B786BB964B1144B30
:103450001B784BB1134B1B78013B012B04D84FF465
:103460000042114B1A6510BD104B1B6D1B04FAD4A2
:1034700029F09BF9044602F049FA4FF400420C4B44
:103480002046BDE810401A6502220A4BC3F8D42436
:103490000422054B5A6429F083B900BF4C960020E2
:1034A0004D96002038830020002002B8000002B8AA
:1034B000001002B800D003500122024B00201A7005
:1034C000FFF7BCBF4C9600200022024B01201A706F
:1034D000FFF7B4BF4C960020054BD3F8843013F0AF
:1034E000030F4FF4802314BF024A034A93647047CA
:1034F000004000B8005000B8006000B873B5054641
:1035000000F08CFD01213A20E7F7EAFC3D4C3E4BF0
:1035100000201D70FFF792FF2378013B012B08D894
:10352000E37B01A88DF80430237C8DF80530E5F7A6
:10353000C3F80022354BC3F8D424A5B94FF6FF7168
:10354000334AC2F88410F821A2F58052C2F88410E0
:10355000C3F8D4542F4B4FF080421A650020FFF778
:10356000BBFF02B070BD62685AB32B4B1B6803EB04
:103570005203B3FBF2F3013B1B0243F0F80326783E
:103580002349022E254A1ED0032E4FF6FF751F48F1
:1035900026D0012E2FD143F00203C1F88450C2F887
:1035A00084300723C0F8D434E37B01A88DF80430BD
:1035B000237C8DF80530E5F757F80120FFF73EFF33
:1035C00017E0F823DBE74FF6FF7043F00103C1F883
:1035D0008400C2F8843006220C4BC3F8D424E3E7FD
:1035E00043F00503C1F88450C2F884300423C0F8C6
:1035F000D4340B4BAFE7C1F88450C2F884300023B9
:10360000F5E700BF388300204D96002000C003502E
:10361000006000B8002002B84C830020005000B8C1
:10362000001002B8034B1B6D002BBCBF024BC3F84C
:1036300088007047000002B8004000B82DE9F0474C
:1036400000F046FD4FF47A762D4BB0FBF6F618608D
:103650004FF4FA73734307462A48190E1B021818D1
:10366000294A4FF0000341F10001FCF79FFB274B73
:10367000A0F5807205461A6320B946222B2103F07B
:10368000AFFA01254FF47A724FF0000A6A435346AD
:1036900050083102FCF78AFB1C4B1D4AB7F57A7FB4
:1036A0009A601C4B4FEA056819601B4B894604461B
:1036B00018604FEA152505D29B222B21504603F0B6
:1036C0008FFA01264FF47A73A8FB030103FB05115F
:1036D0007308C01841F1000100233246FCF766FB75
:1036E0000E4B023419600E4B49F10009A408186012
:1036F00044EA8974054B013C9C63BDE8F08700BF38
:103700004C83002020A1070040420F0000C001B8F8
:10371000021101005C8300205883002054830020A4
:10372000508300200822044BC3F884215A600122F0
:10373000024BDA60704700BF00E100E000C001B852
:103740000822064BC3F88421C3F88420BFF34F8FAF
:10375000BFF36F8F0422024BDA60704700E100E094
:1037600000C001B810B50446A242A2EB0000A3EBD2
:10377000010104D2034B01399B6B0133184401F062
:10378000030110BD00C001B838B501250A4B020184
:103790009D504FF480730446084A8340536629F0D5
:1037A00004F8074AA540137823EA05031370BDE81F
:1037B000384028F0F5BF00BF00E101B800E001B8D3
:1037C000569600202DE9F84F164605468A461F46B4
:1037D00028F0EBFF022E00F09180804628F0F2FFE7
:1037E0005A4B5B4AD3F8209092F869405A6EE4B283
:1037F000520744BFD3F82090013404F0030428F0AA
:10380000DCFF4846214600F045FA8446DAF800001D
:10381000012E04BF01306044ACEB000C08BFCAF8B5
:103820000000BCF1804F7DD300F046FA8145A1EB4A
:10383000040188BF454BDFF838C188BF01F1FF3173
:1038400001F0030188BF9B6BA0EB090E0CF805107B
:10385000A1B1F90742BF41F61F723E4B5A67BA0742
:1038600042BF3C4B3C4A5A677B0742BF0022374B62
:103870009A673C0742BF0022344B9A6511244FF0EF
:10388000010A324B05F11002120103EB051BCBF8C4
:103890000C0132499C501A6A0AFA05F4586E0B78EA
:1038A000A2EB0902E4B2234372450B7025D34FF417
:1038B0008073AB40034220D11CF80520002A40D180
:1038C0000EB3274AF807536607D541F61F7140F239
:1038D0000110204B596750675967B90706D51D4B32
:1038E0001D4A1F491F485A6748675A677A0742BFEF
:1038F00001221D4B1A613B071AD4404628F050FFA5
:103900000120BDE8F88F194A2D0142F805A042F8C0
:103910009C3C28F04AFF11490B7823EA04030B7002
:1039200028F03EFF404628F03BFF0020BDE8F88F1E
:103930002120FFF777FE4FF48032044B4046DA60D7
:10394000DCE7074A40465366D8E700BF00C001B82D
:10395000003E00B000E001B800001F1F5696002096
:1039600000D001B800000101000002B800E101B878
:103970004E960020024B1878003818BF012070477F
:1039800056960020034B10300001185800F001003B
:10399000704700BF00C001B8044B01F0F071103057
:1039A00041F0030100011950704700BF00C001B889
:1039B00070B50646FEF7E2FB044608B1FFF7C0FE0D
:1039C00000230A4D3046AB61EB612B6200F074F9C5
:1039D000074BC9B283F8691028622CB1FFF7A2FE29
:1039E0004FF08062034B5A64002070BD00C001B8E4
:1039F000003E00B0002002B82DE9F0419DF818808B
:103A00000D46B8F1000F08BF0022214EB5F5803FEA
:103A1000B168074621F4700141F4A001B1609DF83E
:103A200020409DF81C104FEA042444EA016444EA53
:103A3000031444EA084444EA02044FF0180140F237
:103A4000D9222CBF00200120746503F0C9F8356429
:103A5000B8F1000F1AD00F4BBC68D3F8B8306F2CF8
:103A600038BF6F245B0606D500F00EFC18B10A4B78
:103A7000B3FBF0F31C44204600F01EF901308542F0
:103A800038BF0022024B34BF5A645864BDE8F0814D
:103A900000C001B800C000B800093D0038B51A4B9D
:103AA0005D6C2DBB10242020FFF7BCFD174B9C60E4
:103AB00002F004FD164BC3F8844101F06DFE48B1DD
:103AC0002A4600200821FDF76FFF124B5C66A3F524
:103AD00080531C67104AD36803F07063B3F1807F92
:103AE000F9D9094B0D4A5A6741F201429A6738BD2C
:103AF00001F052FE0028F4D0094B064A5366A2F5A5
:103B000080521367EDE700BF00C001B8001002B893
:103B100000E100E000E001B8000002B8011B01185C
:103B20001000002008B52120FFF77CFD4FF4803203
:103B3000014BDA6008BD00BF00C001B808B5222003
:103B4000FFF770FD4FF48022014BDA6008BD00BF23
:103B500000C001B8F8B5174D0446EB6BDB0124D566
:103B600000F006FCA0FB0446E86B070A050C10F009
:103B7000FF0005D140F259422B2103F031F801201A
:103B8000EDB2AD01B5FBF0F0FBB210EB831005D147
:103B900040F25E422B2103F023F80120024600236D
:103BA00020463146FCF702F9F8BD00F06DFBA0FBA2
:103BB0000401F9E700C000B80246012030B50B4C03
:103BC000A0F12003C0F1200524FA05F504FA03F35F
:103BD0002B4304FA00F595428B4100D330BD0F28EA
:103BE00001D00130ECE7FF20F8E700BF40420F00B2
:103BF00010B50C46FFF7AEFFC30943EA4163C01A94
:103C000061EBD111FFF7D8FFFF2814D00F220C4B26
:103C100040F01000C3F8B820A3F58053C3F8B800F3
:103C2000A3F580535B6ADBB2802B06D02046BDE84B
:103C3000104000F089BB212010BD0220FCE700BF2E
:103C400000E000B838B528F0BDFD084B084A1D6AF1
:103C500092F869405A6EE4B2520744BF1D6A0134BB
:103C600028F0ABFD284604F0030138BD00C001B8C0
:103C7000003E00B00346064A103302EB00111B0160
:103C8000D1F80C01D158C1F3400121F065BC00BF4F
:103C900000C001B8064B1B68434303EB8171054B21
:103CA0001B68A3FB003013F1004341EB0000704799
:103CB00054830020508300200C4A20F040430146EA
:103CC00010B5002014684FF00042E4FB0320084ABE
:103CD000890F126802FB0300064B9B6B984204D9C4
:103CE00001330131C01A01F0030110BD58830020D7
:103CF0005C83002000C001B840B1836833B106493D
:103D0000C268096803F13043032A00D8704743F8BA
:103D1000041B043AF8E700BF9083002070B51646F4
:103D2000054600B3F9B1F2B14268104B00680332A6
:103D30001B68920800F130409847044688B9EA6849
:103D4000A86803323146920800F1304021F01DFC92
:103D5000044630B9D5E90402214600F1304020F094
:103D600066FF204670BD2124FBE700BF209E002097
:103D700070B50C68651C15D0C4F302669E42C4F38E
:103D8000074530D1A4B294422DD804EB8506B24247
:103D900029D2141BA50824F003040E59340F04D0B3
:103DA000012C08D00022212402E06B1C51F82320B2
:103DB000C0E9002470BD0E4C34F8133042EA0343CE
:103DC0001A686B1C51F8234001EB83014B682240B9
:103DD0005E4036F0704404D11B0F032B04BF8B6888
:103DE0001A430024E4E7013501EB8501C1E700BF78
:103DF000503B050807B501A8E8F762FA254B2649AC
:103E0000D3F86022D2B2FF2A1DBFD1F87801130285
:103E100043EA0213D1F878311CBF20F47F621343C8
:103E2000C1F8F8331C4BD3F8F837190354BF0920F5
:103E30000C20E7F7DDFEC822184B42F201015A655B
:103E40004FF4C02203F51043C3F868214FF48032C9
:103E5000C3F86C21124AC2F8701202F52042D2F85F
:103E6000F827120308D44FF470610E4AC2F8A0106C
:103E70004FF42062C3F8A02001220B4BC3F80024AA
:103E800003F53043D3F86821084B1A6003B05DF89E
:103E900004FB00BF0080E00F000002B8008001B802
:103EA000006001B8002002B8005001B8248300204F
:103EB000836810B4074C03F1304324681B689C42AC
:103EC00003D15DF8044BFFF729BF00205DF8044BD8
:103ED000704700BF90830020134B1B78002B20D02D
:103EE000124B134A00201A60124B134A1A60134BEC
:103EF000134A1A60134B1A68134B1A60134B144A77
:103F00001A60144B144A1A60144B154A1A60154B68
:103F1000154A1A60154B164A1A60164B164A1A6053
:103F200070470220704700BF579600209C830020F6
:103F30004844050894830020B03B0508988300207E
:103F4000D03B0508349E002090830020B4830020DD
:103F5000983B0508AC830020503F0508B083002043
:103F6000CC3B0508A8830020803B0508A0830020E7
:103F7000D43B0508A4830020C83B0508002201218A
:103F800038B51E4B5A649A64DA641D4A51610221A5
:103F90009162DA68C2F303620D2A01D0002AF8D1D7
:103FA00011220124174DDA634FF0FF302C7021F0FD
:103FB00048FB00232B70144D40F2437228685421B3
:103FC000C01A18BF012002F00BFE104B28681A68B7
:103FD0000F4B1968FFF7A2FE01F0A4F80D4B18680B
:103FE000FFF78AFE0C4B1868FFF786FE4FF08062E1
:103FF000034B5A6103F580535C6138BD000002B881
:10400000001002B857960020948300209883002067
:104010009C830020B4830020A883002001230D4A44
:104020000D49C2F8803291660C4A53600C4A5360C5
:104030000C4A5360A2F580425360A2F5404253609F
:1040400002F5C032536002F580425360A2F500428F
:104050005360704700900050FF0B001600D000B86E
:10406000001000BA005001B838B50324FFF7D6FF9E
:10407000114A124B124D1A65FFF7BCFE114BC3F8E3
:10408000104101232B6500F08FFE4FF460736B61CC
:104090004FF400732B65FEF757FB0021FEF73EFB44
:1040A0004022094B1C64A3F580535C64074BC3F8A2
:1040B00084215A6038BD00BF0048F000000002B8FB
:1040C000001002B8005001B800A0095000E100E063
:1040D00008B524F02FFE044B1B6FC3F300430133DC
:1040E000B0FBF3F008BD00BF0080005070B504467F
:1040F00098B1B1B13A4A52F8043B834213D100233C
:10410000384A116CC907FCD4374800EB830021F012
:1041100045FA364B106001221A6470BD01330C2B36
:1041200002D1334D2CE0012352F8041BA142F5D1FA
:10413000304A32F81330E3E7C2F3016335F8130075
:10414000110C93B211F0FE0F43EA0043606820D0D7
:104150000434CAB2022A216808D9D4E90160033ABA
:10416000C3E9001698600C340C33F3E704D162689D
:10417000C3E90012083403E0012A01D104341960B4
:104180002268531CD8D10022164B1A6003F58053C5
:10419000C1E7120F072AEDD8DFE802F00704090D86
:1041A0001013181DC04303F500531860E2E71A68A6
:1041B00042401A60DEE703F58053F6E721F0C1F9CB
:1041C000D8E7012203F580538240F2E7012203F58C
:1041D00000538240EDE71A6830EA0202FBD1C9E7DA
:1041E0006083002000C002B8404000B000D002B898
:1041F000503B05080C8E00200122014B1A657047C8
:10420000001002B80122014B1A657047002002B865
:104210004022014B1A657047002002B84022014B32
:104220001A657047001002B80B4B1B68D3F8E430D6
:1042300023B11A68022A01D9186A7047074B9A6E8F
:1042400090B238B1064BC2F307421B68DB085343F8
:10425000B3FBF0F0704700BF04840020004001B8B9
:104260004C830020064BDB68C3F30363984206D1FE
:10427000044A936E23F0F00343EA011191667047FC
:10428000000002B8003F00B0054B1B68D3F8E430D3
:1042900013B11A680A2A01D8FFF7C6BF186C704715
:1042A000048400202DE9F743064621F043F9002459
:1042B0008046DFF8909028F078FA0DF10701054666
:1042C0000DF10600FEF740F89DF806308BB9721C20
:1042D00029D021F02FF9A0EB0804284628F060FA35
:1042E0009DF8063013B99DF807303BB3A642E2D8DB
:1042F00024E0D9F80C3013F4603FE8D0D9F8180066
:1043000021F0A3F9731C074603D021F013F9A0EBA9
:104310000804284628F044FA17F5007FE0D0384614
:1043200003B0BDE8F083284628F03AFA9DF806303D
:10433000002BC0D19DF80730002BBCD1004FEEE719
:1043400000FEFFFF00C000B810F1800F04D04D2820
:10435000CEBF7F20323040B2FF22044BC0B25A623F
:10436000A3F5805358620020704700BF00E000B8FA
:104370000B4A10B5136F0B4C116F03F00703E35C8E
:10438000C1F3CD0101FB0333126F0748C2F345426D
:1043900002FB033300688001B0FBF3F010BD00BFE7
:1043A000004001B8483B05084C830020044BD3F87B
:1043B000B03010B1C3F30332027003F00F00704746
:1043C000000002B8064B01F080015B6C03F480032F
:1043D0000B4302BF4FF40012024BDA64704700BF78
:1043E000000002B8006001B80F4B1B788BB1012BA5
:1043F00011D10E4A012102F580528B4291600FD8F3
:104400000A4A0B49002B08BF0A4693689B07FCD455
:104410007047074AEEE700224FF480539A60FFDEB0
:1044200000239B68FBE700BF58960020004003B8BC
:10443000000003B838B50B4B0B4C002818BF1C46C6
:10444000A569E3691D4007D0084B1B682BB12846BE
:10445000984704F50054A56138BD6B05F9D5FFF701
:10446000C3FFF6E7004003B8000003B8B88300209C
:104470002DE9F04F404F804685B038680C4620F05B
:104480008CFD20B90024204605B0BDE8F08F2246FF
:104490000021404620F0CBFB384B5D6915F001054B
:1044A000F0D102F00DFA06460028EBD03F683846FE
:1044B00021F019FA4FF6FF73984234D04FF0605153
:1044C0002F4E304B304AD3F84C90D6F88C30D16414
:1044D0004FF00061A2F58052D16424220421C6F875
:1044E0008C202A4A4FF4804B91604FF48052002771
:1044F000DFF8A4A0CAF868B0F262A7421ED3042174
:10450000234A9160A2F5F032C2F88C304FF060522D
:104510001D4BDA6409EA02031E4AD3644FF4804259
:104520001D4B9A66AFE73146384621F083F90146C4
:10453000384602F009FB0028C0D0A3E7B26E510450
:10454000FCD5B268D205F9D5CAF868B0D6F8902083
:104550000135012D0392D0D9E21B042AA8BF042201
:1045600008EB070003A90193009220F06BFB009A6F
:10457000019B3A4497B2C0E704840020000002B8CF
:10458000004000B8004001B8006001B8001002B857
:10459000002002B8005001B8006000B84FF60401D6
:1045A0004FF60502044B01201B6C9BB28B4208BFE7
:1045B0001346024A136670470080E00F00C001B83E
:1045C0002DE9F74F81460F464FF0FF35FFF73AFBD5
:1045D000002601908A462C463046DFF8D8B006F116
:1045E00010031B015BF8033003F00308B8F1010F5F
:1045F00015D13046FFF73EFB02460B460198514667
:10460000FFF7B0F8DBF8643006F10802D340DB07AF
:1046100039D5002F40D000252C463E60404601365B
:10462000082EDCD160B3234A0027D2F808C0916B72
:104630000CF440330131A4FB0141641941F1000144
:10464000B3F5003F30D1536B0CF4405C013347F1BC
:104650000006BCF5805F22D1156B15F5807505FB52
:1046600006F647F1000203FB0266A5FB0332324463
:10467000594304FB0212A3FB04341444C9E9003477
:1046800003B0BDE8F08FA84271EB0403C6D207B1B6
:104690003E6005460C46C1E73D463C46BEE7320259
:1046A00042EA13621B02E3E7136B13F5807347F1D1
:1046B0000002DDE700C001B8034B1A6E596E03F526
:1046C00000530A401A66704700800A502DE9F341F2
:1046D00005460F4668461146FFF772FF0646B0B121
:1046E000AFB1DDE900321B0A43EA0263A5FB038494
:1046F000094B120A05FB02441A6812B9FFF7E8FCDD
:104700000246002340462146FBF750FB3860304606
:1047100002B0BDE8F08100BF4C8300204FF0005292
:10472000014B1A60704700BF00E100E04FF00052FB
:10473000034BC3F88020BFF34F8FBFF36F8F7047D9
:1047400000E100E00C4A10B5D2F84C3154680B4A35
:104750000B49944201EA030106D103F4FE43B3F589
:10476000807F08BF41F4A061064820F088FF214601
:10477000BDE8104020F083BF0080E00F1400150159
:10478000E0FFF01FCF13468B2DE9F0470C4681B1B7
:10479000B1F1006F0DD31C4BCA1C9A4209D84FF0DF
:1047A000000844F6FC7654F828104FEA88094B1CA0
:1047B00001D1BDE8F08720F062FFC1F30263032B53
:1047C000844608F10107C1F3074514D18BB2F31AEF
:1047D000B5EB930F4FEA930A0DD909F10401524644
:1047E000214420F067FF844608F10208013D08EBF0
:1047F0000A07A5EB0A052A46604604EB870120F06C
:1048000059FF07EB0508CEE7FFFF17082DE9F84F22
:10481000044610B90020BDE8F88FB0F1006FF9D35D
:10482000234B00F117029A42F4D8224A0023914602
:10483000DFF8848098F800509D421AD800264FF087
:10484000240BFFF77FFF2168FFF79EFF6168FFF7EA
:104850009BFFD4F80CA0164BB24512D123698342BA
:10486000D8D1062D09D049F82540013588F80050E7
:1048700003E052F8041BA14201D10120CBE7013330
:10488000DAE70BFB06F2A1688F180ED0B7F1006FC4
:104890000BD307F1230C9C4507D88958FFF774FF09
:1048A0000422B91820F006FF014B0136D4E700BFFF
:1048B000FFFF1708BC83002059960020F8B5044676
:1048C000002859D0B0F1006F054655D32B4B00F1AD
:1048D00017029A4250D8FFF735FF217D00EB802365
:1048E000C0EB83130B44A28A03EB8321C3EB811338
:1048F00003EB122304F110061846296820F0BFFECE
:104900002A780346B2B9696879B1B1F1006F0CD366
:104910001A4ACF1C974208D86A785200013220F018
:10492000C9FE03460835B542E6D12069C31A58428C
:104930005841F8BD012AF8D168680028F5D0B0F1D7
:10494000006FF2D30D4A411C9142EED8E978AA7863
:10495000891A01310029E5D030F8027B03EB83226C
:10496000C3EB821353FA87F303EB8322C3EB821367
:1049700003EB17230139EDE70020DAE7FFFF170803
:10498000F8B50B46002213F8044B944225D91D6854
:10499000854224D106245A791D79124B88181E6845
:1049A00004FB0503104F33F8063C7B43B3420ED99A
:1049B00000238A5A7A43964202D804FB0300F8BDCA
:1049C0009D42FAD9013304FB03F2825AF2E740F226
:1049D00044423D21002002F003F90020EFE70833B4
:1049E0000132D2E7D483002040420F002DE9F04F7E
:1049F0004FF0000EA2FB016BDFF8F4C2DFF8F48287
:104A000016EB0C0C1F466BF10003E0457EEB030335
:104A100083B009D240F23E220E21704602F0E0F847
:104A2000022003B0BDE8F08FD7F814A00C4615465D
:104A30008146BAF1000F04D0DAF80030032B00F2FF
:104A40009A809E4B9E4A9B6BD2F8FCA0C3F314083D
:104A50009C4B1B6F5A074EBF4FF440039B0503F05E
:104A6000E07348EA0308984BD3F8EC305B0048BF8A
:104A700048F0807848EA456824F096F9012D02460E
:104A8000CED10028CCD0914B984200F0858003F520
:104A9000122303F5F863984200F090808C4B984203
:104AA00000F0EB80002501902B4600204FF00071B4
:104AB000FBF77CF92B46019A013006FB03F300FB60
:104AC0000B33A6FB00600344C8F31300A0FB0221D4
:104AD000203300FB05119B093B607E4BD20C1C6010
:104AE00042EA41317C4B18F4801F08BF49421960EB
:104AF0007A4B0C441C60BAF1000F5BD000237B6042
:104B0000BB60DAF81C5018F0807F18BF6408002DD5
:104B100046D099F82620093A012A41D9694ED6F89B
:104B20003C21D0027FD4DAF80000002C00F0A980EC
:104B3000B4FA84F1072900F3A480C1F1080325FA2F
:104B400003F304FA01F10133B1FBF3F14B004FEA37
:104B5000442C0133E40D01E002330131A5FB036273
:104B6000B44574EB0202F7D2C1F30E031B0343F00A
:104B70000063BB6016E0042BDAF828807FF47CAF7A
:104B800018F0807F14BF4FF4400308F0E07328F062
:104B9000E07848EA03086FE7002351481D468CE798
:104BA000DAF8000000230628FB603B6102D9DAF83E
:104BB00030303BB9002003B0BDE8F08F00234948F6
:104BC0001D467AE724F0F0F8DAF83010FFF7D8FE47
:104BD000044610B18378002B56D124F0A5F8DAF8FA
:104BE0003010FFF7CDFE04460028E3D08378002B79
:104BF000E0D040794FF4AE62003818BF01203D216B
:104C000001F0EEFF207940F2715200384FF03D0183
:104C100018BF012001F0E4FF237962791B0243EA07
:104C200002133B61C6E781EAE172A2EBE1722E4911
:104C3000C8F3815811F808C019464FEA8C6C600817
:104C4000CCFB02012246FBF7B1F80346DAF800007C
:104C50000E280ED9194A916BB26CD6F83C61D20677
:104C600007D501F4801106F40016314308BFC3F5DF
:104C70008013C3F313037B6057E700231B481D46D3
:104C80001BE72B4621025FE7407940F2555200387E
:104C900018BF01203D2101F0A3FF207940F25652B8
:104CA000003818BF01203D2101F09AFF2379627975
:104CB0001B0243EA0213FB608FE700BF008001B8CC
:104CC000004F00B0004001B8000002B800F04902F7
:104CD000005A6202DC830020D8830020D4830020A5
:104CE0000A3BB2DF313641DC5C3B0508D694BFD6C7
:104CF000006CCA88807C814A10B5044686B059B9D8
:104D0000214B4168D3F8FC30827A20480593006833
:104D10006B46FFF76BFE69461D4B0A685A631A4BD8
:104D2000D3F8FC3033B34B6843B11A4B1A4AC3F87B
:104D30003C214A68A3F58053C3F83C218B6843B1FA
:104D4000144B164AC3F81C218A68A3F58053C3F894
:104D50001C21134AC868D2F8983123F4EE63034348
:104D6000C2F89831D2F89031096923F4EE630B430D
:104D7000C2F89031002022890A4B9A6203F5A033D1
:104D8000186406B010BD00BF004F00B004840020BE
:104D9000008001B8006001B8FFFF0F0000F0FF0FB6
:104DA000000002B8004000B8074BD3F88022D207B9
:104DB00007D55B6E002B4FF48043B4BF034A044A0F
:104DC00013650020704700BF00800050002002B82B
:104DD000001002B8064B1A6C9207FCD4022240EA7B
:104DE00001205860034B1A640122034B1A7070476C
:104DF00000C002B800D002B85A96002040B1036843
:104E0000012B05D90069034B002808BF18467047DD
:104E100000487047643B050810B590B10468012C48
:104E20000FD902696AB11168094B102C19605168D9
:104E30005960916888BFD268996094BFD960DA6080
:104E400010BD1022002102481FF0F1FEF8E700BF5C
:104E5000E48300201F4B2DE9F0410D4616461C68E7
:104E600090B34FF47A7343438A68A3F6AC539B1A0A
:104E70004A689B1A184A92F86C20D20701D5A3F60B
:104E8000B833164AD8171168154FA1FB033201FB3E
:104E9000002213F1807342F100025B0E43EAC21359
:104EA000803B33620F4BD3F8C43073623B6873B1FD
:104EB000204620F097FA50B1324629463B68D4F894
:104EC000D800BDE8F04118474AF6C873D9E7BDE8F5
:104ED000F08100BF04840020003E00B0F483002075
:104EE000E0830020003F00B0084BC1171A68A2FB06
:104EF000000302FB013310F1807043F10003400E08
:104F000040EAC310803820EAE0707047F483002044
:104F10000722194B70B51A64184B194A1D68194BB2
:104F2000EC08E005C0184FEA153141F100010023FB
:104F3000FAF73CFF144B154E18601548FFF7D4FFE5
:104F40004042C6F8DC0049F65800FFF7CDFFC6F82E
:104F5000A8001048FEF7B0FE024660B1E301500819
:104F600018184FEA15714FF0000341F10001FAF7EC
:104F70001DFFC6F8B40070BD000002B84C830020CD
:104F800065CD1D00B2E60E00F4830020003F00B0A6
:104F90007011010040420F0098B14FF47A735843EA
:104FA000094BA0F6B830DB681844084B93F86C3016
:104FB000DB075ABFA0F59C500838A0F6AC50FFF7AD
:104FC00093BF47F23050FAE7E4830020003E00B080
:104FD00010B5044698B10B4BD3F8FC00FFF71CFF4B
:104FE0004FF47A7303FB04F0074BA0F6AC50DA6879
:104FF0009B681044C01ABDE81040FFF775BF4AF621
:10500000C870F8E7004F00B0E4830020F8B504460C
:10501000084615461E46FFF7FFFE9CB106F0020744
:1050200016F004060FD16FB14FF47A7063685843DD
:10503000002B4BD1FFF758FF28636069FFF7ACFFE7
:10504000E8623EBBF8BD2069002839D04FF47A737E
:105050005843254BA0F6AC509B68C01AFFF744FF9D
:10506000A862A08B78B34FF47A7358431E4BA0F616
:10507000AC509B68C01AFFF737FFE8612A461A490F
:10508000E068FFF7E7FE0021A069FFF7A1FF686372
:10509000002FC9D1A06800BB47F23050FFF724FFB2
:1050A00068614FF47A70236858432BB10E4B1B682C
:1050B00003F51C5310331844FFF716FFA861C1E72E
:1050C0004AF6C870CAE74AF6C870D4E7064B1B68B0
:1050D00003F51C5310331844ACE74FF47A7358436C
:1050E000A0F5FA50DAE700BFE483002038B50546A2
:1050F00008461C4620F041FA0246D5F8E400FFF7C6
:105100007DFE4368A018002B044AA8BF4FF4FA7232
:105110001A44034B92FBF3F2104438BD0CFEFFFF20
:1051200018FCFFFF70B588B06D46194C0FCC0FC549
:1051300094E80F0085E80F004FF4807200211548B5
:105140001FF075FDAC22002113481FF070FD2022D6
:10515000002112481FF06BFD20F072FC104B1B78F1
:105160003BB16D460A4E0FCD0FC695E80F0084E89F
:105170000F000C4A0C4B1068516803C3906818600C
:105180000A4BD3F878210A4B5A6608B070BD00BFAD
:10519000E03F00B0543E00B0543F00B0E04F00B0DC
:1051A00049960020743B0508B03E00B0000002B8EC
:1051B000003F00B0084BD3F84C31591C0AD05A00BC
:1051C00008D4064B1878012804D9A0F108035842E6
:1051D00058417047012070470080E00FACA10020CB
:1051E00008B527F0E2FA0E4B1A78A2B90D4A1268F8
:1051F00012F4843F0FD10C4A102111651B7863B95A
:10520000084B1B68DB0508D4074B20221A65BDE854
:10521000084027F0C5BA054AEEE7044BF5E700BFA2
:105220005F960020301F0020002002B8001002B856
:105230000A4B197801F0FF0229B1002119700849C1
:105240009202C1F80821597801F0FF0229B100212A
:1052500059709302024AC2F80C3170475B960020E5
:10526000005000B8064BD3F8F00E064B9B6C1A01A9
:1052700003D4054B9B6E1B0401D500F5807070476D
:10528000003000B0000002B8004000B810B527F0B0
:105290008CFA0E2104460320FEF7E4FF40F20122BF
:1052A000034B2046BDE81040DA6227F079BA00BF10
:1052B000004000B8064B00201B6893F82430DB093F
:1052C00002BF0322034BC3F85022FBF7E5BD00BF2A
:1052D00004840020006001B80022044B1A70044BC3
:1052E000197811B11A70FFF77BBF70475E960020E6
:1052F0005F96002038B527F058FA4FF08043244CD1
:105300000546C4F88030BFF34F8FBFF36F8F4FF067
:105310000043C4F88030BFF34F8FBFF36F8F01237A
:10532000C4F88430BFF34F8FBFF36F8F0223C4F8EC
:105330008430BFF34F8FBFF36F8F0423C4F88430E2
:10534000BFF34F8FBFF36F8FFFF7F0F90823C4F857
:105350008430BFF34F8FBFF36F8F1023C4F88430B6
:10536000BFF34F8FBFF36F8F2023C4F88430BFF398
:105370004F8FBFF36F8F8023C4F88430BFF34F8FFC
:10538000BFF36F8F2846BDE8384027F009BA00BF49
:1053900000E100E038B527F008FA05464FF08043F9
:1053A0000B4C23604FF0004323600223636004230F
:1053B0006360FFF7B3F90823636010236360202361
:1053C0006360802363602846BDE8384027F0E8B971
:1053D00000E100E0012370B5074C2370074B1E6805
:1053E000074B3240D3E9005319402840FCF7DCFA60
:1053F0000023237070BD00BF5D960020FC83002059
:10540000301F00202DE9F047DDF820A003EA010855
:10541000099B06460D4602EA000703EA0A09BAF1AB
:10542000000F40F04F81031F0B4300F00F81052850
:1054300071F1000380F0E58050EA010300F075810E
:10544000431E0B4300F02581FFF754FFB84AD2E911
:10545000004323EA050324EA06043C4343EA080721
:10546000B44BC2E900471E6826EA0A0646EA090666
:105470001E60FFF7B5FE14F02A4F14BF48F2020376
:105480004FF40043AC4AB007D26EAC4848BF43F477
:10549000005383EA020122EA0302C266A84A0B40D3
:1054A0008166D366C4F380421203210348BF42F4ED
:1054B0008072E30648BF42F40052A24BA50648BFE3
:1054C00042F40072600648BF42F480622106D96847
:1054D00048BF42F4006282EA010323F080539A48F5
:1054E00019401A40C1608360984B17F4007FDA605E
:1054F000974B07F4007200F0048101224FF48025DD
:1055000083F88820E30448BF45F48035A00348BFF2
:1055100045F48015A10748BF45F4001514F4001F99
:10552000DFF8688206D0D8F8000020F087FA08B9C2
:1055300045F40025E20248BF45F40035FB06854BE3
:1055400048BF45F480051A6A834985EA020323F0BF
:1055500001031A400A621D40CB61804B16F0010F17
:105560001D627F4B7F4A18BF1A467F4B7D071B6F1A
:1055700048BF42F000627D4882EA030123EA020349
:1055800003677B4B0A4041661A677A4A04F00103BD
:10559000D16CA0F5803081EA030221EA0301C164E5
:1055A00082641A40744B2002DA64D8F8002048BFA5
:1055B000724B92F8F62058BF714B610748BF43F415
:1055C000806322B114F4C06F18BF43F480733207B4
:1055D0004FF03A42BDE8F047D2F8181148BF43F007
:1055E000004383EA010222F4A02266481140C0F879
:1055F00018111340C0F81421634AC2F81831FFF79C
:10560000C9BEA0F580630B4306D020F48063A3F5E8
:1056100000730B437FF418AF27F0C7F84449D1E972
:10562000003223EA060322EA050242EA08023B436B
:10563000C1E90032554A126892F8F610514A09B38E
:1056400013F4C06F1ED04FF4807311E027F0ADF853
:10565000374AD2E9003123F004033B4341EA080111
:1056600057EA0807C2E900314FF48063454A0BD07E
:10567000C2F81431A2F58052C2F81831BDE8F047E3
:1056800027F08EB84FF48073C2F81831C2F8143185
:10569000F4E727F08AF8264AD2E9003123F0010323
:1056A0003B4341EA0801C2E900310123384A57EA85
:1056B00008071BBF9364A2F58052D364D36408BF6C
:1056C0009364DBE750EA01037FF4BEAEBAF1010F49
:1056D0007FF4BAAE27F069F8164A136823F0010385
:1056E00043EA090313604FF48063204AB9F1000FC5
:1056F00004D05366A2F580521367BFE71367536661
:10570000BCE793F8881071B183F88820214BD3F857
:10571000A41003F50053C3F8A410C3F8A0104FF071
:105720005023C3F8A4200025ECE6BDE8F08700BFB5
:10573000301F0020FC830020004000B8006000B84B
:10574000005000B8004001B8006001B8005001B836
:10575000003F00B0000002B8002002B8001002B8FC
:10576000041C00030418000300C001B800E001B8E5
:1057700000D001B800C000B800D000B80D0A0A0976
:10578000090A0A09002000BA001000BA04840020A7
:1057900000E000B800400050024B5868C0F3C00061
:1057A000704700BF301F0020024B186800F0010056
:1057B000704700BF301F0020024B5868C0F3C03054
:1057C000704700BF301F002010B50446FEF74CFCA8
:1057D000FFF790FD2046FCF7E7FFFEF7CFFBFDF754
:1057E0002DFFFDF79FFFFFF793FB13490723134A94
:1057F000D1F8FC1004F1F800FFF708FC4FF08071BD
:105800000020FEF7C9F84FF000720D4B4FF4001165
:105810000120C3F80021FEF7BFF8FEF7BFFE20B954
:1058200040F27532142101F0DBF91FF04EFFBDE8A4
:1058300010400120FDF762BE004F00B0A43F00B051
:1058400000D001B88022074B5A64082203F5805328
:105850005A64054AD2F8C03E23F02003C2F8C03E85
:10586000704700BF001002B8003000B010B526F03D
:105870009CFF01210446FFF7E5FF054B002019615D
:10588000044B5B6898472046BDE8104026F088BF6F
:10589000000002B8009E0020F8B5194C054620789B
:1058A0004FF49762B0FA80F03E21400901F098F978
:1058B00055B960784FF49762BDE8F840B0FA80F0CF
:1058C0003E21400901F08CB94FF440660D4F0E4D5A
:1058D000D7F808314FF49762C3F381232370C5F8DA
:1058E000086160783E21B0FA80F0400901F078F953
:1058F000D7F80C31C3F381236370C5F80C61F8BD90
:105900005B960020004000B8006000B8F8B5084C75
:10591000084D636C0423084F6B64636C5B0300D415
:10592000F8BD042602207E641FF00BFE6E64F4E7CF
:10593000000002B8001002B8002002B8A82238B552
:105940001A4B5D6C03F500535A6410229A60A3F55C
:10595000804302F100521A675A66FFF769FC144B44
:105960001B7813B90320FDF70FFF0024114B9C6730
:10597000FFF7CCFF104A114BD2F8F01E0B40C2F8D3
:10598000F03E04220E4B5A640E4BAA06C3F8C840E0
:1059900008D503F580739B6FB3F5817F22BF80220A
:1059A000024B1A61BDE83840FCF7D4B9000002B8D8
:1059B0006396002000C001B8003000B0DF0000FF97
:1059C000002002B8003E00B010B551B920B3154B0D
:1059D000DB681B0E13F00E0F1ED1134B1B6CD90787
:1059E0001AD4FFF753FC0F4C0020FEF7DFFC03280E
:1059F00001D0092805D1A36ADA07F5D4A36CDB032B
:105A0000F2D4FFF783FF0122084B5A6102229A6207
:105A1000042203F580535A644FF4C062044B9A6524
:105A200010BD00BF000002B800C002B8001002B8EC
:105A3000006001B808B503210920FEF713FC2022FD
:105A4000014B1A6108BD00BF000002B80D4A10B535
:105A5000D2F8A030D2F8A4100B40B3F1804F0CD391
:105A60004FF040400849094CC1F8A400D467C1F880
:105A7000A0004FF48021064AD161034AC2F8A03049
:105A800010BD00BF00400050006000500000FF014A
:105A9000001002B838B5054626F087FE0E4B0446C6
:105AA0001868FCF7ADFF35B1FFF716FC2046BDE8DE
:105AB000384026F075BE094B1B78002BF6D0084BFA
:105AC0001D78002DF2D1FFF707FC2A464FF48040E5
:105AD0000021FFF77FFCE9E7048400205E960020A8
:105AE0005D9600202DE9F84F574B06460D461446AB
:105AF0005B6C002A40F0A48013F0A00F14BF4FF09D
:105B000001094FF00009FCF725F9A0234FF0000A26
:105B1000DFF854810320C8F84430FDF735FE042037
:105B2000FDF732FE494FFFF7D7FB494B4FF0040B0F
:105B30007B67C7F878A0FFF7E9FE464B4FF480710A
:105B4000D3F8C02E42F02002C3F8C02EFF22C8F8BE
:105B500008203D4A1161D3F8F02E3F491140C3F8A7
:105B6000F01EC8F844B0C3F8C8AE7B6913F0060F46
:105B700004D0FDF7E3FF5846FDF706FEB9F1000F2C
:105B800008D04FF40062354B5A644FF40042A3F53D
:105B9000E0339A6666B1324BDB6C190701D4FFF72C
:105BA00075FBFFF747FF0420FDF7EEFDFFF740FB15
:105BB000254B5A69D20741D5DA6812F0706FFBD1D4
:105BC000284B294E294A7364936E23F0F0039366A1
:105BD00015B12046FFF75EFFFFF7ECFA08B101238D
:105BE00073615CB31E4BDA6E03F500539A6603F5DE
:105BF000D0331B6A1C4A23F00103D3611C4BD968C4
:105C000003F50053996003F50053D3F8841003F5AE
:105C1000005399674FF03A43D3F8181103F5005336
:105C2000C3F81411134BD96C03F50053996412494E
:105C300003F5803359664FF608435364BDE8F88F87
:105C40004FF000095FE700BF000002B800C001B8D4
:105C500000000101003000B0DF0000FF001002B8BA
:105C6000004000B810003000002002B8003F00B033
:105C7000004001B800C000B85000002F9E4B2DE935
:105C8000F04F9A6EDB6E85B002EA03089B4BC3F8B7
:105C900068804FF03A43D3F81461D3F818311E40AE
:105CA000974BC3F81461974B9A68DB6802EA030AC2
:105CB000954BC3F808A003F52043DA691B6A02EA92
:105CC0000309924B09F47702DA61914BD3F804226D
:105CD000110706D4D3F804311A07C3F3C00740F103
:105CE000E98026F062FD8B4B5A695F6E1B6F12F0E4
:105CF000060F07EA0307884A27F0007323F40063BE
:105D000014BF4FF0010B4FF0000B53667B0706D515
:105D1000824A92F869300133DBB282F8693026F0AA
:105D20003FFDB8F1000F00F0E38018F400442BD0E1
:105D300026F03BFD0146FFF795FA0446784D2B68A7
:105D400018681A689042FCD018689042FCD0FFF79F
:105D500089FAA04240F0B080084626F021FD714B40
:105D60001C60714B5D6C15F4E05240F0A78024F08C
:105D70007F4424F0DF040CB9FFF7E0FD6B4B0120FA
:105D80001B6898474FF0807418F0020F4FF0000521
:105D900014D0654B5D495B6C03F460424A64002A91
:105DA00000F0A0801D0400F1A08013F4005F0CBF80
:105DB0004FF000534FF0006300251C43C8F34038F8
:105DC0004FEA48085A4B3340002B4BD016F4206F53
:105DD0000AD040F645120621002000F001FF002005
:105DE000FFF758FE26F48026F00506D5FF22474B24
:105DF00044F4C0649A60FFF749FA16F0090F0BD01B
:105E000040F65A120821002000F0EAFEFFF712FEC9
:105E10004FF03A4301225A6316F0106F0CD040F64F
:105E200063120921002000F0DBFEFFF703FE0022D1
:105E300011461046FCF7B8FD16F4202F0AD040F6A4
:105E40006B120721002000F0CBFE0020FFF722FE9E
:105E500026F48026F10301D5FCF7F0FE002EB8BF32
:105E600048F0080872070ED54FF03A431B6B13F445
:105E7000005F4FF4005317BF214A2E4A136344F4C6
:105E8000000408BF1363730548BF44F0040416F40C
:105E90008023019300F0B780FCF788FE01380628C4
:105EA0004AD8DFE810F03B013E013B0141014401CB
:105EB00047014701BB4634E7044640E70192FFF73C
:105EC0003DFD124B019A5A6415F4805307D115F425
:105ED000806F0CBF4FF080544FF0806454E74FF058
:105EE000804451E74FF0007366E74FF0004363E7EB
:105EF0004446454666E700BF004000B8006000B871
:105F0000002000BA004001B8006001B8002002B8CB
:105F100000E100E000C001B800E001B8003E00B0C0
:105F2000149E0020F8830020000002B8189E002074
:105F3000090B0B89001000BA40F69C1203210020C7
:105F400000F04EFE4FF03A420121D2F88C30D2F8E8
:105F5000AC0003F00703063301FA03F3C0F30C00AF
:105F60001B1A9BB2072B12D97E4B5B6C58020ED4C6
:105F70007D48D36CD26E406D58B103F007030633F1
:105F80009940C2F30C03C91A89B2072901D844F415
:105F90000074764B1B78002B35D04FF03A43D3F882
:105FA000143113F4A02F2ED1714B724A1B7893B980
:105FB000FB0410D4137873B1E3086F4943EA4573C7
:105FC00083F00103D1F8F01E03F001035B0021FA16
:105FD00003F3980717D10420FDF7D6FB674B6849F8
:105FE0005967FFF779F9634A137843B9654B1B7812
:105FF0002BB1654B654A1B682340134201D144F421
:10600000804427F48057BAF1000F27D01AF4805F3C
:1060100018BF44F480241AF4807F18BF44F400248D
:106020001AF4005F18BF44F010041AF4007F18BF80
:1060300044F020041AF4806F18BF44F040041AF4AE
:10604000006F18BF44F080041AF0805F06D0504BF8
:106050000021186845F48055FCF7E6F8B9F1000F07
:106060003ED019F4802F18BF45F4007519F4803F15
:1060700005D0484B03201B6844F48054984719F41A
:10608000801F18BF44F4003419F4001F18BF44F0F7
:10609000020419F4003F18BF44F4801419F4800F6F
:1060A00018BF45F0100519F4002F19D0324BD3F862
:1060B000C03E13F0C00F13D02A4AD368C3F3036362
:1060C000032B01D0072B05D1936CD90602D4D36CD6
:1060D0001A0736D54FF400222F4B29F40029DA6134
:1060E000002F00F019813B0540F190802B49DFF82B
:1060F0008CA0CB782A4A002B58D04FF40060013B8B
:10610000DBB25066CB7033B9264B1B78E3B140F657
:106110000142254B5A670023002275E044F4803485
:1061200010E744F400640DE744F480640AE744F4A3
:10613000807407E7174B02201B6844F00804984757
:1061400000E744F40014CBE7DAF8783013F4A05FEA
:1061500015BF4FF4807340F60143CAF85830CAF8AF
:106160007830D8E7000002B8004000B85F96002001
:106170005E96002061960020003000B000C001B89B
:106180000000010160960020301F0020088D0100F2
:1061900004840020189E0020002002B84E960020A3
:1061A00000E001B86396002000D001B80320FDF79D
:1061B000EBFADAF81430AA4813F0060F04BF41F6E0
:1061C0001F73A84AA84908BF53674FF40062A54B44
:1061D0005A66DAF8143013F0060308BFCAF87830AC
:1061E000B0F8663013F400625CD023F40063A0F8CA
:1061F00066300B7803F0FF0A002B57D1FDF79EFCA9
:10620000FFF79CFB534620221C431543B80009D5D9
:106210002E20FDF707FA4FF00052924B45F008058B
:106220001A675A66F90606D52B20FDF7FBF91022EE
:106230008C4B1A675A6617F0306F05D1FA045FD598
:10624000BBF1000F00F0B4803B0111D52920FDF710
:10625000E9F9FFF7A1FA48B1844B8549814A5366B1
:106260000B6701F54051C968480422D445F0040584
:1062700017F0007B28D00420FDF786FA2720FDF7D1
:10628000D1F9FFF75BFB4FF00072764B5A66794B02
:10629000D3F8F02E520674D40222774B9A6045F060
:1062A000020528E00B784FF40053ADE74FF40043AC
:1062B00032E7136720205366FDF7B4F92D2045F02F
:1062C0000C05FDF7AFF9D3E717F0807FDFF8ACA13D
:1062D00042D00420FDF758FA2820FDF7A3F9DAF898
:1062E0007830002B35D1FFF729FB5E4B5F4A45F034
:1062F00001051A675A66FEF7DDFF00225F4B9A65BB
:106300007B0509D55E4A9378002B00F0A480013B01
:106310009370002348EA0308424620462946FFF7C7
:1063200059F8019B0BB1FCF777FC4FF00042554B3D
:1063300006F00436C3F81461534B19F4002FC3F868
:1063400080211EBF4FF400224B4BDA6105B0BDE83F
:10635000F08FCAF878B0C8E7F904CED50420FDF76D
:1063600013FA4A4BCAF87430FDF7E8FBDAF86430E8
:1063700013F0407FC1D12A20FDF754F9FFF7DEFA70
:1063800085E7D3F8C03E9B0689D40222404B9A6031
:10639000404B1B6893F82530D80780D5304B93F8D5
:1063A000DC30002B3FF47BAF80223B4B1A6176E759
:1063B000334A13794BB1013BDBB2137113B92C4B48
:1063C000364A5A6700231C439AE70420FDF7DCF99C
:1063D0000320FDF7D9F9294B2C4A5A6726F0E5F935
:1063E00082460DF10F00FDF7E1FF2D4B83461B7830
:1063F0000BB1FEF74BFFBBF1030F0ED1DFF898B0E6
:106400000020FDF7D3FF032807D1DBF82830D90798
:10641000F6D4DBF84830DA03F2D49DF80F30032BC2
:1064200006D101221F4B50461A7026F0B9F9C9E770
:106430004FF03A43D3F8143113F4A02FF1D1FEF703
:106440004BFF504626F0ACF9174B03201B689847CA
:106450004FF48043B7E70220FDF796F9012359E78F
:10646000003E00B000E001B863960020100000205C
:1064700000D001B8003000B0002002B800C001B860
:106480004E960020002000BA00E100E0000001016B
:10649000001002B804840020000002B80000010DC2
:1064A000629600205E960020189E00200122024B7A
:1064B0001A62DA61704700BF002002B8094A08B5C5
:1064C000D369116A0B40084923F47F00DB07C861D8
:1064D00006D5D1684FF0FF30C1F303611FF0FFF81C
:1064E00008BD00BF000002B8002002B80C4A08B581
:1064F000936CD26C13400B4A9364DB070FD50A4BA5
:1065000040F6F5321878122100F0010000F068FB27
:10651000BDE80840002201200021FEF75BBF08BD56
:1065200000C000B800E000B8301F0020164B10B5C6
:106530001C6C5A6C1440154A24F002011164E207E5
:1065400005D540F654420020196800F049FBA30726
:1065500018D502220D4B1A640D4AA3F50053146896
:106560005B687CB1DBB2042B07D100220121094B0F
:1065700018682346BDE810401847052B02D10022B9
:106580001146F4E710BD00BF0080095000A009507B
:10659000208300200484002038B50B4C0B4DD4F828
:1065A0008430DB0706D4A36FD4F884201340084A54
:1065B000936738BDD5F804315A06F0D5FFF7B6FF1A
:1065C0004023C5F88431EAE7008001B800E100E02B
:1065D00000A001B870B514460D4626F0E6F8064B4B
:1065E000D3F8C06E74402C407440C3F8C04E26F0FF
:1065F000D7F806EA050070BD003000B0034BD3F8B1
:10660000C03E99430CBF012000207047003000B00D
:106610002DE9F04117460A43012A1D469DF818400E
:106620009DF81C60DDF8208029D8B44227D2082EBE
:1066300025D8032B23D8B8F1000F20D00A4600211B
:10664000FBF7D8FAFF21EB009940C943DFF834C0CB
:1066500008F1FF38FF00E2B2964202D80020BDE800
:10666000F0813D190CEB8505D5F8F82018F8010FDD
:106670000A4098401043C5F8F8000134EBE72120A8
:10668000EDE700BF003E00B0174BD3F8C02E12F06C
:10669000010312D0154B93F84C30154A43F0807328
:1066A000C2F8D0304FF4801302F50052C2F8B43073
:1066B000A2F58052C2F8B83070471106EDD40D4BE8
:1066C00093F84B1121B1D20602D593F84831E4E793
:1066D0004FF480120020084B0549C3F8B820C1F8D8
:1066E000D000C3F8B4207047003000B0003F00B0C5
:1066F000004000B8003E00B0006000B8034B1868CE
:10670000034B002808BF1846704700BF00840020D4
:1067100068780508F0B50D4604468BB018B900241A
:1067200020460BB0F0BD1A4E3768002FF7D120225B
:10673000394602A81EF07BFA236801A80193154B85
:106740001B88ADF81430144B1B68079300F080F8D9
:1067500004460028E3D0306000F0A0F82046394617
:106760001EF092FB20461FF028F838B10020306060
:1067700000F094F820461FF01BF8D0E72046F9F708
:10678000BFFE0028F2D1002DCAD02046A847C7E797
:1067900004840020EC380508F0380508024B18681E
:1067A000003818BF0120704704840020002108B57C
:1067B000024B08465B689847002008BD009E0020F9
:1067C000431E033306D8044B984228BF184664285A
:1067D00038BF6420704700BF40420F0038B5194BE6
:1067E00005461B680C4603B1984744B1236833B192
:1067F0001B68013303D0E3680BB1A3684BB9FCF706
:10680000EFFA00204FF4B672412100F0E9F921209F
:1068100038BD2046FCF75CFB00230B4A85F83C3171
:10682000C5E93743C2E9003363694BB1074A4221E6
:1068300010684FF4C572C31A5842584100F0D0F99D
:106840000020E5E71C830020609900204C83002095
:10685000F8B5044625F0A9FF002607460E4B1B6835
:1068600093B19E68AEB196F82420D20711D4354674
:106870000FCC0FC50FCC0FC523682B6096F82430C2
:1068800043F0010386F82430384625F089FF30466E
:10689000F8BD1B68E4E700BF3C9E002010B504462D
:1068A00018B9054B054A136010BDFAF7FDF9D4F885
:1068B000E830002BF6D1F4E799570408389E002001
:1068C000014B1868704700BF6099002008B5024668
:1068D0000868FFF775FF08604868FFF771FF4860B8
:1068E0008868FFF76DFF8860C868FFF769FF0B696C
:1068F000C860581C03D00B48834228BF03460B6175
:106900004B69581C03D00748834228BF0346886957
:106910004B61FFF755FFBDE8084088611046FBF763
:106920008FB900BF40420F00D0F8E0302DE9F041B0
:1069300005460C4613B1C38D8B424CD0D5F8DC30E4
:10694000002B4BD09E68002E48D0D868002845D038
:10695000013800B200281ADB002106E0128A591C17
:10696000A24217D209B2884211DB0B1803EBD37392
:106970005B1003EBC30206EB8202B2F80EC003F118
:10698000FF3EA445EAD90FFA8EF08842EDDA2120C5
:10699000BDE8F0814FF6FF7299B29142F7D09BB2F9
:1069A00003EBC30306EB83062846B6F9122095F8DD
:1069B0003011D5F8F080E5F791FE0746B8F1000FE9
:1069C00004D00023324628461946C047EC85C5F856
:1069D000E06085F839710020BDE8F0810E20BDE847
:1069E000F08100BF2DE9F04782B004460F461646FD
:1069F000FBF7AEFB002863D14F4D2B68D4F8DCA029
:106A0000D4F8E0800BB1534576D04FF00009AF6069
:106A1000FBF742FC0128074665D120461EF0E2FC48
:106A2000002851D12B68DAF80010D8F8002013B1F3
:106A3000186888426BD020461EF08EFCC5E900A87D
:106A4000D4F8F0508DF80760002D67D00022204662
:106A500011460DF10703A8472046FAF723FD054626
:106A6000B9F1000F0FD076B9D4F88C300BBB012FE1
:106A700005D025B1314B002103205B68984728469B
:106A800002B0BDE8F087B5FA85F04FF48562332196
:106A9000400900F0A5F831462046FAF7EBFE284BF6
:106AA00005461B68414620469847D4F88C30002B99
:106AB000DDD000224FF400732046FAF705F9D6E73F
:106AC00000231D4D6B6098E794F82530DA07A9D5AF
:106AD000D4F894305B05A5D51A4B0122002120463D
:106AE0001B6898479EE700210120FAF72DF9FBF774
:106AF000D3FB0128FBD190E76B68002B85D0434581
:106B000083D1AB689F4215D04FF001097FE76968D8
:106B100011B10968914291D059688CE794F82A1014
:106B200094F839313246994228BF19462046FAF77F
:106B300039FC91E70025A2E760990020009E002023
:106B4000389E002020830020F8B50F46054625F02A
:106B50002CFE394606462846FFF7E6FE044620B1DD
:106B6000304625F01DFE2046F8BDFBF713F92246FE
:106B700039462846FFF736FF04460028F0D128465C
:106B80001EF030FC0028EBD095F8253013F00103FF
:106B90000DD0D5F8942052050DD5B5F82A21BA426A
:106BA00005D0B5F82C31DB1BB3FA83F35B09034A3C
:106BB00082F8DC30D4E72346F9E700BF003E00B09E
:106BC00038B5044D044C054B286021601A6025F04F
:106BD00041FA38BD08840020409E00200C8400202B
:106BE00010B550B90548064B0160064802601868A8
:106BF000054B18601868FFF7E3FF10BD409E0020AA
:106C0000048400200C840020088400200023F0B5B8
:106C100085B0CDE901330393124B134D1B78134E0E
:106C20008DF8043025F0CEFD2A78337804469A4258
:106C30000F4F0CD03178386801AA29701EF096FDEC
:106C400050B140F6C8110B4822F038FA04E0386819
:106C50001EF06CFD0128EDD0204625F0AEFD05B0FC
:106C6000F0BD00BF84A10020BAA10020BBA100207C
:106C7000288400209C780508F8B52B4B1B7823B19D
:106C800040F6B831294822F019FA25F09BFD284B2F
:106C900007461C8814F0060409D001214FF48070C7
:106CA00024F078FD3846BDE8F84025F086BD214641
:106CB0004FF4807024F06EFD204600F09FFF022804
:106CC00008D180221B4B802118681EF0C8F8FFF7FE
:106CD0009DFFE7E7204600F091FF054638B1012807
:106CE00007D040F6ED31114822F0E8F9DAE7024624
:106CF000E8E7FF220F4E104B30681A70FFF756FD81
:106D000030681EF013FD0128CCD02A462946306891
:106D10001EF00EFD21462C2024F068FD21460A209D
:106D200024F064FDBEE700BF6A9600209C78050849
:106D3000288E002028840020BAA1002000210148CC
:106D400025F03ABB809E00207F2837B5044612D13B
:106D50004FF6FF7318490246ADF806300988022342
:106D60000DF1060025F030FEBDF80640E2054CBFEF
:106D70006FF04A0464B225F025FD104B05461C70E7
:106D80000F4B1B88DB0710D50E4B1B78002B0E4BCF
:106D90000CBF21466FF07F0118681EF090F820B1FB
:106DA00040F63661094822F089F9284603B0BDE86B
:106DB000304025F002BD00BF3CF10408B2A1002024
:106DC000288E00206B960020288400209C780508DF
:106DD00010B516F06DFF60B116F06CFF0B4A80B174
:106DE00041F20D03BDE8104041F20D01074824F0C7
:106DF00023BE074B1A781B799A4204D10022002344
:106E0000F0E70D23EEE7034AF9E700BF400D03006A
:106E100084A10020488D0100F8B5164E0D46337848
:106E200002F0010423B14FF46A71134822F046F9CD
:106E3000124B134F1D60134DA4B1134B997801B140
:106E40000121202024F0A6FC2B783B700F4B1C78EE
:106E50000F4B00211C70042333700E48BDE8F8402E
:106E600025F0AABA2146202024F094FC2B783B7010
:106E7000EEE700BF6A9600209C7805081884002081
:106E800067960020BCA100201C840020689600208A
:106E900069960020809E00202DE9F84325F092FCA1
:106EA000DFF8A0810546B8F80030614C13F4807F0C
:106EB00003D0237873BBFFF7DFFE0021084624F0E0
:106EC00095FC5C4B1A78FF2A13D01A7802F0FF0663
:106ED00032BBFF221A702378052B0AD100232846E3
:106EE000237025F06AFC30461EF0ABFD25F06AFCED
:106EF00005462378504E062B09D13378FF2B06D058
:106F00003378022B15D100214C4825F055FAFF2388
:106F100033702BE000214FF4807024F03BFCCCE771
:106F20001A78012A4FF0FF0214BF33264C261A703C
:106F3000D4E7337813B13378012B22D124F0CAFC83
:106F400007463E4896F8009001F0A8FBFF235FFA41
:106F500089F9337077B1B9F1010F44D16421374811
:106F600084F8009025F028FAFFF750FE284625F017
:106F700024FC06E02846277025F01FFC38461EF04A
:106F800060FDB8F800301B0605D50021802024F0F4
:106F900001FCF5F77DFA01F0BDFA294E308000B30F
:106FA0002778012F42D125F01BF9054610B3013097
:106FB00025F029FE00F44060B0F5006F1AD10422DC
:106FC0003946284625F04CF8284425F01CFE4FF69B
:106FD000FF7398420ED10020318800F0F3FC0023AB
:106FE0003380BDE8F88300232846237025F0E5FBB5
:106FF0003F20C4E7114801F051FB002108462170F1
:10700000012500F091FC23780BB9FFF735FE002035
:10701000318800F0D7FC00233380002DE1D02078A8
:107020000028DED1BDE8F8431EF054BE0025EAE793
:107030006A960020B9A10020B8A10020809E0020FF
:10704000268E0020288E002008B513460A461946D1
:10705000064B18681DF0B4FF30B1BDE8084040F29F
:10706000D741034822F02AB808BD00BF2884002079
:107070009C78050808B513460A461946064B186859
:107080001DF098FF30B1BDE8084040F2DE410348F2
:1070900022F014B808BD00BF288400209C780508A1
:1070A000024B1878431E5842584170476A96002098
:1070B00008B5064B1B7823B14FF4A161044821F0B9
:1070C000FDFFFFF7D9FD002008BD00BF6A96002034
:1070D0009C78050808B5054B01EB8101186849004B
:1070E0001DF0EFFE002818BF212008BD28840020D5
:1070F00008B5044B1868F9F7EDF90A2390FBF3F093
:1071000040B208BD28840020014B1878704700BFAA
:10711000BBA1002008B5044B18681EF0A9FBB0FA0B
:1071200080F0400908BD00BF2884002038B5124D0A
:107130000C462B78012B04D940F229510F4821F03D
:10714000BDFF21460020FFF7E5FF90B10C4B1C70FE
:107150002B785BB9FFF790FD0A4B93F900100A4BAF
:10716000C90118681EF0EDFB002038BDFFF74EFD89
:10717000F2E72120F9E700BF6A9600209C78050815
:10718000BBA100206C9600202884002008B5074B86
:1071900018681EF06BFB30B1054BB3FBF0F083B207
:1071A0000BB1184608BD0120FCE700BF2884002071
:1071B00040420F002DE9F347594E012025F001FC14
:1071C0003388990704D440F6FB31564821F076FF06
:1071D000DFF8748198F80030053B012B04D940F6A4
:1071E000FD31504821F06AFF4F4F3B6823B94FF4FF
:1071F00040614C4821F062FF348814F020046FD0C5
:107200000121222024F0F2FA4FF47A74FFF7BEFF36
:107210003B681B780933434304EBC30498F8003000
:10722000A5B2062B0BD124F0E9FE0446FFF7AEFF12
:10723000602358430C2303FB0400284485B2D7F88D
:1072400000903A4B99F800801C7808F1FF381FFA3B
:1072500088F8002C49D133885A0505D409F101007A
:1072600025F0D1FCC0F340143149324A88781278B5
:107270004B7812FB00F2304F93423B70A4BF9B1A35
:107280003B703B78CA78BD60934238BF13463B7071
:1072900016F017FD58B316F012FD012814BF102583
:1072A00008252543DFF8A4A0802349464246DAF8A2
:1072B00000001DF039FE214B1978214B19703388DD
:1072C0009B0616D500972A461E4BDAF800001EF0E2
:1072D0004BFAD0B9002002B0BDE8F04725F071BBF1
:1072E0002146222024F082FA90E70024BCE72546BC
:1072F000D8E72A46104BDAF800001EF033FA0146B0
:1073000018B9252024F072FAE4E72146262024F05B
:107310006DFA4FF43B61034821F0D0FEDAE700BF7D
:10732000288E00209C780508188400206D96002087
:1073300084A1002067960020449E0020BBA100206D
:10734000BAA100201C8400206A9600202884002016
:10735000184B10B51B889B0704D440F6646116488F
:1073600021F0ACFE154B1B78053B012B04D940F6F0
:107370006561114821F0A2FE114B1B6823B940F64C
:1073800067610D4821F09AFE00240E4B0E49212022
:107390001C7024F02BFA014618B9BDE81040FFF725
:1073A00009BF022804D12046BDE8104024F0B4BA39
:1073B00010BD00BF288E00209C7805086A9600202A
:1073C000188400206496002065750208F8B5594CB1
:1073D00023889A0704D54FF43771574821F06EFE81
:1073E000564801F05BF925F0EDF9238805465B0767
:1073F0000BD51DF0DAFD524B1B68C01AB0F5717F3A
:1074000003D90021042024F0C5F928464D4D25F06C
:10741000D4F92B78042B32D125F0D4F923880646F1
:107420005F0708D54548002124F0C6FF3046BDE877
:10743000F84025F0C2B925F0C0F925F0C3F9424B58
:1074400006461B78414F13B9238859050FD50523EC
:10745000012102202B7024F09DF9FFF779FF3046BF
:1074600025F0ABF93B68DA78394B1A70F8BD38680B
:10747000013025F0C8FB8206E9D50623E8E7062B94
:107480004DD1344B1B78FF2BF0D1334E16F01BFC43
:107490003378002B3DD025F095F9238805465B070E
:1074A00005D52648002124F087FF2846BFE725F0B0
:1074B00084F93378013B337025F084F904460121C7
:1074C000022024F067F9FFF743FF20461F4C25F008
:1074D00074F92068013025F096FB00F44060B0F5A7
:1074E000006F13D1246801210422204624F0B8FD46
:1074F000204425F088FB0146184B04201A78337885
:10750000D21AD2B2BDE8F84025F046BB4FF6FF7163
:10751000F2E740202B70BDE8F8401EF092BA012B34
:10752000A4D100232B700E4B1868FFF73FF93F20C2
:10753000F1E700BF288E00209C780508809E00207F
:10754000148400206A9600206D9600201884002084
:1075500065960020B8A1002067960020BCA10020FD
:107560002884002008B50A4B1A7882B90122102815
:107570001A7004D040F65B61064821F09FFD00219F
:10758000202024F007F9BDE80840FFF713BE08BD2E
:10759000649600209C78050808B5094B1B88DB061B
:1075A00004D440F2A651074821F088FD10200021A4
:1075B00024F0F0F8044B1868BDE808401EF0CBB882
:1075C000288E00209C78050828840020012208B518
:1075D000074B114618681EF0ABF800212C2024F050
:1075E00005F9BDE8084000210A2024F0FFB800BFDB
:1075F00028840020014B4008185C7047B4A100208B
:1076000008B513460A461946064B18681DF0DEFCFD
:1076100030B1BDE8084040F6A541034821F04EBD19
:1076200008BD00BF288400209C78050808B5044BDD
:1076300018681EF07BF8013818BF012008BD00BF94
:1076400028840020054B10B54C00224601461868DE
:107650001DF025FC031B5842584110BD2884002012
:1076600070B5054625F0AEF80E4B0F4E1B8804464C
:10767000DA07357008D50D4B0D4D1B78012B08D955
:10768000012128681EF0D6F92046BDE8704025F09B
:1076900094B81BB116F00AFBC305F1D4317881F020
:1076A0000101EEE7288E0020B3A100206B96002098
:1076B000288400200C4B10B51B880446DB0711D52D
:1076C000FFF786FB094B84F0010208211868D200FD
:1076D0001DF0C5FB30B1BDE8104040F6F461044830
:1076E00021F0ECBC10BD00BF288E002028840020B3
:1076F0009C78050808B5044B014618681DF071FC1C
:10770000003818BF012008BD2884002010B50A4C9D
:1077100023787BB1FFF75AFF0021042024F03AF8C8
:107720000021022024F036F800232370BDE8104029
:10773000FFF7A2BA10BD00BF6A96002038B509480D
:1077400000F0BCFC0024084D95F84430E0B28342C0
:1077500000D838BD05EBC000043000F0AFFC0134A8
:10776000F2E700BF4C850020AC84002008B510462D
:10777000024948221DF066FA002008BD0485002059
:1077800008B5054826F043F8014620B9BDE8084091
:10779000014824F011BE08BDA09E0020002238B58B
:1077A0001B4B15461C461A700132082A5D609D80ED
:1077B00043F8085FF8D14822002116481DF037FA37
:1077C0004FF6FE73A4F868306FF480337F220021F7
:1077D0001148E3651DF02BFA104BC4E91255C4E9BA
:1077E000283584F8445084F85050656584F8A850D2
:1077F000E7F71CFEFF220A4B01211870094B0020FD
:107800001A70DFF77DF90020FFF7BAFF002038BDBE
:10781000AC840020048500202C8400200000FFFFA1
:107820006E960020BB96002010B5AC24084B04FBDC
:107830000030836C53B990F850403CB931B1C0E985
:1078400012122046FFF79CFF204610BD2120FCE7C6
:10785000AC840020AC2370B503FB00F5094E73190E
:1078600093F850405CB9204610F086FD735D2046C9
:1078700043F002037355FFF783FF204670BD0120DC
:10788000FCE700BFAC840020AC235843024A135CE1
:1078900023F0030313547047AC84002070B51646E0
:1078A0001F4A04461278C2BBAC211E4D01FB005199
:1078B0008A6C92BB91F850203AB1022B2DD191F8ED
:1078C0004410072907D91C2026E091F84410072905
:1078D000F9D8012B08D0AC2000FB0450CA00011DD0
:1078E0000C301DF08AF90021AC2303FB04F00024C6
:1078F0009DF8143000EBC1012944CB71049B8E80AC
:107900008B602B1893F84420204601328C7183F849
:107910004420FFF735FF204670BD0120FCE700BF83
:107920006D960020AC840020F8B5234B04461B78EC
:107930000F46002B3ED1AC23204D03FB0053B3F880
:10794000A03023B940F241311D4821F0B7FBAC22F1
:1079500002FB0452D2F8A46036B192F8A330394643
:107960000020B2F8A020B047AC2300216343EA18FE
:10797000A2F8A010C2F8A410482192F8A82001FB98
:1079800002322A44D2F89820964213D0EB5C9B072F
:107990000CD5AC226243AB5C204623F0020343F0DB
:1079A0000103AB54BDE8F840FFF7EABE10F006FD56
:1079B0000028EED1F8BD00BF6D960020AC840020F9
:1079C000EB7905082DE9F04F89B0059008460D4682
:1079D00024F006FC044618B9212009B0BDE8F08F58
:1079E000284624F019FCC0B20838221892F802B0D8
:1079F00092F803A05268215C029200222778B4F822
:107A00000130ADF81E20424A049192F80090B9F17D
:107A1000000F09D03F4B1B6823B1514620464FFA57
:107A20008BF298470020D8E703F00703022B6DD0B4
:107A3000013409224946204624F012FB023F3F1A36
:107A40003B0606465FFA87F8C6D4334FD7F8903026
:107A50003BBB00210DF11E09434622460846CDF8E6
:107A6000009010F0C1FBC3B20546002B4AD1BDF80F
:107A70001E001EF028F8D8B9BDF81E001EF01FF930
:107A80000390BDF81E001EF01EF8E8B906EB0802D0
:107A900001232146484692B200F054FDC8B1192096
:107AA0009BE74A460121284698470028D1D193E711
:107AB000D7F89430BDF81E00002BDDD0A1199847EF
:107AC0000028D9D1022088E742460398A1191DF069
:107AD000B9F8BDF81E0024F083FB049B059A83725D
:107AE000029B80F808A01BBAC360AC2303FB02739F
:107AF00093F8502080F809B0BDF81E0022B1DB6C6D
:107B000003B19847E8B268E7BB6FF9E7012064E783
:107B10006D96002010840020AC8400202DE9F843ED
:107B200008460F46164602F101091EF0CDF88046C0
:107B300038461DF0C1FF042856D138461DF0E0FF3D
:107B400048F661054FF6FF7248F64103294C904212
:107B500008BF1D46B4F85C10301D25F056F83846B5
:107B60001DF0CEFF0146B01D25F04FF8B4F85E10B1
:107B700006F1080025F049F806F10A0438460EF02F
:107B800055F810B145F01005ADB22946484625F02C
:107B90003CF838461EF093F84246014620461DF058
:107BA00051F83846012124F053FB4444074660B1A4
:107BB00024F032FB0546384624F012FBEDB20146B4
:107BC0002A4620461DF03EF82C440B4AA41B13788D
:107BD0000134591C1170F37034703046BDE8F8431D
:107BE0000922012124F03CBA484625F00CF84C4605
:107BF0000546C3E7AC8400206E960020AC2210B589
:107C000048245043094B1A1892F8A81004FB0100AD
:107C1000034493F87700022806D092F850301BB93D
:107C2000032818BF012010BD0020FCE7AC84002011
:107C300070B508B1012070BD234C94F8A850002DF8
:107C4000F8D12946B4F85C20FFF714FA29462846F3
:107C5000B4F85E20FFF7F8F92946284604F16002DF
:107C6000FFF7CEFC94F87730002BE3D0284694F849
:107C70005860FFF749FA864215D1002094F95A500E
:107C8000FFF736FA854216D10020FFF7B7FF04460A
:107C9000002024F09DF90028CDD02146BDE8704099
:107CA0000020FFF705BA284694F85810FFF73EFA6F
:107CB0000028E2D0BFE7002094F95A10FFF70AFA33
:107CC0000028E1D0B7E700BFAC8400200346AC2019
:107CD00010B51446164A00FB032292F877000228DA
:107CE0000CD1E07F022809D141B11249097801295C
:107CF00013D992F85810227891420ED11846217863
:107D0000FFF708FA90B1482221460B481CF09AFF71
:107D1000002024F05DF908B9002010BD044B93F851
:107D2000A8000028F8D1FFF783FFF5E72120F4E74A
:107D3000AC8400208CA1002004850020AC2208B572
:107D4000084B02FB003300205A6DD86483F85000C2
:107D500012B15865FFF720FC0020FFF769FF0020F3
:107D600008BD00BFAC8400207FB51C4C94F8A8303F
:107D700023B1002084F8A800FFF75AFF94F85A3086
:107D8000B4F8A0508DF80F3025B940F2F92114480D
:107D900021F094F9134A29460020FFF7BFFEE66F51
:107DA0000246104C9EB10DF10F03019300232146B2
:107DB00028460093B0470246247854B9204621460D
:107DC000FFF7B2FD2046FFF7DBFC04B070BD0122D7
:107DD000F2E700200349FFF71FF8F6E7AC84002024
:107DE000EB7905082C84002038B5494B1C78002C11
:107DF00058D1484800F052FC204624F0E9F8002809
:107E000050D0454C2378D90733D594F850201AB177
:107E100023F00303237045E023F00103237010F0E7
:107E2000B5FA237805469A0701D510F0A5FA294638
:107E3000002010F03DF840B92378284643F00103B4
:107E40002370BDE8384010F097BA0023482284F828
:107E5000A33094F8A83084F8A25002FB0343D3F86F
:107E60009830A4F8A000C4F8A430BDE83840FFF76B
:107E70007BBF94F84400B0B104F1A003251D95E840
:107E8000030083E80300FFF76FFF94F844202846BF
:107E9000D20004F10C011CF0B0FE94F84430013B18
:107EA00084F8443038BDA26C62B99B0711D52378A1
:107EB000002023F0020343F001032370BDE83840A3
:107EC000FFF75EBC0123A06484F85030904723780C
:107ED0009EE710F073FA0028E9D194F8A83073B146
:107EE000F3F72CFA94F85030002BDBD1FF2818BFA1
:107EF00084F8A800BDE838400020FFF799BED4F808
:107F00008C30002BECD098470028CBD1E8E700BF9D
:107F10006D960020A09E0020AC84002070B5044621
:107F2000002024F055F8AC235C430B4E351995F82E
:107F300050300BB1002070BD0028FBD0074825F061
:107F400066FC0028F6D1335D002BF3D195F8440090
:107F5000B0FA80F04009EEE7AC840020A09E00203B
:107F600010B5084A03461DF0D8FE14684FF6FF729C
:107F700003EB40039C42184603D901880233914227
:107F8000F8D010BD688500202DE9F047204F054648
:107F90003B88A3B3B0F90230002B30DBDFF87C80E4
:107FA0001C49D8F800001CF062FE20B94FF4EA71B9
:107FB000194821F083F80026DFF85CA0DFF8609014
:107FC0003A88B3B29A4204D84FF4EB71504621F08C
:107FD00075F8D9F80030B2B253F83200D8F8001072
:107FE00003EBC20468B943F83210A3882846013372
:107FF000A3801DF092FEE38803EB4003E380BDE81D
:10800000F0871CF034FE01360028D9D1EDE700BF1F
:108010002A8E0020C4780508CE780508C09E00206E
:108020005C85002038B5094C094D22682B689A42BE
:1080300004D94FF48771074821F040F82868236875
:10804000C01A20F0010080B238BD00BF6885002052
:1080500070850020CE78050838B5124C124D2146A7
:108060002846F2F7FFFF23680BB12B681BB9DE210E
:108070000E4821F023F82A680D4B0E491A60236838
:1080800023F0010313440B600B4B1A602AB9BDE8BF
:108090003840F821054821F011B8FFF7C3FF6428E4
:1080A000F5D938BD6085002064850020CE780508AC
:1080B0006C85002070850020688500202DE9F04146
:1080C0001D4B04461B78012B24D1008824F06AF84C
:1080D0000546D8B10426DFF864802C4624F072FBF4
:1080E00007462046FFF750FF638843EA0803638092
:1080F000A05B24F057F80446384624F05EFB1CB120
:10810000B4F90230002BE9DA062E01D1BDE8F08186
:108110000626E2E7022BF9D124F054FB0246208820
:1081200024F040F818B10388C3F30E0323801046EF
:10813000BDE8F04124F041BB6F9600200080FFFFB6
:108140002DE9F04F0024BA4B97B006461C8024F06E
:1081500039FB0123DFF8EC82B64F3B70B8F80030F2
:10816000A8F80040ADF81630B34B1B68019324F01B
:1081700024FBB24B21461A88B14BD20018681CF080
:1081800056FD0DF11600FFF799FF002E3CD1DFF8E8
:10819000B8924FF0000B0125D9F80040019B9C429A
:1081A00039D3BBF1000F39D1002DF2D0D9F80040FE
:1081B000DFF898A225462246019B9A4273D30223F8
:1081C0000DF116003B70FFF779FF002E40F08F8015
:1081D000D9F800603246AA4280F0A280908823F04D
:1081E000E1FF18B10388C3F30E039380D08823F016
:1081F000D9FF18B10388C3F30E03D3801046FFF7ED
:10820000AFFE0246E7E79847E3B256F82330013461
:10821000002BF8D1BBE7BBF1000F3ED00BF1FF33D1
:108220005FFA83FB16AB03EB8B0252F8402CB2F9DA
:10823000020051880028B1DA4B04AFD4924641F4D1
:108240008040931D2AF8020F02933AF8020F23F0A0
:10825000A9FFF0B1B0F902E0B0F802C0BEF1000F22
:1082600017DB6FEA4C4C6FEA5C4CA0F802C003903D
:10827000FFF78AFEBBF10F0F8FBF002516AB039AE5
:1082800003EB8B009EBF0BF1010340F8402C5FFA1B
:1082900083FB029B9A45D8D180E72046FFF760FE1A
:1082A00022460446C3E710461DF037FD8346B2F967
:1082B0000200118800280AEA010108DA204623F0AA
:1082C00067FF084381B204EB4B0402EB4B051046F9
:1082D0001180FFF745FE02466EE798475FFA8AF382
:1082E00056F823300AF1010A002BF6D170E74FF05F
:1082F000000AF3E73046FFF733FE82467EB1B6F957
:1083000002307188002B0ADA3088C0F30E0023F0A7
:1083100049FF864203462DD1C1F30D0171805646B7
:10832000AE42E7D3DFF81CA124F04CFA0021064648
:1083300050461DF055FD23F035FF0546002800F09E
:108340008780304624F039FA28461DF0E6FC0646C0
:10835000204623F01DFF81467600324629462046FE
:108360001CF04BFC002249460DF1160025F027FABF
:108370003444D9E71BD930461DF0CFFCC1F30D01C1
:10838000420071801846314692B21CF036FCC6E7B6
:108390005046FFF7E5FDD146854203D9B0F90230DA
:1083A000002B01DA824603E0FFF7DAFDF4E7B1467D
:1083B000554507D9BAF80000C0F30E0023F0F2FECD
:1083C0008245E5D3B9F1000F30D0B9F80000C0F311
:1083D0000E0023F0E7FE034638B93346CB469945F5
:1083E00013D8B1459BD0D946ECE748461DF095FC23
:1083F000B9F802204946C2F30D02A9F80220420052
:1084000092B218461CF0F9FBE7E718460193FFF714
:10841000A7FD019B9B46854203D9B0F90230002B92
:1084200001DA0346DBE7FFF79BFDF4E7CB46DAE72B
:108430002C8E00206F960020688500202A8E002058
:108440005C8500202E8E00206C8500200080FFFFC0
:10845000BDF816303870A8F80030044B30461C6068
:1084600024F0ABF917B0BDE8F08F00BF688500209D
:108470002DE9F041054623F095FE0F460446D8B19C
:1084800025F087F920B940F2FB41204820F016FE84
:10849000284623F0C1FE05462046FFF761FDBD4298
:1084A000064609D004D840F20351184820F006FED1
:1084B0002588ED0B02D02781BDE8F081678020463A
:1084C0001DF02BFC074604EB400824F07BF9104B11
:1084D0001A68B2420AD1C3F8008024F06EF92A4625
:1084E0004046BDE8F041FF211CF0A1BBA6EB080609
:1084F000B5B224F062F9072DF1D90023083D44F804
:108500001730C8F80430A8F80250D5E7CE7805082F
:108510006885002038B524F055F900210546044847
:108520001DF05EFC0446284624F047F9204638BD7D
:108530002E8E0020024B1888B0FA80F04009704758
:108540002E8E00202DE9F74F044600881F4623F0A9
:1085500029FE88461546064625F01BF920B940F24B
:10856000FE613F4820F0AAFD3388DB0B009306D064
:1085700033892B443381002003B0BDE8F08F20887D
:1085800023F04AFE82463046FFF7EAFC019024F0D1
:1085900019F9DFF8D0B0019BDBF8002081469A4240
:1085A0001DD1FFF73FFDA84204D2484624F005F94B
:1085B0001A20E1E70AEB050373803FB1208823F01E
:1085C0000FFE2A46414650441CF03CFB3046FFF764
:1085D000C7FCCBF80000484624F0EFF8CBE724F0C6
:1085E000ECF8208823F018FE2844009980B223F08C
:1085F0006BFE06460028DBD023F0F2FD8146208882
:1086000023F0EEFD8246208823F006FE5146024606
:1086100048461CF017FB3046AFB123F0E1FD07469A
:10862000208823F0F9FD2A46414638441CF00AFB15
:108630000121208823F00CFE01210246304623F060
:108640001BFE268097E723F0CBFD8046208823F091
:10865000E3FD2A46394640441CF0E9FAE8E700BF4A
:10866000CE780508688500203421014820F026BD19
:10867000E2780508036910B55BB18268064B9A423F
:1086800001D1002010BD446924F097F9201AF9D5D2
:10869000F7E74FF0FF30F5E76986020882681C4B68
:1086A00070B59A420446056819D124F08BF8236905
:1086B00023B1A34206D100222A601A61BDE87040AE
:1086C00024F07BB81A4611461269A242FBD12A68EF
:1086D000A24208BF29600B6100232361EEE7036912
:1086E00093B198426E6803D19D210A4820F0E6FCC0
:1086F0002B46B44209D122699D4218BF1A614FF03E
:10870000000308BF6A60236170BD33463669F0E735
:1087100069860208E27805082DE9F043064600253F
:10872000164FDFF85C808BB0BC7814B90BB0BDE895
:10873000F083B7F800908EB9009623462A46B8F821
:10874000001003A825F0D2F823463146484603AA74
:1087500016F058FC2544EDB20437E5E723464946B8
:1087600003A8002216F045FC012300932A46234665
:10877000B8F8001003A825F0B9F8EBE7F078050881
:10878000308E00200148FFF799BC00BF308E0020DA
:10879000F7B51546174A04460846118811B1164A1E
:1087A0001278CAB1D4B10022294603B0BDE8F04026
:1087B00016F01FBC3A44D2B20436B778002FF1D07D
:1087C000B6F800C0AC45F5D184F001043B460094F6
:1087D00025F08CF803B0F0BD084EEEE702462146C6
:1087E000284616F00FFC284603B0BDE8F040F3F72A
:1087F00075BE00BF308E0020BDA10020F0780508B6
:1088000010B5074C238843B10020FFF785FF0020F7
:10881000FF22044B20801A7010BD0220FCE700BF2D
:10882000308E0020BDA10020142810B518D80828CB
:1088300005D119F0ADFFC401E4B2204610BD0E28E9
:1088400002D119F0A8FFF6E7064B53F82040002CA0
:10885000F3D00A282478F0D107F0BEFD0443EBE7FB
:10886000FF24EAE718790508014BB3F86800704760
:10887000AC8400200048704716850020014B187812
:10888000704700BF51950020014B1878704700BF1A
:1088900054950020014B1870704700BF549500207C
:1088A000204B022810B5204C187002D00438012843
:1088B00022D82378042B0BD000211C4823F07CFD08
:1088C0002378033B012B03D90021194823F074FDC1
:1088D000184B1B689A0022D513F0805F40F61144B4
:1088E00018BF4FF44164204611F0F4FFC8B9204688
:1088F000BDE81040F3F7DEBD0C48FFF7CFFE0C4893
:10890000FFF7CCFE1DF0E4FE2378033B012B03D8D8
:108910001AF041FB1624E6E70EF0C2F8FAE7152438
:10892000E1E710BD5895002059950020E49E0020F5
:10893000986900202C6A0020024B187800F00F0084
:10894000704700BF58950020034B187800F00F00C7
:10895000831E5842584170475895002008B51DF0B5
:10896000A2FEC0B11DF0B8FEA8B10FF01DFE90B977
:108970000A481DF0ECF970B109481DF0E8F950B152
:1089800019F00EFF38B111F0B7FF20B9BDE808406B
:1089900004481DF09FBA002008BD00BF348E00209F
:1089A000648E00207485002030B505460C4693B0D7
:1089B00081B910B9002013B030BD102307226946D9
:1089C0000120FFF7E5FE9DF805305A1E052A28D93B
:1089D0001720F0E71822002120461CF028F9002D6E
:1089E000EBD1FFF7B1FF30B319F012FB6A46014635
:1089F0000020FEF7BBFEBDF80430204623819DF821
:108A00000230A3729DF80030E3721EF061F800237B
:108A100004F11401237304F110001EF0BEF8E0818C
:108A2000C8E7084A9DF8041012789142D0D12B7003
:108A3000002CD6D1BEE7044B1B78033B022BD3D9C5
:108A4000C6E700BF93A1002058950020054B187879
:108A5000012805D000F0FD00A0F131035842584133
:108A6000704700BF589500202DE9F3410E460021C4
:108A7000054624F09EFE0023124FADF806002B8021
:108A80000DF106001DF063F9044610B102B0BDE817
:108A9000F08121460DF106001DF0A2F9804623F079
:108AA0009FFB438AB34207D99B1B43822246414620
:108AB000284624F084FEE3E743895B07E0D53B8842
:108AC000F3E700BF46A1002008B50A48FFF7E6FD1E
:108AD00009484FF47A71FFF7C7FF07481DF037F9CF
:108AE00030B9BDE808404FF47A71024823F064BC05
:108AF00008BD00BFC49E002054A100201FB5014640
:108B0000002201A823F028FD064801A924F0B4FEA4
:108B100020B123F065FB4089C0F3400005B05DF84B
:108B200004FB00BF54A1002030B585B00D460022E3
:108B3000014601A823F010FD084801A924F09CFE7D
:108B400050B123F04DFB04460146082228461CF094
:108B500054F86089C0F3400005B030BD54A1002036
:108B600010B5044C20461DF029F96388181A80B20C
:108B700010BD00BF54A10020F8B50546F8B1002192
:108B80000F4824F016FE0446A8B10D4F204623F0EE
:108B900027FB064623F0CCFC830705D40822294690
:108BA00030461CF01AF838B12146384624F025FE2C
:108BB00004460028EAD10024201E18BF0120F8BD79
:108BC00054A1002010B50C460146064824F054FE7E
:108BD00030B123F005FB43891C4214BF0120002063
:108BE00010BD00BF54A100201FB51446024601A8C5
:108BF00023F0B2FC074801A924F03EFE40B134B195
:108C000023F0EEFA1422014620461BF0F6FF012065
:108C100004B010BD54A100201FB50146002201A8D8
:108C200023F09AFC094801A924F026FE58B123F04C
:108C3000D7FA4389024613F0020004D0507B80F03B
:108C40000800C0F3C00005B05DF804FB54A100208B
:108C5000014601481DF0D2B954A10020F8B50446E0
:108C60000E461420002123F02FFB054620461DF060
:108C7000A5F86388834225D925B3314620461DF0E7
:108C8000BDF908BB284623F0ABFA07460A22314655
:108C90001BF0B3FF082206F10A0107F10A001BF0DE
:108CA000ACFF0A4B1B887B82238823B94FF47A716F
:108CB000074823F081FB20460022294624F07FFD4F
:108CC0000020F8BD1C20FCE72E20FAE746A100207A
:108CD000C49E002010B5044686B0B0B123F028FC35
:108CE00010F0020011D1CDF80E006168CDF812002D
:108CF000ADF81600206801AB03C32289044801A91E
:108D00001A80FFF7ABFF06B010BD2120FBE700BFC4
:108D100054A10020F8B50D4616461F46044648B338
:108D200023F006FC30BB2046FFF792FFE0B121465E
:108D3000114824F0A1FD23F053FA438905734673CB
:108D4000877343F0020321894381204601F02CFD03
:108D5000FF28044606D001F02DFC18B10022074B75
:108D600043F82420002004E02046FFF7B3FF00284A
:108D7000DDD0F8BD2120FCE754A10020E8670020E9
:108D8000F7B59DF824400D4601949DF82040064615
:108D900000941F460DF0A2FD4FF6FF718842044675
:108DA00010D0BB0711D4284601F006FB204623F063
:108DB00037FCFF281FBF084A32F8103023F48043E5
:108DC00022F81030204603B0F0BD02462946304656
:108DD0001DF01BF9EAE700BFF48D002073B50E46C5
:108DE0000146144824F048FD0546D8B123F0F8F9AF
:108DF00043890446334012D09B0736B20BD5002E70
:108E000009DAA17B437B0289007B0191012100915A
:108E10002146FFF7B5FF638923EA06036381628970
:108E200012B1012002B070BD294602481CF0F7FFC4
:108E3000F7E700BF54A100200148FFF73FB900BF8A
:108E400054A100201FB50C460B4A014601A823F08F
:108E500083FB01A8FFF7FCFE60B101A9074824F0DD
:108E60000BFD23F0BDF903682360436800206360B5
:108E700004B010BD2D20FBE77E79050854A1002029
:108E800013B53F4CFFF7E8F816F0A0F8D4F8FC3122
:108E90001020C3F307430193FFF7C6FC000650D52B
:108EA0000020FFF7C1FC01064BD5019B802B3ED172
:108EB000236A9A0704D440F61544204602B010BD38
:108EC000E3699B07F7D52F481CF070FC01201CF0CC
:108ED000D1FD16F07DF804460028EED100F080F9AF
:108EE00029481CF0D1FF00F07BFBE5F7D5FE16F01A
:108EF0006AF80AF041FE0AF093FEF2F703F9F2F77E
:108F0000B7F9F2F7D1F904F04BFF19F043FC19F06F
:108F100044FC11F0CFFF1D480CF040FD08F03AF87A
:108F20001AF007F80028C8D01AF005F8C5E7019B29
:108F3000812BC0D1D4F80C315B00BCD5D4F80C31F6
:108F4000BFE71020FFF770FC0006BCD40020FFF73D
:108F50006BFC0106B7D5019B802B05D1084B1A6A23
:108F6000D207A8D5DB69ACE7019B812BA3D1044BC9
:108F7000D3F80C21002A9EDAD3F80C31A1E700BF08
:108F80000080E00F690345EC74850020FD8A02082B
:108F900010B51DF09AFB70B301F0FAFE80F00104E9
:108FA000E4B20020FEF742FB44EA800424B21DF044
:108FB0007AFB10BB02200443164824F028FC44EA44
:108FC0004014154824F023FC24B244EA001413484A
:108FD00024F01DFC24B244EA8014114824F017FC4C
:108FE00024B244EA40240F4824F011FC24B244EA9D
:108FF000C02080B210BD0124D3E70B481CF0A7FEAF
:109000000028D7D009481CF0A2FE80F00100C0B2B1
:109010004000D0E7249F002008A000200CA10020E1
:10902000889F0020E89F0020348E0020648E00205E
:1090300008B501F07FFC0EF007FAFDF72DFF15488B
:109040001CF085FE08B906F0A3FB13481CF07FFE58
:1090500008B907F089FF03F0E3FE0CF051FE0F485A
:109060001CF044FF0E4B1B78043B022B09D80D4823
:1090700024F0CDFB28B1FFF78BFF102801D109F0B8
:10908000F9FA19F08FFB1CF0CDFFBDE80840064847
:10909000FFF756B8348E0020648E002074850020BF
:1090A0005995002008A0002088790508F8B54FF6EA
:1090B000FF77104B06461B780C46033B012B0F80B5
:1090C00009D830460AF010FE4FF6FF739842208010
:1090D0000ED000200DE00CF05DFFB8420546208068
:1090E000F7D1304601F040F8A8422080F1D1E8E7FE
:1090F0002D20F8BD599500204FF6F77370B59842B2
:1091000004460D4686B05AD81CF08DFFA04207D108
:1091100008222C4928461BF070FD002006B070BDC7
:10912000294EB6F86830A3420AD10022082106F180
:109130006A001CF00DFF18B9082206F16A01E9E780
:10914000ACB1224B1B78033B012B1AD80023012220
:109150001946204600930AF071FCFF2823D12946C6
:1091600020460AF015FE80F00100C0B2D6E7184B89
:109170001B689B07E5D4284608F06EFB0028E0D06A
:10918000CBE7204601F0A8FAFF2806D12946204661
:10919000FFF758FE0028D9D1BFE7294601F0BEFAF3
:1091A0000028F3D0B9E702A91EF011FC0028D6D19F
:1091B000DDF80D302B60DDF811306B60ADE701207C
:1091C000ACE700BF70960020AC84002059950020C9
:1091D0002C6A0020014B1870704700BF93A100203B
:1091E00010B50649064C082320467F22098823F043
:1091F000EBFB20461CF051FF10BD00BF36F1040808
:10920000709600200048704770960020082208B52C
:1092100003491BF0E2FCB0FA80F0400908BD00BF32
:10922000709600202DE9F0431E46574B8FB01B78F7
:109230000746033B012B0C4615469DF8588007D87E
:1092400003F0CEFE20B1FFF77FFB08B144F40054D9
:109250004E4B1B7813B924F40074A4B2200509D531
:1092600046B9284604A9FFF747FF002846D024F452
:109270000064A4B2ADF81840ADF81A501CF0D3FE4B
:10928000434BADF81C00B8F1000F02D01A784245EC
:1092900001D293F800803F4AE105137848BF0DF1F1
:1092A000210103F10103DBB2137058BF08A92205A5
:1092B0008DF81E808DF81F3006D53368083141F8CF
:1092C000083C736841F8043CE30407D5324A08318E
:1092D000136841F8083C536841F8043C0DF1180844
:1092E000A1EB08005FFA80F90021484622F0ECFF6C
:1092F000064628B900200FB0BDE8F08304AEB9E7F8
:1093000022F06EFF41464A461BF09CFC304622F09C
:1093100083FF8046304622F063FF0023024600931D
:109320004FF6FF7004235FFA88F11CF07BFCADF868
:109330000E000028DED040F201131C421AD14FF675
:10934000F7739D4216D822F067FF0DF10E01044617
:10935000284611F0BBF9BDF80E0022F05DFFE4B223
:10936000A04207D9BDF80E001CF0A9FC437843F0D9
:1093700004034370BDF80E003A46012122F07CFF41
:10938000BDF80E00B7E700BF5995002054950020A6
:1093900090A100205695002070960020F0B5082975
:1093A000D58889B028D00C2926D0AE0424D405F065
:1093B00040030B43424C267816B105F020042343AA
:1093C0002FB2002FB8BF43F08003032920D112230E
:1093D000AC068DF80430937A10D48DF805300DF179
:1093E000060401A9621A012392B2FFF7ABF8B0FAA2
:1093F00080F0400909B0F0BD0B46DBE732228DF862
:1094000005308DF80420002EE9D00DF11304E8E7B3
:109410000C298DF804300ABF138953798DF8053073
:10942000548805BF1B0A8DF806308DF805300DF104
:10943000070318BF0DF106031C70240A5C70148822
:1094400002399C70240ADC70147901291C7111D82E
:10945000917A002F597131DA022112899971DA71EA
:10946000120A03F109041A72002EBAD0AB06B8D55D
:109470000534B6E7A9071AD4002F0CDA117A51B1D6
:10948000917A59711189127A03F1080492B102227A
:109490009A71D971E8E70B4C217801F1010C84F83D
:1094A00000C091729C1D002F5971DDDAEAE7917AB4
:1094B0009C1DF8E70122090A9A71EAE79C1DD3E78F
:1094C0005495002055950020014B1880704700BF2F
:1094D000328E0020014B1888704700BF328E00206A
:1094E000F0B51F4601F44043B3F5004F05460C4666
:1094F00016468BB01DD01CF096FD104B0022069234
:10950000BDF85020ADF826000592BDF84C2021464C
:1095100004929DF8482028460392119A0292BDF8C1
:109520004020CDE900323B4632461EF092FD0BB0A2
:10953000F0BD1CF078FD0DF12603DFE770960020EA
:10954000014B1870704700BF4C950020074B44F644
:10955000FF701A7840F6FF73012A18BF1846044BB3
:109560001B780BB140F40040704700BF59950020B4
:109570004C950020F7B50D46044616461F460021BF
:10958000284602F085F90B4B002183F859402A4602
:109590003346204600970EF049FC014630B10222C6
:1095A000204603B0BDE8F04000F006B8012003B04B
:1095B000F0BD00BFAC84002013B513460C461AB1B1
:1095C000022A0CBF134601230021044A0191009294
:1095D0002246FEF763F902B010BD00BFC967040858
:1095E00000B5002093B0FEF7D9F81E4B18880CF098
:1095F000DBF91D4B1D491A7800200EF03BFD34228B
:10960000002168461BF013FB0B238DF800306FF42C
:10961000803301934FF6FE73ADF8103003238DF8BD
:109620001D30134B134A0893134B10680993134BC7
:1096300051680D93124B6A460E93124B0F93124BC7
:109640001093124B119302AB03C300210846FEF79F
:109650003DFB6A4601210020FEF738FB13B05DF8A0
:1096600004FB00BF40A10020A7A10020683205082C
:10967000C19D02087096002055650408CDD40208EB
:10968000699F020885EB0208C967040851CF0208E8
:1096900037B5144B0A4600934FF400430146ADF82A
:1096A0000430E0B901200EF0E5FC30B104E031F8FF
:1096B00013000134A84203D1212003B030BD00249F
:1096C00002ADE0B205EB400030F8085C30F9080C60
:1096D0000028ECDA0133D8B29042F0D3E2E700235D
:1096E000F9E700BF99008900014B1878704700BF67
:1096F00078960020014B1888704700BF58A10020C1
:109700002DE9F84F06460846884623F07CFADFF834
:109710005891054699F8003043B9504B1B682BB956
:109720004F4B1B6813B9FF20BDE8F88F15F4406A52
:1097300005F040071AD197BBB5F5804F5FD24FF4C3
:1097400080740023DFF81CC1002B62D18025434ABE
:10975000126862457CD1002299F800704149D0B26C
:1097600087425ED80133032BEED1DCE708F103001A
:1097700023F049FA4FF6FF73984214BF01240224E4
:1097800087B1052705F44043B3F5004F44F00804C2
:1097900024D0B5F5804F23D244F4807420E05446A1
:1097A0000327EFE7B5F5804F4FF00507F4D3BAF57F
:1097B000406F14BF022008203844404423F023FAAD
:1097C00083461CF04DFC05F4404558450CBF44F061
:1097D000080444F00404B5F5004F01D144F08004BE
:1097E000BAF5006F0FD108EB070023F00CFA05461D
:1097F0001CF019FCA842A4D144F01004A1E754467F
:1098000003270220D8E7BAF5406F08BF44F02004D0
:1098100097E7012B03D1124A4025126899E71025DA
:1098200099E731F802EB0132A64598D1002E3FF4BA
:109830007BAF357078E7A64501F10101F6D0C8B2DB
:10984000CFB232F817E032F91770002FF3DA89E758
:10985000002A87D000200146F2E700BF848500205F
:10986000888500208E8E0020B8960020034B1A7841
:10987000022A04BF09221A70704700BF7B9600209D
:10988000044B1888044B1978044B1B6803B1184724
:10989000F2F70ABB368E00207996002098850020CA
:1098A000002208B510461A2102F054F90022014B9B
:1098B0001A6008BD9485002070B5054638B9BDE82A
:1098C00070400B4B00221A21187802F043B9094B63
:1098D000074E1C78E1B21A29F1D825FA04F3DB0708
:1098E00003D54422307802F035F90134F2E700BFA5
:1098F0007B960020BFA10020F0B50C8805460E46DF
:109900008BB0E4B94FF6FF77ADF8247011F074FB1B
:1099100010B902200BB0F0BDCDE90340CDE90544FC
:10992000134A0294B2F85C306032019300923B46D5
:109930004CF60101FF2009AA1EF08BFB308028465F
:109940001CF016FF0B4C70B1237863B1013BDBB206
:10995000284623701CF00CFF38B12078B0FA80F054
:109960004009C0B2D6E70523F2E70120F9E700BFBE
:10997000AC840020BEA10020034B11461B6803B13C
:109980001847F2F723BA00BF94850020F8B50D4BB5
:1099900005461B78012B13D100244FF6FF770A4EA2
:1099A000308822F01DFC2B88025B9A4203D130885C
:1099B00022F016FC07530234202CF1D10120F8BD0F
:1099C0000020FCE77A960020388E00202DE9F04731
:1099D000174B80461B781546012B26D100246FF0CB
:1099E0007F092746134E308822F0FAFB00EB440033
:1099F00090F901304FEA440A4B4506DD308822F0E9
:109A0000EFFB504490F90190E7B20134102CEAD1F9
:109A10004D450ADA308822F0E3FB00F817803088E1
:109A200022F0DEFB7C0020444570BDE8F08700BFDB
:109A30007A960020388E00200148FEF73FBB00BF19
:109A4000388E00202DE9F04705460E46904622F05C
:109A500097FE044638BB0146202022F035FC134F08
:109A6000388000B30122124BA1461A70114BC3F883
:109A700000804FF07F08388822F0B2FB00F8049095
:109A8000388822F0ADFB20440234202C80F801807D
:109A9000F1D1094B31461D602846BDE8F047074B20
:109AA000074A0EF089BD0120BDE8F087388E0020FE
:109AB0007A960020988500208C850020799B0208EA
:109AC000CD990208F0B585B004460D4617461E46EE
:109AD00022F056FE90B90A4B1F600127094B1F70F8
:109AE0001CF05FFA084A0346009229462046CDE959
:109AF0000167064A0EF094FD05B0F0BD4D20FBE76E
:109B0000908500207B960020C19D0208AB67040869
:109B10002DE9F041144F00253C784FF6FD781F2CBD
:109B200091BF0024C4F341141C34E406202D0CD151
:109B300001203B78032103F01F03984020430B4B87
:109B40000B4ABDE8F041FFF7BDBF18F063FA431EB2
:109B50009BB243450646F8D8064B188822F040FBD6
:109B600046530235E2E700BF79960020299C02089F
:109B70008D990208388E0020F8B5284D02262888D5
:109B800022F02EFB90F90140288822F029FB304476
:109B900090F90130A34205DA288822F021FB3044F5
:109BA00090F901400236202EEED10027662CDABF54
:109BB000193466B27F263C46288822F011FB3844CF
:109BC00090F901300237B342BCBF0134E4B2202F18
:109BD000F2D114B9124B1C70F8BD18F01BFAB0FB8F
:109BE000F4F3002703FB1400C4B2288822F0F8FA2B
:109BF000384490F90130B3420CDA4CB9288822F08D
:109C0000EFFA084BC25D1A70BDE8F840FFF780BF5D
:109C1000013CE4B20237202FE7D1F5E7388E00206F
:109C20007A9600207996002070B5154B1B78012B91
:109C30001ED100244FF6FF76124D288822F0D0FA6C
:109C4000035BB34215D0288822F0CAFA035B83B1C4
:109C5000288822F0C5FA0C4B025B0C481A800121BF
:109C60000B4B0C4A0068FFF72DFF00220A4B1A60CD
:109C700070BD0234202CE0D1BDE87040FFF748BF32
:109C80007A960020388E0020368E00208C850020A9
:109C9000819802085B670408908500207FB505461F
:109CA0000C46164622F06CFD00286BD1062D03D819
:109CB0005223EB40DB071AD4B4F1006F05D3E30E57
:109CC0001C3B032B18D94F202EE000222F4B1A608B
:109CD0002F4B1D701CF065F903460A2D54D8DFE8A0
:109CE00005F02D183E49182518535341360002F04F
:109CF000C3FBB4F1006FE2D20022244B042D1A60A2
:109D0000234B1D70E6D1022001F03AFC1CF049F90A
:109D10000346012202921F4A01921F4A00921F4AE3
:109D2000314620460EF07CFC04B070BD3146204622
:109D30001B4A04B0BDE870400EF05ABC31462046C4
:109D4000184B194A04B0BDE870400EF035BC002233
:109D50000292164A0192104A0092154AE0E7022246
:109D60000B4B1A7000221046124904B0BDE8704037
:109D7000FDF75ABD002202920F4A0192064A009254
:109D80000E4ACDE74D20CFE70120CDE79485002096
:109D90007B960020B9980208C19D0208AB670408B1
:109DA000B9420308A1980208799902086D6704086E
:109DB000F99802086D980208636704085F67040851
:109DC000F0B585B0ADF8060018B9752164481FF0EC
:109DD00075F9BDF806001BF06FFE0446BDF80600DD
:109DE0001BF06AFE082846D00C2CBDF8060042D1B4
:109DF0001BF065FF074622F006FF0DF10F01064636
:109E0000BDF8060018F0B0FC002879D00922002126
:109E1000384622F025F99DF80F301033C518BDF8EB
:109E2000060022F0F9F9EDB2854269D22946BDF863
:109E300006000EF033FD06F44C4416F44066054669
:109E400014D0F81C22F0DFFE4FF6FF73984208BFD3
:109E500044F04004B6F5006F08D1781D22F0D3FE1F
:109E60004FF6FF73984208BF44F010049DF80F307E
:109E70005BB3072D44D1BDF806001BF013FE04466A
:109E8000BDF806001BF018FE082817D0A30615D54C
:109E900024F0200189B2BDF806001BF0EEFDBDF8EC
:109EA00006001BF00CFF0021092222F0D9F800F176
:109EB000100189B20DF106001EF0F4F90022BDF880
:109EC0000610284823F07BFC1AE0082D16D8BDB1F7
:109ED000013D072D14D801A353F825F0399F02083E
:109EE000459F0208019F0208059F0208019F020882
:109EF000519F0208779E0208579F02087C2D24D0AC
:109F000005B0F0BD24F48844A4B2B4F5084FF7D1ED
:109F1000BDF806001BF0CBFDBDF806100BF0DEFD12
:109F20000028A8D0BDF806001BF02CFE0022014638
:109F3000022022F031FEE3E724F48064A4B2B4F5F9
:109F4000484F97E7B4F54C4F94E7B4F54C4F92D097
:109F50004CF6500301E04CF640439C428AE700BFB8
:109F6000E4790508348E00202DE9F0410F46904633
:109F7000064622F035F90446304622F04DF9C5B2C6
:109F8000083D2C44E178084BA2781970074B314604
:109F90001A70002043463A4615F0E0F9003818BF21
:109FA0000120BDE8F08100BF969600209596002024
:109FB00037B5144600221D461BF0B7FE024648B1D5
:109FC0000021054B0846CDE9005323461BF085FED2
:109FD00003B030BD1920FBE7C96704082DE9F04F35
:109FE000DFF84081DFF8409198F8002099F80030C0
:109FF00006469A4285B004D340F2171142481FF03A
:10A000005DF830460DF10F0122F0BEFA20B14FF499
:10A010008D713D481FF052F898F800709DF80F4080
:10A020003D1B15F0FF0530D04FF0FF3C374B0121B1
:10A030001B78A140184699F800304FF6FF790CFACA
:10A0400003FC0023324A01F1FF3E0193C1F1000AF3
:10A050009DF80430984243D8122004FB00002D4B99
:10A06000A0F1120105EBC5025200194404F10109E7
:10A0700018441AF0C2FD4FEA89092748A9F10401E2
:10A080000144AA0048441AF0B8FD224904EBC40276
:10A0900001EB420321F81260204A013712784FF693
:10A0A000FF71DA731A745A7412025A801C4A0D2016
:10A0B00012781A7110225A7100229A73C3F806207E
:10A0C000C3F80A20144B43F8242088F8007022F0CB
:10A0D00063FD0EB908F09AFD204605B0BDE8F08F8B
:10A0E00013884B450AD053680AEA030B03EA0E03B0
:10A0F0000B4403EB4B0343EA0C035360019B083210
:10A1000001330193A4E700BFF7790508A1A100205E
:10A1100044680020E48B0020E86700209696002029
:10A120007C960020529500209FA100202DE9F0414F
:10A13000074600250A4B0B4E93F80080ECB2A04571
:10A1400003D8FF242046BDE8F08108223846B11D1F
:10A150001AF043FD01350028F4D01236EEE700BFB7
:10A1600052950020E48B002008B5FFF7DFFFFF28A1
:10A170001DBF00B2044B00EBC0004FF6FF7018BFCC
:10A1800033F8100008BD00BFE48B002007B50DF1C7
:10A19000070122F0F9F930B19DF80730034803EBCD
:10A1A000C30300EB430003B05DF804FBE48B002025
:10A1B0002DE9F843294E044633785D1E2D1A83425B
:10A1C000EDB204D84FF4A17125481EF077FF0123AA
:10A1D000A3404FF0FF305F1E3B4400214FF6FF7E4F
:10A1E0006FEA03081F4A92F800C01F4A1278904095
:10A1F0001E4ACBB29C4523D8BDB127B204EBC404A0
:10A200001B48640005EBC50204F112010144520031
:10A2100020441AF0F2FCBF001648AA00391D014480
:10A2200002F0FC0238441AF0E8FC33780022013BCB
:10A2300033704FF6FF71BDE8F8430E2022F0ACBC3E
:10A240001388734507D0536808EA03093B4003EBC2
:10A2500059030343536008320131CAE75295002085
:10A26000F7790508A1A100209FA1002044680020E3
:10A27000E48B0020E867002010B50A4C207858B91C
:10A28000094B1B781A2B03D9952108481EF016FF9D
:10A290000322074B1A7010BD0138C0B2FFF788FFC8
:10A2A000ECE700BF529500209FA10020F779050838
:10A2B0004E9500202DE9F047054623F0F3FAFF28DC
:10A2C000044624D1DFF884901E4B99F800201B78B7
:10A2D0009A422BD22846BDE8F047FFF77FBE388868
:10A2E0003B79504518D86F2B4FEA131214D85B07EF
:10A2F00010D0123708F1010899F800105FFA88F6BB
:10A30000B142ECD80023104ADEB28E4214D320466C
:10A31000BDE8F087022AECD90CF0D2FF0028E8D182
:10A3200029463046BDE8F0471CF071BA4FF00008EE
:10A330004FF6F77A044FDFE7107901338F28EFD813
:10A340001232E1E79FA10020E48B0020529500200B
:10A350004FF6F773984210B514D8FFF7ABFFFF28FC
:10A3600010D0134C00B200EBC00004EB400415F019
:10A370005FFB104938B962880B7802EB0313A3EB3B
:10A380001213638010BD227C637C09789A42E273C9
:10A390002374617407D98B4203D213468B4228BFC2
:10A3A0000B461B02EDE78A42F8D31346F9E700BFDC
:10A3B000E48B0020969600202DE9F04106460F46DA
:10A3C00000240E4DDFF8388098F80030A34201D801
:10A3D000BDE8F0810822294630461AF0FEFB40B95C
:10A3E00035F8063CBB4204D02046FFF7E1FE013CB5
:10A3F000E4B20134E4B21235E6E700BFEA8B002094
:10A4000052950020F8B5054608460E46FFF78EFE29
:10A41000FF2830D01D4B294653F820703046FFF7F7
:10A42000CBFF2846FFF746FFFF28044625D10BF057
:10A430007FFEFF280AD1164C207838B117F0EAFDCC
:10A440002378B0FBF3F202FB1300C0B229461CF0E4
:10A45000DEF9044623B20F4D03EBC30305EB4305BE
:10A4600008223146A81D1AF0C8FB2B79204603F0BC
:10A470000F032B71F8BD0027D3E7074B1B78002B88
:10A4800018BF0027014B43F82070E3E7E86700207E
:10A490009FA10020E48B0020C0A1002038B50B4B09
:10A4A00004461B780D46834204D840F25E210848DA
:10A4B0001EF004FE074804EBC40400EB44002946E8
:10A4C000BDE83840082206301AF097BB9FA1002053
:10A4D000F7790508E48B002070B5044608460E465F
:10A4E00023F0E0F9FF28054610D02046FFF71EFEB6
:10A4F000FF2807D0084B1B7823B9084B53F82020BE
:10A5000043F8252021462846FFF7C8FF314620465C
:10A51000BDE87040FFF750BFC0A10020E8670020F1
:10A520002DE9F8430026804601273446114DDFF817
:10A530004C9099F80030A34210D83E430134E4B265
:10A540001A2C4FEA470705F11205F2D14FF0FF3000
:10A55000094B1B7898403043BDE8F8832B8843456E
:10A56000EBD028461CF0ABF90328E6D82B796F2BEB
:10A57000E3D8E3E7E48B00209FA100205295002060
:10A5800010B5084C00EBC00004EB400423795B07D6
:10A5900007D120461CF093F9237923F007031843D1
:10A5A000207110BDE48B0020014B1878704700BF6C
:10A5B000C1A10020014B1878704700BFC0A1002046
:10A5C00070B51A48FEF76AF8194B1B78033B012B4C
:10A5D00028D805F09DFA03F067FABDE870404FF403
:10A5E0007A51124821F0E8BE23798F2B4FEA1311DC
:10A5F00011D8013120461CF092F9062901D803290F
:10A6000009D12379002223F007034FF6FF710F20B1
:10A61000237122F0C1FA123401353278EBB29A423A
:10A62000E2D8D6E70025034C034EF6E7E49E00206F
:10A6300059950020E48B0020529500200022084B01
:10A640001878084BD1B2884203F1120300D8704742
:10A6500013F80D1C013221F0100103F80D1CF1E775
:10A6600052950020E48B00202DE9F04702261227A6
:10A67000DFF85C90DFF85C8099F8004000250CE082
:10A6800007FB05F338F803A0002150461CF02CF915
:10A6900010B15CB1013CE4B2013599F80030EAB286
:10A6A0009342EDD8A34204D14FF6FF7A5046BDE85D
:10A6B000F08717F0AFFC99F80030012EA3EB0403EC
:10A6C00090FBF3F202FB1300C4B2EDD00126D5E7F4
:10A6D00052950020E48B002010B5044623F0E2F8E8
:10A6E000FF2808D1204621F09BFFFF281FBF024B07
:10A6F0001B78C018C0B210BD9FA10020044B0021E0
:10A700001A78044B04481B781A4492001AF08FBA46
:10A710009FA10020A6A10020E867002010B5134BE0
:10A720000C461B7886B0834212D9114900EBC00059
:10A7300001EB40010822204606311AF05EFA0022A1
:10A74000082120461BF004FC80F00100C0B206E0A6
:10A75000C01A01A9C0B20CF01FF810B1002006B059
:10A7600010BD01AB03CB20606160E8E79FA1002032
:10A77000E48B002008B5074B024653F820308B428B
:10A7800006D915204FF6FF7122F006FA002008BD09
:10A790000120FCE7E8670020024B013143F820105C
:10A7A000704700BFE86700202DE9F34781460C465B
:10A7B00000272A4EDFF8ACA09AF80030FDB2AB4279
:10A7C00010D8694620461DF034FAC0B30822694605
:10A7D00048461AF002FA90B3494620461CF06BFB3B
:10A7E000FE2537E006F106080822414648461AF0E1
:10A7F000F4F990B94FF6FF739C422BD03388A342F3
:10A8000028D0204621F00CFFFF2814D149462046CD
:10A8100002B0BDE8F047FFF7F5BD14B912360137B5
:10A82000CAE73388A342F9D10022082140461BF031
:10A830008FFB0028F2D12846FFF7BAFCCCE7494647
:10A84000002021F0BDFEFF28054603D0044B1B78F5
:10A850000344DDB2284602B0BDE8F087E48B002057
:10A860009FA100205295002008B5FFF7E7FE054B99
:10A870001B78013B012B03D8BDE808400BF078BFE3
:10A8800008BD00BF599500200F4B1B7883420CD8A0
:10A89000C01A0E4AC0B232F81030D90411D443F4B1
:10A8A000805322F8103001207047094B00EBC000A4
:10A8B00003EB40035A79D10603D442F010025A71D7
:10A8C000F1E70020704700BF9FA10020F48D002019
:10A8D000E48B0020F0B5134B06461B78FBB1002536
:10A8E0001148DFF84CC090F800E0104807781F448A
:10A8F000E8B2864501D80020F0BD7C1B94FBF3F044
:10A9000003FB10440CEBC4003CF83440B44204D1C7
:10A91000002AF1D184788C42EED00135E8E7184660
:10A92000EAE700BFA1A10020186A0020509500208E
:10A930004468002070B514F03EFB14250F49104EFA
:10A940000B78328830809B1A03449BB2B3FBF5F43A
:10A9500005FB14330B700B49E2B20B78934292BFA4
:10A9600000239B1ADBB2032A0B7088BF0023064921
:10A970009EBFD2000B68D3400B6070BD7F96002055
:10A980003A8E00204F950020186A0020084B186866
:10A99000084BC2B21B789A4208D2074BC0F307207B
:10A9A0001B78984234BF0020012070470120704777
:10A9B000186A0020A1A100207E960020F8B5054667
:10A9C0001746FFF7E3FF064610B9184B1A783AB955
:10A9D000212001224FF6FF7122F0DEF80020F8BDA1
:10A9E0001348DFF854C003780133B3FBF2F402FBE1
:10A9F000143303700F48DCF8002000EBC30420F888
:10AA0000335002F10132A1703846CCF80020FFF734
:10AA100087FDE67060601BF006FBA84201D10120B3
:10AA2000DDE7E3780133E370F9E700BFA1A100207F
:10AA30005095002044680020186A002010B50B4C87
:10AA40000B4A2378063B137014F0B5FA0022094B29
:10AA5000FF211880084B09481A602278D2001AF0AA
:10AA6000E6F80422064B1A7010BD00BFA1A1002019
:10AA70007E9600203A8E0020186A0020446800204C
:10AA80004F95002048B139B1044B1B780B70044B33
:10AA90001B78037001207047084670477D960020A0
:10AAA000C2A100202DE9F843074621F086FF0546A4
:10AAB0001B4822F0ACFE1B4B60B31C683C1B2C44B3
:10AAC000A4B20022184BDFF868901B78174D03EBF7
:10AAD000830399F8006005EB43055FFA82F8464569
:10AAE0000AD9AB8805F10A00A34216D90A23B21A83
:10AAF00029465A431AF081F8013689F80060AC8083
:10AB0000B8F1000F03D13946054821F055FC28461D
:10AB1000BDE8F8833C461D60D3E705460132DCE71B
:10AB2000049F00209C85002081960020448B0020FB
:10AB3000829600202DE9F74F002421F03EFFDFF838
:10AB4000BC80A24698F800E0A3467246DFF8B090B9
:10AB50001FFA80FC0746264EB9F800003178ACEBAE
:10AB600000039BB2234D0093A0EB0C0001EB81038B
:10AB700005EB430301905FFA84FCF4451AD3BAF164
:10AB8000000F00D03170724504D2002088F80020F8
:10AB9000FCF7F6FD98F800303BB30A2233781648EC
:10ABA00002FB0355A988C9F8007003B0BDE8F04F57
:10ABB00021F002BCB3F804C00098844510D84FF0CF
:10ABC000010A93F802C001310CF1FF3C013AA3F8ED
:10ABD00004B083F802C0C9B2D2B20A330134CAE762
:10ABE00001988444A3F804C0F7E703B0BDE8F08FF0
:10ABF00081960020448B0020049F00208296002034
:10AC00009C85002030B51E4A1E4C137885B0013B50
:10AC1000DBB213702068616801AA03C22189204653
:10AC20001180194A04F10A01127813440A225A4386
:10AC300019F0E3FF9DF8064014F00F050FD1BDF8A1
:10AC40000C00FEF741FC24092A460CBF012100211B
:10AC5000BDF8040005B0BDE8304003F0FFBBBDF80F
:10AC60000800FFF71FFF03468288ADF8082001AAFD
:10AC700003CA1288186059601A8105B030BD00BF40
:10AC800081960020448B002082960020F8B5002495
:10AC9000084D094F094E3B783178E2B20B449A4295
:10ACA00004F1010400DBF8BD2846FDF707FA0A3578
:10ACB000F1E700BF448B002082960020819600209F
:10ACC00070B5124B06460D46104611491A78114BC5
:10ACD00009781B780B44934206DB1F204FF6FF7167
:10ACE00021F05AFF002070BDFFF7DCFE0135068021
:10ACF0008570044621F05CFEE080FEF7EBFB2081CE
:10AD00000020FCF73DFD0120EDE700BF9EA10020E3
:10AD10008296002081960020844600230A222DE995
:10AD2000F047DFF86480DFF8649098F8007099F8D5
:10AD30000050134907EB050EDCB274451DDA02FB27
:10AD400004F631F806A00133E24501EB0600F3D129
:10AD5000631CAEEB03030A365A43314419F04DFF2E
:10AD6000A5428BBF05F1FF3507F1FF3789F8005089
:10AD700088F800700CB9034B1C70BDE8F08700BF69
:10AD8000448B00208096002082960020819600202F
:10AD9000044B054A1B781278D3420CBF01200020D7
:10ADA000704700BF8196002082960020024B1878E1
:10ADB000003818BF0120704781960020002108B597
:10ADC000094B0A4819700A4B19700A4B19700A4B43
:10ADD0001A7802EB8202520019F029FFBDE8084000
:10ADE0000648FDF75BBC00BF82960020448B002024
:10ADF00081960020809600209EA10020049F0020C4
:10AE000010B50B4C23784BB10A4803F0B3FC58B192
:10AE1000084B012118881BF04EFC08B9002010BD1A
:10AE20000122054B1A70FAE7FFF7ECFEEAE700BFD4
:10AE300081960020448B00208096002010B50E4B98
:10AE40001B78B3B10D4C238883424FF0000310D11F
:10AE50000B4A137049B9A3781033A3701BF062FF3B
:10AE600018B9A37823F00F03A370FFF7CBFE0120DE
:10AE700010BD1846FCE700BF81960020448B0020DF
:10AE80008096002070B592B00C46064617F0C0F8C8
:10AE9000E17A05460020FCF73DF928B394F90A0051
:10AEA0001BF064F810BB134BE27A294683F8582054
:10AEB000A27A83F85A206A46FCF758FC4FF6FE73D4
:10AEC0009E420CBF4FF6FF7323896A462946002035
:10AED000ADF80660ADF80430FCF7F8FE40B9228901
:10AEE000054B5A8012B070BD5520FBE75620F9E79C
:10AEF0002120F7E7AC840020A085002010B504468F
:10AF000001460822094819F078FE237B022B0AD853
:10AF1000002B14BF3122012205490B7017234B610E
:10AF2000044B1A7010BD00230122F5E7A485002010
:10AF3000A085002058950020014B5861704700BF44
:10AF4000A0850020014B1878704700BFA085002025
:10AF500010B5054C2378112B03D0D62103481EF0E1
:10AF6000ADF84123237010BD58950020027A0508E2
:10AF7000064B01461B78042B04D1054A137E05338A
:10AF800013767047034821F017BA00BF5995002087
:10AF9000A0850020249F002008B50648FDF78EF804
:10AFA0000548FDF78BF817F0EAFBBDE8084001F013
:10AFB0007FBA00BF348E0020648E0020064B1878C4
:10AFC000332806D000F0EF00A0F143035842584167
:10AFD00070470120704700BF58950020002208B537
:10AFE000074B4FF6FE701A701BF029F84FF6FF70F2
:10AFF0001BF042F8034B5869BDE80840F1F75ABA14
:10B0000058950020A085002008B5064B187838B167
:10B010000548FDF72FFB4FF47A73B0FBF3F0C0B295
:10B0200008BD00BF4D950020D86900202DE9F043F0
:10B030008BB00746154698460E469DF8489049B98C
:10B04000104605AC21F0ECFA21460BF0A5FB1728C1
:10B0500018BF2646B9F1000F0AD1124B1B781BB955
:10B0600028461CF00BFED0B92846FDF7D5FD02E0BE
:10B0700028461CF003FE80F00104E4B29DF8503035
:10B080002A4602939DF84C303146CDE9009338466C
:10B09000434603941BF08AFC0BB0BDE8F0834C469A
:10B0A000ECE700BF549500202DE9F04F97B099468A
:10B0B0009DF88830BDF880B0219D08939DF88C30B4
:10B0C0000E4658460FA9049207931BF09CF805B34F
:10B0D000002800F0208195F801A00FACCAF3400AC7
:10B0E0008E4B19F0800F1B7814BF4F4649F0800734
:10B0F000022B17D04FF6FF78002D40F087810225F4
:10B1000058461AF0D4FC2B46424621461BF010FA52
:10B11000BCE058461AF04CFD0446002800F0FB80C5
:10B12000AA46DDE71EB97E4B1B78002BE2D00DF15D
:10B130003A012046FDF7BAFF58461AF04CFD0128A7
:10B1400038BF0120C3B2059395B3281D21F05BFDE4
:10B15000804609F00203204606931AF040FF21467C
:10B1600009908146002021F02BFA069A099B12BB18
:10B17000FF2820D1EFF7A2FF6A4A1278824200F03E
:10B1800032814FF6FF72099B934214D1FDF7E8FC20
:10B19000002800F028814FF6F773984523D91BF05B
:10B1A0005AFE11A98146FDF7A7FF0028F7D02EE02F
:10B1B000BDF83A80CDE74FF6F772904520D893421C
:10B1C00011D898450FD0194622460AA821F0C4F993
:10B1D0000A980B9913AB03C3BDF83020022113A8C2
:10B1E0001A80FDF7FBFD404611A9FDF785FF0246D9
:10B1F00028B9082111A81AF0ABFE002866D0C14674
:10B200004FF6F67209F1FF339BB29342C7D8BAF1F9
:10B21000000F03D1444B1B78002B60D158461AF025
:10B2200046FC059B4A4601930123214600933B4679
:10B23000FDF7A6FD4FF6FF739842804600F0D380DD
:10B24000014600220AA821F087F90A980B9913AB4E
:10B2500003C3BDF83020022113A81A80FDF7BEFDFC
:10B26000002D3FF44DAF002E40F0D2804546012323
:10B27000C7F3C0074246CDE9016321462B46049837
:10B280000397CDF800A01BF091FBA846BAF1000F80
:10B290000FD04FF6FF7398450BD0404621F0C0F910
:10B2A000FF281FBF214A32F8103023F4804322F8D0
:10B2B0001030089B7BB31AF0B6FE249B0146009326
:10B2C0004246234607980CF0D9FA24E0082220468B
:10B2D00011A919F082FC00287FF461AF8FE7002DDF
:10B2E00064D0134B1B68980727D5049B0F2B21D0E4
:10B2F000281D21F088FC02230121CDE90131002322
:10B30000C7F3C0070246009321464FF6FF73049827
:10B3100003971BF04BFB17B0BDE8F08F589500204A
:10B320004D9500205195002054950020F48D00206B
:10B330002C6A0020079B012BDAD1281D21F063FC29
:10B34000804621F06DF90990404622F0ABFA4FF6A5
:10B35000FF71BDF83A208A4256D04245099B53D12D
:10B36000FF2B4AD018461CF09FFC784010F0EF0FDE
:10B3700014BF01230023BDF83A00099321F050F9CE
:10B380000690BDF83A0022F08DFA099B66B14FF69F
:10B39000FF7CBDF83A10614506D0414504D0069ABD
:10B3A0000240D2B2FF2AA3D1002BA1D122464946A6
:10B3B0000AA821F0D1F80A980B9913AB03C3BDF882
:10B3C000302058461A801AF072FB3A460146059B17
:10B3D00013A8FDF79FFC30B94FF6FF73BDF85480FA
:10B3E00098457FF43DAF4FF6FF789DB10126281DAB
:10B3F00021F009FC4546804639E7FF2804D0069B2A
:10B40000B3FA83F35B09B6E70023B4E70226EEE75D
:10B410000026ECE7012573E60022014B1A767047FF
:10B42000A085002008B50B4B1B78022B10D10A4BCE
:10B430001B78033B012B0BD9084B187800F0010057
:10B44000FEF77EF80023064AC2E90133538008BDA7
:10B450000020F3E758950020599500204D950020D5
:10B46000A085002038B5174D2B78033B012B1CD845
:10B47000154BB3F868204FF6FF739A4215D103209D
:10B48000FDF70EFA02F002FBFFF7CCFF2B78033B2F
:10B49000012B01D908F016FF002020F099FD78B1AA
:10B4A000BDE8384000201AF033BCFDF7E3F904464C
:10B4B000FDF7DAF90146204608F08EF90220DFE7B1
:10B4C00038BD00BF59950020AC84002008B5114A52
:10B4D000114B58611378032B1BD0D3B1332B01D000
:10B4E000432B10D10D4B1B78033B012B05D80323B5
:10B4F0001370BDE80840F0F7DDBFF0F7DBFFBDE8F3
:10B500000840FFF7AFBF21231370BDE8084002F0E9
:10B51000D1B808BD58950020A0850020599500207D
:10B5200038B504461348FDF7B9F8134B1B78013BB7
:10B53000012B1DD8114D5CB92B7823B140F6194071
:10B540002C70F0F7B7FF0024FFF76CFF204638BDE2
:10B55000FF2C05D04FF47A710648614320F02CFF90
:10B560002B78002BEFD1012340F618402B70E8E731
:10B570000224E9E7D8690020599500204D95002064
:10B5800038B5114D04462B78834218BF28700FF050
:10B5900045FA80B124B920460FF03AFA02220DE0B4
:10B5A00001200FF035FA2B781A1F012A05D9062B36
:10B5B000F4D1032202E0002CF5D10122BDE838408D
:10B5C000002108461BF008B95995002030B5044603
:10B5D00085B068460D461BF0E3F994B1002128467A
:10B5E000144A1BF0F9FA144B20681B7861688DF837
:10B5F0000430124B1B788DF8053002AB03C306F004
:10B6000001F90F4B93F8582093F85A308DF8032026
:10B610008DF802301AF024FDADF800001AF003FD99
:10B620001023ADF80600072269460020FDF7B0F8A8
:10B6300005B030BD00F8FF0793A100205995002008
:10B64000AC84002010B5144B04461A78134B00202C
:10B6500083F8582020F0BCFC10B100201AF058FBF1
:10B6600000210846FFF7B2FF0D4B1B78033B012B6F
:10B670000ED817F090FC2046FCF760FB40F6174010
:10B68000F0F718FF0023074A1380074A138010BD04
:10B690000BF006FAEFE700BF83960020AC84002091
:10B6A000599500200A8E0020088E002010B5014612
:10B6B00004460020FBF72EFD90B10C4B1B78023B9B
:10B6C000032B0FD80A4B1C7021F05AF860B9094AB5
:10B6D0000949FCF7A9F8003818BF0120800010BD07
:10B6E0005520FCE70220FAE74D20F8E758950020A6
:10B6F000839600202DEC020845B60208F8B50646F0
:10B7000021F03EF8044668B920F062FC50B1064DC5
:10B71000204695F8587085F858601AF0F9FA10B17B
:10B7200085F858704D20F8BDAC8400202DE9F0411B
:10B7300080461846033B012B0E46174602D918B126
:10B7400021243CE0FFF71CFF294B1B78012B4CD038
:10B75000284B1D78022D08D0032D46D1B8F1000FDB
:10B7600003D1254B1B689B073FD43320FDF798F886
:10B7700001F040FCB6F1006F34BF204B052231468A
:10B780004FF0060038BF1A78FEF788FA044628BB47
:10B790001B4D2873012000F0C3FE1AF061FC688085
:10B7A0002846B8F1000F0DD0022300F8043B1BF02F
:10B7B0008FF96C732F613946304616F037FC2046FE
:10B7C000BDE8F081012300F8043B1BF081F96C73A4
:10B7D0002F613946304616F028FCF0E72846FDF781
:10B7E0005FF8B8F1000FF4D0E5E70224E7E700BF07
:10B7F00059950020589500202C6A0020C3A10020F4
:10B80000A0850020034B187818B9034B034A1B7816
:10B81000D05C70475795002059950020EA7A0508BA
:10B8200038B5174B04461B78033B012B06D8437BE6
:10B83000DB0703D590F9090017F0ACFB0025114B8D
:10B8400083F859502079FFF759FFFFF7DBFF618834
:10B850002488034622462846FDF78CFE044620B184
:10B860001720FFF733FE204638BD1723064DC821A9
:10B8700006486B6120F0A0FD03232B76F3E700BFA1
:10B8800059950020AC840020A0850020249F002032
:10B89000F0B51A4D06460C4693B0A5F8680005F1C0
:10B8A0006A0729BBC5F86A10796016F0B1FB6A46D1
:10B8B00001460020FBF75AFFD5F86A30ADF810605A
:10B8C000CDF812307B68CDF8163016F0A1FB6A4631
:10B8D00001460020FCF7FAF94FF6FF73B5F868004F
:10B8E000984203D014B1064916F0A3FB13B0F0BD83
:10B8F0000822384619F081F9D7E700BFAC84002050
:10B90000168500202DE9F041DFF8B8801F4698F831
:10B91000003005460C4616461BB102252846BDE8F8
:10B92000F081531E052BF8D820F02AFF0028F4D10F
:10B930003B7B032B14D14FF6FE739C4212D1012E98
:10B9400009D0022EE9D11AF06EFB4FF6FB73984234
:10B9500003D81AF068FB044604E01BF07CFAFAE70F
:10B96000012EDAD0EDB939462046FFF78BFA0546AD
:10B970000028D3D198F80030332B03D0532B1CBFB1
:10B980000E4B18613046FFF7FBFD00214FF6FF70AC
:10B99000FFF77EFF0A4B1B78002BBFD00BF054F84B
:10B9A000BCE7397B721ECB1E59425941504250416F
:10B9B00006F0B2FF05460028D5D0AFE7A0850020ED
:10B9C000C4A10020589500202DE9F843054688467B
:10B9D00091461AF028FB344E04463378033B012B82
:10B9E00006D86B7BDB0703D595F9090017F0D2FA6F
:10B9F0002879FFF783FE00216888FFF749FFFDF7EC
:10BA000025F82A4F60B14FF6F672631E9BB293423F
:10BA100006D91BF020FAB7F8683004468342F8D004
:10BA200020461AF00CFB28881AF026FB4946B7F886
:10BA30006800C047044628B91920FFF747FD1920C0
:10BA4000BDE8F883B7F868101AF070F80023184DB5
:10BA500087F859302B7803F0FB03022B02D02046E5
:10BA60001AF08EFF002220461146FFF729F90446FE
:10BA7000A8B117236B613378042B09D1C8210D4875
:10BA800020F09AFC03232B7684F00100C0B2D7E7A4
:10BA90004FF41671074820F08FFC0023F3E71720BE
:10BAA000FFF714FDF0E700BF59950020AC8400209B
:10BAB000A0850020249F0020F0B50C461E460B46B2
:10BAC0002049074689B004F1140053F8045B83420F
:10BAD00041F8045BF9D11B8802AD0B80D4F80E004D
:10BAE000D4F81210238803C5ADF8103023798DF8EF
:10BAF00012208DF8133000233A468DF814304FF69B
:10BB0000FE71012002ABFFF7FDFEC8B902A8FFF7E6
:10BB1000F5F9237B4BB10C4D0C4B01AA29460120B2
:10BB2000019317F017FA2A781AB92046FFF778FE22
:10BB300003E020460199FFF747FF08B9044B1E7048
:10BB400009B0F0BD3C8E0020A0850020E76A040803
:10BB50008496002001232DE9F341304E05460F461F
:10BB600000202F491446737300F0A8FC0FF024F84E
:10BB7000DFF8AC8038B9012D01D9042D0FD1214651
:10BB80003846F0F77BF9102000210AF0B5FA0028BA
:10BB90003CD0002002B0BDE8F041FBF7F1BD002C25
:10BBA000F1D1204B1B78212B03D0062B01D0532B36
:10BBB00002D101F07FFDE6E7FCF748FF0028E2D064
:10BBC00000F0A8FC28B9307BC0F11800FFF77EFC1C
:10BBD000D9E7154B41462046019300F06FFC20B198
:10BBE0004FF4006111481DF069FA01AA0B4998F859
:10BBF0000C0017F0AFF932781AB90948FFF710FEB8
:10BC0000C1E701990648FFF7DFFEBCE7FFF7CEF872
:10BC10000028BED102B0BDE8F08100BFA0850020A1
:10BC20003C8E002058950020E76A0408027A050837
:10BC30001FB5144B04461B88DB0707D44FF6FF7073
:10BC40000021FFF725FE002004B010BD0A230120CB
:10BC50001A4601A9FCF79CFD4FF6FF73BDF80C20B6
:10BC60009A42EBD00822FF2101A81AF071F90028AE
:10BC7000E4D10CB90120E7E7BDF80C0001A9FFF7FA
:10BC800007FEF7E7548E002038B50C4615461AF02B
:10BC9000D6F903F0E5FD29462046FFF7F9FD00F04F
:10BCA00039FC48B1074BDB790E2B28BF0E2301333B
:10BCB000DBB2054A137038BD044B1B78013B18BF3B
:10BCC0000123F6E73C8E00209A960020599500202B
:10BCD00038B50022082104461AF03AF90546C8B9D9
:10BCE0001AF0A1F92A464FF6FF71FFF7CDFF204663
:10BCF000217CFFF76BFC6269E189207C1AF06CFF04
:10BD0000054B1B78012B01D106F070FFFFF7AAFB52
:10BD1000002038BD0120FCE75995002038B51D46AC
:10BD2000FFF7F0FD0446C8B92B7B2846032B03D14F
:10BD3000BDE83840FFF7CCBFFFF7E0F8084B2546D9
:10BD40009C811AF03CF90121064B81401A780620AB
:10BD5000FDF7A4FF044608B1034B1D70204638BD13
:10BD6000A0850020C3A100205895002030B50120F7
:10BD700087B0FFF75DFF6B460446144A10685168B0
:10BD800003C384B905F04CFD02A81AF009FE4FF672
:10BD9000FF752246BDF80E002946FFF775FF0DF02E
:10BDA000DFFF07B030BD6B46094AD2F86A00D2F80F
:10BDB0006E10B2F8685003C305F032FD02A81AF005
:10BDC000EFFD6A46BDF80E00E6E700BFFDFF040880
:10BDD000AC84002073B53A4B04461B781BB1022497
:10BDE000204602B070BD20F0CBFC0028F7D100F057
:10BDF000A1FB14B12288334B1A8000210DF10700FA
:10BE0000FCF7D2FD002856D11AF053FE0446002854
:10BE1000E6D12D4D9DF80700FFF7B2FB2B785A1E97
:10BE2000012A1FD8FFF7A2FF2B78033B012B01D873
:10BE300001F0A2F8FFF716FB01201AF087F803467D
:10BE400000283AD12A78033A012AC9D81D4A108815
:10BE500010F0020521D0052201201C49FFF766FCE5
:10BE60000446BDE7033B012B04D82046FFF7E0FE64
:10BE70000028D7D12B78053B012BB1D8FFF776FFEF
:10BE8000FFF7F0FA2B78052B0CBF04200520FCF7F8
:10BE900007FD01201AF05AF8E2E70D4E02230B22AB
:10BEA00031460120FCF774FC33885B0798D528469F
:10BEB00001F076F894E7172492E7044690E700BF74
:10BEC00058950020548E00205995002000F8FF0757
:10BED000068E00207FB50024184E194D3278E3B24B
:10BEE0009A4201D804B070BD4FF6FF73B5F86820D0
:10BEF0009A421AD0134B1B88DB0714D5124AB5F8A7
:10BF0000683010685168ADF80C3001AB03C30A23E8
:10BF100000201A4601A9FCF73BFC02230B2200205B
:10BF20000A49FCF735FC0134D8E70022082106480D
:10BF30001AF00EF80028F6D1DCE700BFA0A100201F
:10BF4000AC840020548E002016850020068E002030
:10BF500010B501F04FF801F065FFD8B10E48FCF7BD
:10BF60009DFB0E480E4C017A0E30FFF72FFB237815
:10BF70001BB100F081FA002323700022094B1A73D1
:10BF8000FFF770FA08F05EFB01F0BEF8BDE8104064
:10BF9000FFF7A0BF10BD00BF249F00203C8E0020F3
:10BFA00084960020A085002010B51B48FCF776FB86
:10BFB00001F038FF30B1194B1B781BB9BDE81040B8
:10BFC000FFF7C6BF01F02EFF78B1154C237E83B179
:10BFD000C821114820F0F0F90021237E0846013BDA
:10BFE0002376BDE81040FBF735BCFCF72FFD002899
:10BFF000EBD1FCF72BFD38B90A4B1B78112B03D082
:10C0000003F0FD03412B05D1BDE81040044B5869F6
:10C01000FFF75CBA10BD00BF249F0020549500209C
:10C02000A0850020589500202DE9F04F0F4685B0DF
:10C0300002AD04462946384691461AF0E4F84FF01E
:10C04000000B82463846CDF804B019F038FE467829
:10C05000022C804606F0020609D85CB1FCF7F6FC1B
:10C060000446002848D1754B01241B7865E0043C48
:10C07000022C3AD9FCF7EAFC384619F099FD002465
:10C080000546A046DFF8D8A1384619F018FE50F84A
:10C0900009300DF10500019320F0B5FD9DF807B0C2
:10C0A0000746B8F1000F4DD1BBF1000F5BD0DFF8B0
:10C0B0008C9199F800300BB1002E63D0002C61D028
:10C0C0005F4B1B78022B5DD1BBF1000F53D138467B
:10C0D00019F0B5FF58465946FFF778FA08F0B2FA5A
:10C0E00040F60740F0F7E6F934E01AF097FCFCF769
:10C0F000ADFC0446F8B15C464EB1524B1B78012BA7
:10C1000002D0043B012B0BD805B0BDE8F08F4B4BA0
:10C110001B782BB14B4B1B7803F0FB03022BF3D0A6
:10C12000BAF1000F404608BF00251AF05FF84FF043
:10C1300001088246A8E7414B1B78002BF0D0002E67
:10C14000EED1E1E7BAF1000FAED05046FDF75EF850
:10C150000028A9D100201FF03BFF0028D4D00020E8
:10C1600019F0D6FDD0E74FF6F7739F429FD91720FD
:10C17000FFF7ACF9EEE7FCF769FC48B13248FCF791
:10C180008DFAF4E7FCF762FC10B1BBF1000FF5D1BA
:10C19000FCF75CFC0028DDD02846FDF7C7FFFF2830
:10C1A000DFF89CA0294C03D09AF80030012B04D171
:10C1B0002946B4F86800FEF725F9FEF7E1F92A46AA
:10C1C0003846B4F86810FFF75FFD214B214A93F918
:10C1D00006301B0213809AF80030012B19D0312B46
:10C1E00014BF432311238AF800301B4B16481968EB
:10C1F00020F0E2F800F0C0FE0023124C99F8001085
:10C20000237641B9104820F0D7F840F61B4363610C
:10C21000A0E71123E7E7B8F1000F03D016B1FFF74D
:10C2200097FEF2E70D4B1B78042BEED10521064853
:10C2300020F0C2F809232376E7E700BF54950020D9
:10C2400058950020A0850020249F0020AC84002069
:10C250003C8E0020528E0020449F002059950020E3
:10C26000709600202DE9F043084693B00D4619F072
:10C2700026FD0922002180461FF0F2FE04462846D2
:10C2800019F096FC052207460DF1090328460AA974
:10C2900016F05EFA022881461CD09DF80930294626
:10C2A0001C44E4B204F1100200230120D2B218F8B9
:10C2B000046013F053F868B1072E09D856B1013E57
:10C2C000062E07D8DFE806F00918068A0625410081
:10C2D0007C2E45D013B0BDE8F0835B4B1B78013B4F
:10C2E000012BF7D8284619F0E2FB00232A4619460D
:10C2F00000941AF097FBEDE7544B1B78012BE9D122
:10C30000534B18780028E5D122462946FFF78CFECA
:10C31000E0E74D4B1B78013B012BDBD8384609F099
:10C3200039FE4FF6FF739842044606D0284619F0AE
:10C33000BEFB224639461AF0EAF8444B1B78022B22
:10C34000C8D13846EFF782FDC4E73F4B1B78013B6D
:10C35000012BBFD8494628460AAA00F0FDF8B9E7E4
:10C36000394B1B78013B012BB4D8A04498F801202D
:10C3700098F80230652AADD16D2BABD128461FF05D
:10C380004BFF1334E4B28442A4D20822394603A8F6
:10C3900018F033FC214628460DF10A0219F07EFE02
:10C3A000002897D1BDF80A30002B93D005A809F0DA
:10C3B0000FF90123274DBDF80A002B701FF02CFF49
:10C3C0000446BDF80A001FF00BFFE2B2034605A9C0
:10C3D00003A8EFF7FDF800232B707BE71A4B1B78BF
:10C3E000013B012B3FF676AF0622002140461FF0AD
:10C3F00037FE404420F007FC0746FCF77FFB04466D
:10C4000000287FF467AF284619F04CFBC3047FF582
:10C4100061AF46F204030121ADF81430384602231F
:10C42000CDE9004405AA19F088FE064600283FF42D
:10C4300051AF394619F07AFB284619F038FB2246ED
:10C440003146FDF7B9F845E7599500205895002089
:10C45000A0850020B5960020014B1878704700BFDA
:10C460004B95002008B5FCF719F90022014B1A7012
:10C4700008BD00BF4B95002010B50024044B0548B3
:10C480001C80054B1C70FCF709F9204610BD00BF4D
:10C49000568E0020489F00208E96002008B5034845
:10C4A000FCF7FCF8BDE80840FFF7E6BF489F002016
:10C4B0000148FBF703BE00BF568E0020F7B5134BB3
:10C4C00004461B780E46EBB183421DD9002110486B
:10C4D00021F06FF9002501460D4F09B9012009E04F
:10C4E000A54209D10024162322463046009421F0AB
:10C4F000FDF9204603B0F0BD384621F07EF9013544
:10C500000146EAE71820F5E72720F3E78E9600209A
:10C51000568E0020014B1878704700BF8E96002081
:10C5200025289DBF024B187000202120704700BFB6
:10C53000C6A10020012307B518460D220DF1070101
:10C54000FCF726F99DF80720024B1A7003B05DF83E
:10C5500004FB00BF5AA10020F8B507460E4614465A
:10C5600019F026FB1A4B05461B78022B2FD11948D0
:10C5700021F04DF958BB284616F006F938B322468B
:10C580003146384616F0FCF808B315F043FD044672
:10C59000384619F08CFA104B012E1A784FF00F0321
:10C5A00003FA02F39BB2B4FBF3F203FB124404F16F
:10C5B0000104A1B206D1094B094A1E702B68136011
:10C5C0006B6853600348BDE8F8401FF0F5BEF8BD46
:10C5D00058950020F8690020C5A100208D96002004
:10C5E0008596002084B010B502AC84E80F000822C4
:10C5F00027480DF11601089C18F0EFFA08BB9DF8CA
:10C6000015309A0705D4234B1B7803F0FD03312B1B
:10C610001DD121496378097803F00F028A4203D0C3
:10C62000012922D1022A12D1227882B91B09022BB8
:10C630000DD11A4BA0781B78022B1AD1C0F38000C1
:10C6400006E000220821124819F082FC20B90020DF
:10C65000BDE8104004B07047114BBDF808205B885E
:10C660009A42CCD0002BCAD0F1E70229EFD1012A9F
:10C67000D9E7030609D40B4BB3F86820BDF80A309C
:10C680009A42E4D1FEF79AFCE2E70120E0E700BF1E
:10C69000A48500205895002093A1002059950020E2
:10C6A000A0850020AC840020284BF0B55D880023D5
:10C6B00087B08DF80830264B0DF10B001B7805F084
:10C6C000010743F020038DF809301AF001FA6FF0EA
:10C6D0007F43ADF813308DF815301AF072FA1D4B08
:10C6E0008DF816001B7805F01006DB00DCB2EEF7C3
:10C6F000E5FC194B1B7883422CBF44F0040344F043
:10C7000084032FB1A9061ED426B143F0020301E031
:10C71000AA07F9D4002108468DF80A301FF0D4FD8D
:10C72000ADF8060058B101230F2202A90DF1060051
:10C73000FBF708FF18B90DF1060016F008FCBDF86C
:10C74000060007B0F0BD43F00103DDE75AA1002069
:10C7500093A100209A9600205195002010B5FBF778
:10C760009DFF0A4B1B78022B0CD1094B1B78033B16
:10C77000012B07D9074C207828B1002016F007F8C4
:10C780000023237010BD19F098FEF9E7589500209A
:10C79000599500208D96002084B02DE9F04788B08F
:10C7A00010AC84E80F00DFF824A1454BBAF8022052
:10C7B0009DF8459012F0010E9DF94A409DF85D806C
:10C7C0009DF95E109DF860509DF962609DF946C02C
:10C7D0009DF848701B7834D09DF86500C0F3400286
:10C7E000C0F38000002B48D0364B1B78022B09D1B8
:10C7F000B44242DB23D1E81BC0B280288CBF0020AA
:10C80000012015E0304B1B78012B00D1BAB178B173
:10C810009AF800301E335BB29942D4BF0021012147
:10C820009C45D4BF002301238B4206D1B442E1DAF8
:10C8300008B0BDE8F04704B070470846F8E70020AC
:10C84000F6E7920718D5C3B1760814BF012000207F
:10C85000640814BF012300238342E9D1EB1BDBB240
:10C86000802B0AD9BD42EAD18C4506DB25D1C145D2
:10C870002CBF00200120DBE70BB90120D8E7BD4227
:10C8800004D18C45F9DB01D1C145F6D302AC16AE1B
:10C890000FCE0FC496E8030044F8040B2180DDE9B5
:10C8A000140110AB0090ADF804100FCB16F049FB4B
:10C8B0000028E2D1BD429ED1BAE77046B8E700BF7A
:10C8C0008E96002059950020589500205AA10020EE
:10C8D00084B02DE9F04F8FB06A4E18AC08AD84E8F3
:10C8E0000F0016220021284618F0A1F933783BB931
:10C8F0000024654B32781B789A4239D2002726E013
:10C900000021624820F055FF00270446B846DFF8B2
:10C910007C91002C45D13FB1224639465B4819F045
:10C920007EFA3378013B33703378002BE0D000215E
:10C9300056484FF0000920F03CFF4F468046CA465B
:10C94000DFF848B1B8F1000F6CD1002FD1D016211B
:10C95000002218A819F0E9F9014648B1002F00F0AB
:10C960008B802246494819F000FA3378013333703E
:10C97000454B32781B789A4207D9444800220188F7
:10C9800019F04DFA3378013B33703378012B03D122
:10C990003F4940481FF010FD0FB0BDE8F04F04B014
:10C9A00070470022214616232846CDF8008020F04B
:10C9B0009DFF1622294618A818F00FF90028EBD081
:10C9C0009DF864209DF824309A4225D1BDF860205E
:10C9D000BDF820309A421FD108220DF12E010DF131
:10C9E0006E0018F0FAF8B8B902AF0DF1600CBCE8AF
:10C9F0000F000FC79CE8030047F8040B39800EAB0B
:10CA000013E903000090ADF8041095E80F00FFF75C
:10CA1000C3FE0028C0D027462146484620F0EDFE40
:10CA2000044676E71623002241462846CDF800A0AA
:10CA300020F05CFF02AF0DF1600CBCE80F000FC7E7
:10CA40009CE8030047F8040B39800EAB13E90300A0
:10CA50000090ADF8041095E80F00FFF79DFE074623
:10CA600020B1B9F1000F04BF444681464146584603
:10CA700020F0C3FE804665E73A46044820F09FFE5A
:10CA800073E700BF8E960020C6A10020568E0020BE
:10CA900020BF0200489F00202DE9F04F00210446EE
:10CAA0009FB00DF14008162240460E91CDE90C11C1
:10CAB000CDF83B1018F0BBF8052220460DF11F03FE
:10CAC00016A915F045FE0228074600F0F68020461C
:10CAD00019F0F5F8064620F096F88146F01C20F093
:10CAE00092F8ADF84000701D20F08DF8012FADF8E0
:10CAF0004200204640F0E48019F0E1F80546204667
:10CB00001FF06EFB0D352D1A434621460820EAB270
:10CB100012F024FC002800F0D080204619F0D4F850
:10CB2000012F83469DF84D3040F0E38000252F46CD
:10CB300043F001038DF84D3016AE3388022B4DD1F2
:10CB4000F178204602310BF0A9FE1B2846D1F1787E
:10CB5000204603310BF0A2FE19283FD1F178204680
:10CB600004310BF09BFE4A2838D14FF0050AF178CA
:10CB70002046013151440BF091FEF178059051446B
:10CB800020460BF08BFE059B00EB032083B200F0E8
:10CB90003F02932B059240F09B800023F7782146BB
:10CBA00002375744FFB23A4600930CA80F2320F0F7
:10CBB0009DFE07F10F0120461BF0AFFB07F11101AD
:10CBC000054620461BF0A9FBADF84200059B023349
:10CBD00053445FFA83FA33795345C8D806360DF1CA
:10CBE0007603B342A9D19DF84D20C5F3C03363F35A
:10CBF000410220468DF84D2018F0F8FF8DF84400D2
:10CC0000204618F0E8FF8DF84500204618F0E8FFB0
:10CC10009DF83230BBF1190FC3F3C3028DF84720E2
:10CC2000DDF833208DF84600CDF84E20DDF83720B2
:10CC3000CDF8522094BF00229DF83E208DF8482068
:10CC400003F003028DF84A206E4A1278022A9DF8FA
:10CC50004D200CBFC3F38003DB0963F382026A4BF0
:10CC60008DF84D201B78022B57D1BDF8406019F08C
:10CC7000F7F9864251D108A819F02AFFBBF1190F24
:10CC800048D908220DF14E0108A817F0A6FF002888
:10CC90003DD1B9F5004F02D0B9F5624F0DD140F644
:10CCA000FF7325F440459D4207D1002208210DF174
:10CCB0004E0019F04DF900283FD01FB0BDE8F08FAD
:10CCC00018F0FDFF054620461FF08AFA07351AE7DF
:10CCD000412B7FF47BAFF1782046023151440BF0B9
:10CCE000DDFD4A4B1B78C3F1B30318448DF84900AE
:10CCF0006CE76FF30003F01D8DF84D301FF083FFDC
:10CD00000CA90546204619F002FF0B276BE700F03F
:10CD100071FFBEE700F06EFFCFE7B9F5004F02D01C
:10CD2000B9F5624FC9D140F6FF7325F440459D42E5
:10CD3000C3D1BBF1190FC0D9B7E7BBF11A0F06D0A9
:10CD400007F11F0142462046C9B216F002F9304CE5
:10CD5000304D637BDBB12B78012B1DD10123237375
:10CD60000CAB029314AC94E803000090ADF80410EF
:10CD700098E80F00FFF736FC90B194E803000090AC
:10CD8000ADF8041098E80F00FFF7A2FD08E0FBF7EC
:10CD90005DFE0028DFD0E1E703F0FD03042BDDD0CA
:10CDA0002B78012B01D0042B87D11B4BDDF84E00D3
:10CDB0001B78DDF852108DF82230BDF84030ADF808
:10CDC00020309DF84D30C3F340038DF823309DF89B
:10CDD000313003F00F038DF82C309DF848308DF87A
:10CDE0002D3009AB03C30D4B1B681BB1414608A88E
:10CDF000984762E79DF946209DF8451008A8EEF790
:10CE0000FBFF5AE759950020589500209596002081
:10CE1000A08500207B96002094960020908500201D
:10CE20002DE9F043424B434C1B7885B0033B012B6B
:10CE300022D81FF0C2FD2378022B31D13E4A14685C
:10CE4000A0422DD03D4910600A68121B10443C4A94
:10CE50000860127872B1013A93403C2253434FF478
:10CE60007A72534398421BD9032005B0BDE8F043C2
:10CE7000FBF716BD0A23F2E71FF09FFD2378022B74
:10CE80000ED12D4A1568A8420AD00027DFF8BC80D1
:10CE90002C4E1060451B98F80030FCB2A34202D81B
:10CEA00005B0BDE8F08356F8243020462B4446F800
:10CEB00024301FF00DFCC3074FF0000910D52046A9
:10CEC00009F0A8F870B156F82430242B08D91022A4
:10CED00000232046CDF8009009F0B6F846F82490DB
:10CEE0000137D8E7184B1B5D13F00F031FBF03F189
:10CEF000FF32022393403C220CBF0A2353434FF4DA
:10CF00007A72534356F824209A42E9D9204609F010
:10CF100011F802A91AF08DFE28B1204609F00AF88E
:10CF200002A915F087F820461AF016FFD8E700BFCF
:10CF30005995002058950020246A0020206A00207E
:10CF40008EA10020BC68002012950020A6A1002020
:10CF5000064B1B88DB0708D50022054B43F8202031
:10CF6000044A135C63F00F0313547047588E00207B
:10CF7000BC6800201295002008B51FF01EFD00229D
:10CF8000024B1860024B1A6008BD00BF246A0020E3
:10CF9000206A0020014B1868704700BF206A0020FB
:10CFA00008B50C48FBF77AFBFBF7CEFC80B10A4BC7
:10CFB0000322B3F86810012015F0E9FF4FF47A71ED
:10CFC000064B04481B885943BDE808401FF0F4B9DC
:10CFD00008BD00BF689F0020AC8400203EA1002057
:10CFE000034B1888C0F30E00003818BF01207047AB
:10CFF000068E002008B5FFF7F3FF30B1002004498A
:10D0000002230B220880FBF7C3FB002008BD00BFF2
:10D01000068E0020024B1888C0F30E00704700BF38
:10D02000068E00200023084A01201370074A084991
:10D030001370084B084A1B7843F004031380022343
:10D040000B22FBF7A5BB00BF919600209096002015
:10D05000068E00208FA10020588E002013B51446A4
:10D060008DF80710CAB9CAB20E2A16D80D4B1B8804
:10D070001341DB0711D51FF0D3FAFF2801460ED06C
:10D080009DF80720084B1A5401231C200DF10702BC
:10D0900011F0B8FF204602B010BD0124FAE70224C7
:10D0A000F8E700BF5EA100201295002030B50121F5
:10D0B00000240B2385B0104D019400918DF80C30A5
:10D0C0008DF80D000323B5F8680003AA8DF80E4013
:10D0D00019F033F868B1B5F8681019F020FE40B1C6
:10D0E0000522064B64211A70054B06481C701FF080
:10D0F00063F905B030BD00BFAC84002090960020DD
:10D1000091960020889F0020064B1B78033B012B43
:10D1100006D8054B1B781BB9044B1878FFF7C6BF20
:10D12000704700BF599500208F9600208EA10020E7
:10D1300010B51548FBF7B2FA144B1978F9B9144A2F
:10D1400013787BB1013B1370124B1B78042B02D177
:10D150000846FAF77FFBBDE810404FF496710A4885
:10D160001FF02AB90C4A128802F00302022A0AD1DF
:10D17000BDE81040032201200849FEF7D7BABDE8F8
:10D180001040FFF7C1BF10BD889F0020919600207E
:10D190009096002059950020068E002000F8FF0789
:10D1A0001FB50C238DF80C300B4B0C461B8801214E
:10D1B00023F004038DF80E3000238DF80D00CDE927
:10D1C00000132046032303AA18F0B7FF10B121462D
:10D1D00019F0A5FD04B010BD588E0020F8B5064624
:10D1E00018F0D0FC0546304618F0CBFF411C044631
:10D1F00089B230460BF052FB02340746A1B23046EA
:10D200000BF04CFB394602462846FFF727FF022861
:10D2100016D02946FFF7C4FF0A4B1B8803F003030F
:10D22000022B0DD128461FF0FBF9FF2808D0002261
:10D23000054B43F82020054A135C63F00F03135499
:10D24000F8BD00BF588E0020BC6800201295002059
:10D25000084B1A785AB10223013A93404EF66022E5
:10D26000534303210448B3FBF1F11FF0A5B842F288
:10D270001073F6E78EA10020889F002070B5054648
:10D280001748FBF70BFA0122164B28461A7018F0C4
:10D2900078FF411C044689B228460BF0FFFAA11C16
:10D2A000064689B228460BF0F9FA0F4C022320807B
:10D2B0000B2221460020FBF76BFA86B9238803F086
:10D2C0000303022B03D1FFF757FEFFF7C1FF2388AB
:10D2D0005B0704D5BDE870400448FFF761BE70BD30
:10D2E000889F002091960020068E0020689F0020D5
:10D2F0002DE9F043204C89B02388002B35D01F4DF9
:10D3000000214FF4807009F05FF92B78DB072AD5F4
:10D31000012120881EF09CFF0646208818F0CFFCD3
:10D3200002301FF070FC05A98046208819F006F82D
:10D330002B78304613F0020F114B40F60247B3F83A
:10D34000009018BF00271EF067FF054630461EF00C
:10D3500047FFEDB20290424606213846CDE90095DE
:10D3600005ABEEF78FFB00232380064809B0BDE82C
:10D37000F043FBF793B900BF608E00209296002027
:10D380005C8E0020A89F00202DE9F047304F80469A
:10D390003D880E4614469946ADB3104618F09DFBE5
:10D3A000B0F5006F2FD1204618F0AAFB82461FF07F
:10D3B00037F9FF2827D02EB1264A32F810302B43F8
:10D3C00022F81030B5F5007F36D0B5F5806F33D038
:10D3D000B5F5807F17D1204B1B88A3421CD14FF697
:10D3E000FF718A450FD0204618F0A0FB284609F0AF
:10D3F00019F950B91948FFF77BFF0023184A138029
:10D40000184A3B801370BDE8F0870220002108F025
:10D4100073FE0028EED1F0E7114D2B88A342F2D124
:10D420004FF6FF718A45EED024B1204618F07EFBFE
:10D4300000232B800023E3E700230A4A3B8013707C
:10D4400031464B4622464046BDE8F04719F0BCB98C
:10D450005A8E0020F48D0020608E0020A89F0020AE
:10D460005E8E00208096002010B504460C48FFF721
:10D470003FFF01214FF4807009F0A6F878B1002237
:10D48000084B1C80084B1A70FCF724F8BDE81040CC
:10D49000064B1880064B024819881EF08DBF10BD40
:10D4A000A89F0020608E0020929600205C8E0020B5
:10D4B00040A10020044A137818B943F00103137007
:10D4C000704743F00303FAE7929600202DE9F04FEE
:10D4D000DFF84C9187B099F80060002E40F08C8006
:10D4E000DFF840B1DFF840A19BF80030F4B2A3426E
:10D4F00007D80022424B1A8007B0BDE8F04FFDF775
:10D500007FBC20463AF8145008F084FD804600287D
:10D5100060D0204608F00EFD15F40071074645D096
:10D5200001464FF6FF720E2019F018FD054600283F
:10D5300050D0394618F0FAFA4FF400730027304EF5
:10D54000204633803AF8142022EA03032AF81430E4
:10D5500010220023009708F077FD2A4B1B88DB0779
:10D5600007D5294B294A43F82470135D63F00F0354
:10D570001355182000216043254B264C0093019140
:10D5800001232A46205CFAF789F9002814BF0123F9
:10D59000002389F8003005D13388B3F5807F01D1AD
:10D5A0001D4B1880404607B0BDE8F08F680513D5C5
:10D5B000059119F050FC01220599034600920720BD
:10D5C0003A46CDE90111FDF731FD4FF48063054680
:10D5D000002DB3D1013687E7104B18880028F9D009
:10D5E000EA05F7D5394618F0A1FA0C4B1D880A4B0D
:10D5F0001D804FF48073EBE74FF00008D2E700BFC7
:10D600005A8E0020588E0020BC6800201295002001
:10D6100089D30208081E00205E8E0020608E002044
:10D6200080960020A6A10020F48D0020042230B5B1
:10D6300001F0400387B0002B054614BF01240024ED
:10D640008DF80C208DF80D1004D004A91AF0F1FA11
:10D6500038B304ABCDE9004301210223284603AAD5
:10D6600018F06BFD0446F0B1104B1B78033B012B07
:10D6700004D80F4BB3F8681018F058FA4FF6F77348
:10D680009D4209D9322202212046FDF719FB80F084
:10D690000100C0B207B030BD2946204619F03FFB5B
:10D6A000F5E70120F6E71920F4E700BF59950020BF
:10D6B000AC84002010B5FFF79DFC04F0E5FE19F0E6
:10D6C0005DF900201AF0B0FA1FF05AF808B119F00D
:10D6D00076F8204C2378532B12D103232370002398
:10D6E000FF2219460120FEF721F800201EF070FCF1
:10D6F00010B1002018F00CFBBDE8104015F04BBC39
:10D70000062B01D0212BF0D1012019F0B8F94FF6EA
:10D71000FE7018F094FC4FF6FF7018F0ADFC00207E
:10D72000FDF7FEFE0020FDF72BFFFDF77BFE00F06E
:10D730005FFB0DF091FB2378212B02D1FDF74EFC0E
:10D74000D3E70020FBF7ACF800214FF400401AF0BB
:10D7500068F8CAE75895002010B50A4C0A48FAF74D
:10D760009DFF2378062B02D1012019F088F9237838
:10D77000062B01D0532B03D1BDE81040FFF79ABF11
:10D7800010BD00BF58950020C89F00202DE9F84F1C
:10D79000DFF8CC8004460E461746FFF72BFC98F8BE
:10D7A000005015B90220BDE8F88F212DFAD0DFF81E
:10D7B000B49099F80030012B01D1A306F2D4274888
:10D7C00020F025F80028EDD114F020043946304629
:10D7D000DFF894B0DFF894A005F00F051BD014F02B
:10D7E00027FC012D8BF80070AAF8006033D12123AB
:10D7F00088F80030FFF75EFF0020D4E7212388F887
:10D800000030FFF757FF00214FF6FE70FEF740F89B
:10D81000FEF760FBF0E714F00AFC012D8BF80070B6
:10D82000AAF80060EAD0062321464FF6FD7088F87A
:10D830000030FFF7FBFE40F6020240F2262199F885
:10D8400000300648033B012B88BF11461EF0B4FD93
:10D85000002CD1D1D7E75323E6E700BFC89F0020B3
:10D8600058950020599500209396002060A1002033
:10D870002DE9FF410F460546511C38460BF00EF8C6
:10D880000446384618F01BFA064602301FF0BBF972
:10D89000424B80461B7804F04002022B02D0043B2E
:10D8A000012B06D83E4B1B68580205D5A10603D4B0
:10D8B00052B304B0BDE8F08132B33A4A1278D11EB7
:10D8C000012917D8384BB3F86830AB42F1D17378DF
:10D8D000180714D5304618F089FCFBF797FC002890
:10D8E000E7D00122294604F0200004B0BDE8F04151
:10D8F000FFF74CBF022ADCD1DF01DAD4E7E718F0EA
:10D9000092FB4045D5D1ECE7264B1B78013B012B20
:10D91000CFD87378D906CCD502A9384618F073FC55
:10D92000002002A91EF04CFEFF2806460BD0A206DE
:10D9300001D419F017F9304608F0FCFA04F0C6FDDE
:10D9400030461AF009FA28461FF0ACFFFF280DD028
:10D95000FCF72EFC14F0200608D118F064FB28B167
:10D9600033460222284602A905F0DCFE18F05BFBD4
:10D9700000289ED1A3069CD402A94FF6FF73022271
:10D98000284611F0ACFC4FF6FF7203460092284681
:10D99000022202A9EEF78AFF8BE700BF589500200C
:10D9A0002C6A002059950020AC84002038B504462C
:10D9B0000D461EF035FEFF28034615D00B4A12789F
:10D9C00042B10B4A32F81020520403D51AF0C4F9C0
:10D9D000002038BD184619F0C5F8204645F0400132
:10D9E000BDE83840FFF722BE0120F2E75495002041
:10D9F000F48D002038B5054618F061F90446284634
:10DA000018F0BFFB411C89B228460AF047FF4206C6
:10DA10000DD563781B070FD5204618F0E7FB0146AC
:10DA200000201EF0CDFDBDE838401AF095B903483E
:10DA3000BDE83840FFF790BE38BD00BFC89F00204A
:10DA400038B54FF6FF75A842044617D018F008FB0A
:10DA5000A04213D04FF6FD72094B198891420DD99F
:10DA6000084A1288AA4201D0A24207D11C804FF472
:10DA70007A71BDE8384004481EF09EBC38BD00BF36
:10DA800048A1002062A10020B869002008B5044820
:10DA9000FAF704FE4FF6FF72024B1A8008BD00BF72
:10DAA000B869002048A10020024A13780BB1013B5D
:10DAB000137070474795002008B518F0DDFA002173
:10DAC0004FF6FF72054B08461A80FDF77FFDBDE853
:10DAD000084040F61640EEF7EDBC00BF48A100201C
:10DAE00008B5FAF7DBFD0A4B1B78023B032B08D87D
:10DAF0004FF6FE73074A108898424FF6FF7301D124
:10DB0000138008BD9842FCD0BDE80840FFF7D4BFA1
:10DB10005895002048A1002010B5084B1B78042B15
:10DB20000AD018F080FA00210446084619F035F8AA
:10DB3000231A5842584110BD0020FCE75995002097
:10DB4000F0B5002689B00546CDE90566ADF81C6044
:10DB500018F017FB0A23024604462946009605A83A
:10DB60001FF0C4FE9DF815309DF814701F2B27D8A8
:10DB700003A818F0ADFF08220DF1160103A817F055
:10DB80002CF80646E0B9092F1CD1FFF7C5FFB8B144
:10DB9000144B1B78A3B1144B1A884FF6FD739A42AD
:10DBA0000ED9124C124A23780433DBB22370127858
:10DBB000013AB3EB820F03DD58B211F0A8FE2670D4
:10DBC00009B0F0BD0A34E4B2214628460AF066FEE8
:10DBD00019F011F8611C28461AF09FFBFFF730FF7F
:10DBE000EEE700BFA8A1002048A100204795002033
:10DBF0008DA1002038B5134B1B78033B012B20D996
:10DC0000114B4FF6FF711B78ABB1104D2B888B4237
:10DC100017D118F025FA4EF6602104460C481EF084
:10DC2000CBFB4FF6FE7322462B800021BDE8384027
:10DC3000092018F0EEBF074A13888B421CBF01333E
:10DC4000138038BD59950020A8A1002048A10020CC
:10DC5000B8690020028E002010B5044661B1FF2192
:10DC600017F0CEFF0021204617F0D0FF17F000FF7D
:10DC70000146204617F0D0FF2146BDE810400022A3
:10DC800001481FF09CBD00BF648E00202DE9F041CB
:10DC90000D461746044618F012F806782846FAF79B
:10DCA0002DFF29468046204617F040FF18F0BBF9AB
:10DCB000A84206D120460121FFF7CEFF0120BDE892
:10DCC000F0812846B8F1000F0AD0FAF7A5FF50B945
:10DCD000144B3A462046BDE8F0411978FCF7F0BFF6
:10DCE00019F0CCFFF3E706F00306012E08D018F078
:10DCF0009AF900232246294602F098FE0028D9D13D
:10DD0000204617F0CFFE430505D52046BDE8F0417B
:10DD1000002118F0D0BC204619F083FFB0FA80F043
:10DD20004009CCE78BA1002010B586B0044618F05E
:10DD300028FA104B0246186819790290D3F80500AA
:10DD40005B7A01328DF8143000238DF80C100490AA
:10DD50002146009392B2052304A81FF0C7FD0522B7
:10DD600004A902A816F039FFB0FA80F0400906B005
:10DD700010BD00BF107A050808B50748FAF78EFCF9
:10DD8000064B1B78033B012B05D8BDE8084000215A
:10DD90000846F9F75FBD08BDE89F002059950020AF
:10DDA00008B5114818F075F8104B1B78012B06D8F0
:10DDB000FF2009F0DDFAFCF741FE08F089FBFCF7D3
:10DDC0005BFA02F04BF9FFF72DF91AF035FD0CF074
:10DDD000D9FAFCF7F3FF0AF003FE0BF007F9BDE8F0
:10DDE000084003F011B900BF748500208CA1002009
:10DDF00008B5EDF7A3FAFF2803D0094B1B78012BD8
:10DE000006D9002009F0B4FAFCF718FE08F060FB10
:10DE1000FCF732FA02F022F9BDE8084003F0F4B84A
:10DE20008CA10020064B1878112806D000F0FD00C8
:10DE3000A0F141035842584170470120704700BF8C
:10DE400058950020014B1880704700BF628E00205B
:10DE50002DE9F0410446FCF799FD18B10026304643
:10DE6000BDE8F0811D4B1B78033B012B09D81C4BEF
:10DE7000B3F868104FF6FF739942EFD0204617F0C1
:10DE800055FE184B022120461A88FCF719FF06465A
:10DE90000028E3D0204617F012FF90F807800546CF
:10DEA00004301EF0B0FE074618F0BDF841460246A9
:10DEB0003846FCF783FDA81C1EF0A5FE4FF6FF7345
:10DEC000984202D12046FFF7CFFA2B789B07C6D1A4
:10DED00001212046FFF7C0FEC1E700BF5995002091
:10DEE000AC840020628E00202DE9F04F002585B023
:10DEF0000746039517F0E3FE064604301EF083FE46
:10DF00008046B01C1EF07FFE3378044640460093E6
:10DF10001EF086FB82464046FAF7F0FD3378BAF1F0
:10DF2000FF0F0CBF83464FF0010B9A070AD118F080
:10DF30007AF8404514BFD9464FF00109B3791BB9AF
:10DF40000320B8E0A946F9E718F06DF8A04205D122
:10DF500018F069F80446994B1B7836E0984B1B780B
:10DF6000052BF8D0033B012B03D8964BB3F8684040
:10DF7000F1E720461FF0B3FC737840B313F00402BE
:10DF8000DFF838820BD198F800301A442146384621
:10DF9000D2B2FFF77BFE0028D2D000208BE03846BB
:10DFA00018F0B1F80146054638460AF077FC421CE5
:10DFB00052002946384602F0FE0218F070FE7378CF
:10DFC00023F00403737098F800300022DDE75B074C
:10DFD00026D5384618F097F80146064638460AF026
:10DFE0005DFC824606F101091FFA89F94946384667
:10DFF0000AF054FCDFF8C481BAF1000F01D0FF2809
:10E0000005D10022494638460AF05CFCDBE7B11C2A
:10E0100001EB4001C9B238461AF07FF90446D2E755
:10E02000204603AA02A919F075FF0546B9F1000FB1
:10E0300049D0009B03F0C003802B0ED1FF23204664
:10E040008DF809300CF0B6F9FF281BD00DF109024C
:10E050000DF10A010CF0A2FB14E0402B33D19DF826
:10E06000083083B3FF2320468DF809300CF0A2F965
:10E07000FF2807D00DF109020DF10A010CF08EFB0B
:10E080002D281BD13378404603F03F0333701FF037
:10E0900026FC10B917F0C7FF8046424600212046F3
:10E0A00008F02AFD00283FF44BAFC822072138466C
:10E0B0000AF0CEFC012005B0BDE8F08F9DF80930D4
:10E0C000FF2BDFD12546039838B99DF80820002A98
:10E0D00062D13A4B2C461B7857E709F00DF9039AA9
:10E0E000FF280346127908D1CDE900204FF4E071F2
:10E0F00035481AF0E3FFDDE90023B9F1000FE4D061
:10E1000002F03002102A0AD0202ADED1BBF1000F23
:10E1100024D05146184609F0F1FA0028D5D1DFF88D
:10E12000AC9099F80030012B45D0204614F013FF35
:10E1300028B92A4621464046F37919F06EFEA542D9
:10E1400012D1039A137923F00C0313719DF8083050
:10E15000ABB92C46194B1B78302216E7039B1B7971
:10E1600013F00C0FDBD1B0E799F80030022BE8D0A8
:10E17000039A137923F00C0343F00403E5E701212C
:10E18000204618F0B1FB20B920460CF013F9FF2807
:10E190000FD00A4B1B78DFE70121204618F0A4FBC3
:10E1A00000287FF4D8AE20460CF004F9FF287FF455
:10E1B000D2AE02207FE7A542D9E700BF628E0020E1
:10E1C00059950020AC8400201E7B050897960020FE
:10E1D00038B50D4B04461B780D46033B012B0FD978
:10E1E00000F108039BB2012B0CD817F01CFF294645
:10E1F0000246204608F080FC80F00100C0B238BD25
:10E200000120FCE70220FAE7599500202DE9F041B2
:10E21000064610460D4617F0B4FFA0F11004E7B211
:10E2200056FA84F42146EA1B04F10E0016F0E5FCD0
:10E230002823DFF84480F35598F80030637301F029
:10E240001FFF611C0246012014F0A6FE08220949A6
:10E25000601D16F0D2FC98F8000019F050FB05F193
:10E260000E0130463B460022C9B201F0B5FF122034
:10E27000BDE8F08170960020539500202DE9F04F05
:10E2800089B0044617F01BFD0546204617F07AFCBE
:10E290000746281D1EF0B7FC8146A81C1EF0B3FCE3
:10E2A0000390384695F807A01FF019FB2B780490CF
:10E2B000990761D12146042002F094F800285BD030
:10E2C000204617F05EFF014620460AF0E7FA820773
:10E2D00052D1204617F055FF014620460AF0DEFADB
:10E2E00010F00303059347D12046FFF71DFD0028DA
:10E2F00042D0204618F016F8461C20461DF08CFF30
:10E30000F6B206F10A0B834580F29F80504A06ABB5
:10E310001068516803C3711C20460AF0BFFA3146E9
:10E32000804620460AF0BAFA594600EB08282046F3
:10E330000AF0B4FA8346059B2146B21C009306A856
:10E3400008231FF0D3FA1FFA88F8204617F01AFCAA
:10E350005A4641460CF090FD0122404606A901F0C4
:10E3600081FB002871D102200BF0ACFF013003D1FA
:10E37000404606A9EEF73EFD17F055FE48453A46E1
:10E38000514608D118F0DEFA00285ED109B0BDE888
:10E39000F04F01F05DBB484618F0D4FA002854D184
:10E3A0002C4B1B781BB93946484618F092FC3A466C
:10E3B00051464846FCF702FB002846D0297811F068
:10E3C000030102D12046FFF747FCAB79002B3CD07C
:10E3D000214B1B78DA1E012A37D9062B35D06B78F2
:10E3E000DB070DD503982E7A19F030FB10B3F30834
:10E3F00003F01C0326F01F06334343F001032B7286
:10E400004FF6FF71204617F091FB049BDBB913F028
:10E4100001FE00F03F0202212046FCF751FC4FF6BE
:10E42000FF73039A9A4210D1204609B0BDE8F04F1D
:10E43000FFF71AB806F01C031C2BE1D0042B04D9FB
:10E44000043E2E72DCE70022E5E709B0BDE8F08F5C
:10E45000FDFF04084F950020599500202DE9F04359
:10E4600085B004460E46174617F026FB0C282046BA
:10E470007BD117F024FC092200211DF0F1FD00F1F1
:10E480001005EDB2294620460AF008FA042853D0B8
:10E4900006D8012815D0022822D005B0BDE8F083A7
:10E4A0007C28FAD120461DF0B7FE054620461DF017
:10E4B00097FE02463046E9B205B0BDE8F043EDF7FD
:10E4C00069B846B91321204619F027FF05B0BDE809
:10E4D000F04317F0D1BD05B0BDE8F043FCF79CBF99
:10E4E0009D4B1B78013B012BD7D82046E91C0AF035
:10E4F000D5F9074686B978B9691C204619F00DFF91
:10E500000546214619F0E9F93A462946102005B09A
:10E51000BDE8F0431EF040BB00250823214615222C
:10E5200000950DEB03001FF0E1F9284602A91EF04B
:10E5300047F819F011FCB0E7884B1B78022BACD1DF
:10E5400046B9FEF767FDC2070AD5FEF715FD002F95
:10E5500008BF3F26304605B0BDE8F043EDF78AB866
:10E56000FEF73EFD0028F0D0F1E717F0A8FB80464B
:10E5700004301EF048FB074608F102001EF043FB82
:10E580004FF6F773984205460CD8754A1388013345
:10E590009BB213800BB9734A13801EB1714A138862
:10E5A0000133138098F8009009F00309B9F1010FC5
:10E5B00040F08380204617F0E4FD014620460AF033
:10E5C0006DF9043809283FF668AF01A353F820F02D
:10E5D000F9E502089BE402089BE402081DE6020834
:10E5E0009BE402089BE402089BE4020805E602089B
:10E5F0009BE4020805E60208204605B0BDE8F043AA
:10E60000FFF7F8B9544B1B78042B7FF446AF002179
:10E61000084605B0BDE8F043F9F71CB94E4B1B782E
:10E62000013B012B3FF639AF404617F0DFFD0027D5
:10E630004D4B01465B898DF80A70ADF80830002813
:10E640003FF42BAF38461DF0BBFF0546204617F0C0
:10E6500098FD421C03232146009792B202A81FF0A6
:10E6600045F99DF80A30E6B93C4A1278022A18D1D9
:10E67000BBB9FF2DBDF808400AD03C4A214632F80C
:10E680001530284623F4806322F8153019F044FB36
:10E69000204619F020FC0022214610201EF07CFAB2
:10E6A000FBE6022B3FF4F9AE2BB9304B33F81530B3
:10E6B0005B053FF5F2AE28463BE7B9F1000F7FF46A
:10E6C000ECAE3146204603F0EBFF002E3FF4E5AE02
:10E6D0004FF6F7739D423FF6E0AE98F8016028468A
:10E6E00016F0040620D119F043FC044628467CB1FC
:10E6F00019F0C4FA0346F0B90C22009029463846B6
:10E7000018F041FC0C22002339462846009308E00B
:10E7100019F0B4FA0346B8B9154A009012782946A0
:10E72000384618F030FCB8E619F0A8FA034678B974
:10E730000B220090F3E7062233462946384600961E
:10E7400018F021FC0622DEE7234600940622E6E7C5
:10E750004B46CDF80090F9E75995002058950020D8
:10E760000A8E0020088E0020107A0508F48D002003
:10E77000C8A100202DE9F04F05888BB0044628463B
:10E7800017F09DFA804604301EF03DFA074608F166
:10E7900002001EF038FA05A90190284617F033FD53
:10E7A000284617F0EEFC0146064628460AF076F8A1
:10E7B00098F80030029003F00303012B0CBF82464F
:10E7C0004FF0FF0A1EF0F4F8B4F806B0814617F0D7
:10E7D0002AFC98F8073000903846039301F070F84F
:10E7E000002838D1019801F06BF8002849D1FCF7D6
:10E7F000A9FBA9EB0B0B1FFA8BFB8146FAF726F955
:10E80000002844D1FFF70EFB002840D1A14B1B7814
:10E81000033B012B42D8BAF1060F00F0BE80BAF1DB
:10E82000040F00F0BA80FFF7FDFA20B1029B03F05D
:10E830000303012B32D0FAF787F828B9964B1B78DF
:10E8400003F00F03062B6FD1944B2846B3F86810E2
:10E8500017F06CF922E0284617F031FA02301EF06A
:10E86000D2F94FF6F773984206D9039B23B928468D
:10E87000FFF75AFA0028B5D1A37823F00F03A3704D
:10E8800054E001981FF02BF80028B0D1F4E7A9F16B
:10E8900004095FFA89F9B9F1020FB7D8BAF1010F8B
:10E8A00040F0A280284617F02BF94FF6FF739842EC
:10E8B0006AD100233146284607AA19F06FFA80462C
:10E8C0000028D9D042799DF82530934209D9711D8D
:10E8D000284689B209F0F6FFA37823F00F0302332C
:10E8E000A37013F097FB7E23B0FBF3F202FB13033C
:10E8F00003F58073A3809DF8263013F0180F0BD01A
:10E90000A378190708D1009BBB4205D0384698F878
:10E91000052005A9EDF734F89DF82700003818BF49
:10E9200001200BB0BDE8F08F2823A3800020F8E77A
:10E93000584B1B78033B012B5FD940F6B8339B45FE
:10E940009AD813F067FBFF238DF81330002300F0F3
:10E950003F00C0F5FA70A08007A90DF113008DF8F3
:10E960001C30FCF78FF8054698F80710384617F06A
:10E97000DDFF002D80D09DF81C20013A032A7BD8B2
:10E98000DFE802F0807A697D4FF6F773019A9A42C8
:10E9900024D898F80130DA0720D4284617F0B0F8C8
:10E9A0001EF03AFF012808BF3D4BA27809BF1B7833
:10E9B000FA2303EB830303EB830302BF9B00FA33C9
:10E9C0009BB212097FF458AF5B45FFF455AF13F0CB
:10E9D00021FB00F01F001030A08053E02D4B1B786E
:10E9E000033B012BA9D8D8E74FF6F773019A9A4257
:10E9F0009ED898F80130DB079AD4BAF1020F53D1B0
:10EA00000123314607AA284619F0C8F9074617F02E
:10EA10000AFBBDF82230984236D1002F3FF42CAFCC
:10EA200001227B883146284608F0EAF91D4A13780E
:10EA30000133DBB288F8073013707B88BDF81E20E5
:10EA40009A421FBFA37823F00F030233A3704FF441
:10EA5000C873A38016E0009BBB4213D000283FF48C
:10EA60000BAF426801323FF407AFC2789DF8133014
:10EA70009A42BFF401AF05E0009BBB4202D0A278EE
:10EA80001209EBD101204CE718461EF028FF0028A0
:10EA9000C3D182E75995002058950020AC8400200E
:10EAA0009EA1002056950020BAF1030F7FF475AFA8
:10EAB000009BBB427FF471AF711C284689B209F0FC
:10EAC000EDFE0C287FF469AFFBF7CEFD4FF6FF7328
:10EAD000984201463FF461AF284617F027F85CE7FB
:10EAE0002DE9F3410446008817F0E9F805460430A3
:10EAF0001EF089F80646A81C1EF085F807461DF092
:10EB000057FF05463046B4F8068000F0D9FE0646A9
:10EB100048B9384600F0D4FE58B9194AA37812789B
:10EB2000033A012A0BD8A378002623F00F03A37021
:10EB300021E038461EF0D3FE0028EED1F3E71B0992
:10EB4000F1D1A5EB0805ADB2B5F5C86FEBD80DF165
:10EB50000301384601AA019319F0DCF99DF803502E
:10EB6000014645B94FF6FF73984204D0012620882C
:10EB700016F0DCFFA580304602B0BDE8F08100BF92
:10EB8000599500202DE9F04105460C4616F094FFFA
:10EB9000082802D10120BDE8F081201D1EF033F8C5
:10EBA0000646284694F8078016F0ECFF07462846EC
:10EBB00016F078FF010612D5184B1B78042B0ED1E6
:10EBC000174B1B78022B0AD1164BB3F868204FF66F
:10EBD000FF739A4203D000210846F8F73BFE124B20
:10EBE0001B78002BD6D1A01C1EF00DF84FF6F77342
:10EBF000984202D86378DA070DD523789B070AD1AB
:10EC00003A464146304617F09DFE80F00100C0B202
:10EC100000F00100BFE70120FAE700BF599500208E
:10EC200058950020AC840020999600202DE9F04FE3
:10EC30009BB0044616F040FF0546204616F03CFF08
:10EC4000082853D110220021204618F028F8204629
:10EC50001DF0C6FA054620461DF0DEFAC1B2284670
:10EC600017F03DFDADF84A408DF8490048B92046FF
:10EC70001DF0B6FA01460DF14900FAF741FD8DF895
:10EC800048009DF84930802B06D19DF84830012B73
:10EC900002D820460AF012FD9DF84930402B05D1DC
:10ECA00020460AF00BFD1BB0BDE8F08F802B17D07B
:10ECB00015A806F08DFCBDF84A009DF848509DF857
:10ECC00049601DF0A9FA0446BDF84A001DF088FA13
:10ECD00031460090E3B2284615AAEDF71BFAE2E7A9
:10ECE00012A80CF0C3FA0028E2D0DCE7204616F0A8
:10ECF00036FFB0F5006F40F00081204616F042FF6D
:10ED00000646042D40F0FC80204616F0CBFE80F431
:10ED10000060C0F3C0200022314640001DF03CFFDF
:10ED2000924B1A78022A0DD0FFF77CF850B902F006
:10ED3000FD03312B06D0043A012A03D98C4B1B78F2
:10ED4000002BB0D02146022001F04CFB049000289B
:10ED5000A9D02046ADF83E4016F0B1FF0446BDF8FC
:10ED60003E0016F00FFF0646201D1DF04CFFA31CB1
:10ED70008346184602931DF046FF10A90746BDF8CA
:10ED80003E0017F040FA63780590BDF83E0094F815
:10ED90000080079317F0F5F96378054608F003083B
:10EDA00030460A93F9F7AAFEB8F1010F0CBF03230E
:10EDB00002230C936F4B08BF4FF00B091E80237882
:10EDC00018BF4FF00A0903F03C03082B0B907FF4A7
:10EDD0006AAFBDF83E001DF01FFAA8427FF663AF90
:10EDE000B8F1010F03D0237898077FF45CAF624B32
:10EDF000B3F86830B3420DD1604A614BB2F90010EC
:10EE000093F90030002900F0A08001EB0313A3EB7D
:10EE100021131380A5F11003DBB206938DF83D306A
:10EE200010224846BDF83E100DF13D0310F096FA51
:10EE300000283FF438AF079B13F00203089300F05B
:10EE40000981504B1B78002B3FF42DAFBDF83E904D
:10EE5000484617F096F9002382464846CDE9153317
:10EE60001793ADF8603016F08DFE0AF10E01029096
:10EE700089B2484617F058F9002870D0002352464E
:10EE80004946009315A80E231EF030FD01200DF118
:10EE9000550114F08FF89DF86130099003939DF8A7
:10EEA0005430282B5BD10DF15900FAF7AFF90D90D2
:10EEB000002854D1039818F022FD0D9B002867D13B
:10EEC000314B039A1B78D31A190648D404F078FC06
:10EED00001283CD11DF071FD2C4E0546346824B14B
:10EEE00004F074FC2C1B844239D30023FF22194602
:10EEF0001846FCF71BFC356031E04FF6FD7600E765
:10EF00004FF6FF70301A18BF012000223146400032
:10EF10001DF042FE0C2D0DD12146012001F062FAB8
:10EF200000283FF4C0AE214600201BB0BDE8F04FE2
:10EF3000FDF798B92DB920461BB0BDE8F04FFDF79D
:10EF4000ABBD042D7FF4AFAEEAE61B0261E704F02F
:10EF500037FC022803D104F015FC0028BAD00022A7
:10EF6000192002991DF018FE9DE600BF589500205B
:10EF700099960020808E0020AC840020528E0020C4
:10EF8000959600205495002053950020C4850020BC
:10EF90000122102100924846524618F0E9FA002852
:10EFA000DDD0BD4B039A1B78934240F0A8800299B4
:10EFB0000DF1590212A81DF0CFFA012112A8F9F79C
:10EFC00001FE824648F2030112A8F9F707FFBAF1E1
:10EFD000000F03D0082112A813F0A0FF484617F035
:10EFE000E5F802990DF15900FBF7DEFBFE28824699
:10EFF000B5D0FF280AD102981EF054FCFF288246A3
:10F0000000F085800DF15901FBF748FAA24B039AF5
:10F010001B78934200F0A18050460999FBF7AAFBA8
:10F0200000283FF440AE50460999FBF7B5FB237822
:10F030009A070FD1484617F0A4F80146484609F050
:10F040002DFC00F00300012804D102980DF15901B4
:10F05000EDF7D0FEBDF83E0016F024FD030440F1AC
:10F06000838020461DF0CFFD40F4007189B2204618
:10F070001DF0CBFD00224FF40041BDF83E0016F01C
:10F0800002FDDDF810901022BDF83E100C980DF135
:10F090003D0310F063F900283FF405AE032866D164
:10F0A00020461DF0B0FD40F4007189B220461DF0ED
:10F0B000ACFD30461EF013FC002840F0B780DDF8B0
:10F0C0001090B8F1010F40F0B7800320BDF83E105A
:10F0D00001F088F9002840F0AF802946BDF83E00D5
:10F0E00009F0DCFB0F2801467FF6DDAD4FF6F77324
:10F0F0009F423FF6D8AD304617F035FED3E50120EC
:10F10000039903F087FC00287FF451AF27E72378A9
:10F1100003F00303012B08D1484617F032F80146EB
:10F12000484609F0BBFB082894D05C4B1A785C4B2E
:10F130001B789A4209D20DF159010298FBF762F946
:10F1400002981EF0AFFB824660E7A01C1DF05BFD3D
:10F150004FF6F7739842EED901E75046FBF794FB60
:10F1600000283FF459AF5EE74FF000098BE73046C7
:10F170001EF0B5FB0028A4D0089B002B58D1B9F194
:10F18000000F53D1B8F1010FBDF83E009DD02946C4
:10F1900009F084FB8246DFF8189199F80030002BC3
:10F1A00055D016F040FF87427FF47DADB8F1010FD6
:10F1B00040F08680BAF1070F7CD8BAF1050F7FF6D0
:10F1C00072AD384B1B78022B02D0043B012B03D8C5
:10F1D00099F80030002B41D00A9B980640F1BF807F
:10F1E0000B9B002B40F0B78030461DF019FAFF282A
:10F1F00040F0B1805E457FF456AD059B002B00F0DA
:10F20000A88010AB46F204020124ADF8542001930B
:10F21000214602233046009415AA16F08EFF0028DE
:10F220003FF441AD214617F046FA3CE5DDF8109079
:10F23000304607F03FFC44E72946BDF83E0009F0A0
:10F240002DFB089B824613B9B9F1000FA3D0154BD3
:10F250001B78022B02D0043B012BBDD8304600F0B6
:10F260002FFB814600287FF41EAD16F0DCFE86429F
:10F2700030D10D4B1B78033B012B27D80B4BB3F838
:10F28000684016F0D0FE4B4601460D222046CDF8D0
:10F29000009017F078FE06E5539500205295002067
:10F2A0009FA100205895002059950020AC84002093
:10F2B00054950020AAF10E03DBB2012B81D9F2E4B0
:10F2C0000AF00303012B7FF4EEAC7AE7012000F093
:10F2D00095FBE8E430461EF002FB58B916F0C0FE7C
:10F2E0004FF6FF73984205D01DF04AFA10B9304628
:10F2F000FBF72EF830461EF0F2FA88B116F0B0FE99
:10F300004FF6FF7398420BD01DF03AFA40B9B8F1AE
:10F31000010F02D1BAF1060F02D0304607F03AF9D8
:10F32000059BA3B919460122584600F09BFB814674
:10F3300000287FF4B8AC204616F058FF4A46014634
:10F34000384600F08FFB00283FF446AFABE410A92D
:10F35000E9E7059B56E7637823F0200363704FF6D7
:10F36000FC739F4275D1B94B1B78033B012B7FF691
:10F370009AACA3790BB1013BA3716378590727D5E8
:10F380000023584615AA12A9159318F0C3FD159825
:10F39000F0B107F0B1FF814638461DF041F9159AEA
:10F3A0000146137903F03000102806D003F00C005A
:10F3B00008281CBF23F00C031371137903F03303E7
:10F3C000202B05D1FF2903D00122484608F05EF921
:10F3D00030461DF025F9FF281EBF00229C4B43F844
:10F3E0002020079B03F001094FF6F7739F4200F2BC
:10F3F0000781B9F1000F40F0DD803146584617F023
:10F4000068FC16F010FE874200F0088138461EF0B6
:10F4100066FA00284AD0B8F1010F30D1BAF1010FD5
:10F4200020D14A462946BDF83E0007F045FD384642
:10F430001EF055FA874B1B78002B6DD158461EF0F5
:10F440004EFA002865D138461EF049FA002860D1EE
:10F4500029E44FF6FD739F428BD17C4B1B78042B24
:10F4600087D120E438461EF03AFA50B3BAF1030FC0
:10F4700027D12946BDF83E0017F0BDFD13E43846FC
:10F480001EF02DFA384618F0F9FB00283DD0002375
:10F4900039465846BDF83E2001F0C8FAA8B300210D
:10F4A000BDF83E00FEF7D8FBFFF7FDBB38461EF067
:10F4B00016FA18B1B8F1010FD8D0E3E7B8F1010F8F
:10F4C000E0D1644B1B78002BB8D0BAF1050F23D1E3
:10F4D00016F0A9FD8DF8540016F0A5FD000A8DF870
:10F4E00055000123022215A90DF13E00F9F72AF873
:10F4F00000287FF4D8AB691CBDF83E0089B209F042
:10F50000BBF903780133037006E0524B1B78002BE4
:10F5100094D0B8F1010FD8D063785A070CD5BDF854
:10F520003E40204616F0EFFD411C89B2204609F00E
:10F53000A3F90378013B0370444B1B78033B012B79
:10F5400030D8B8F1010F06D1BAF1050F1FD116F06E
:10F550006AFD834522D1BDF83E00FEF7C5FC0228B6
:10F560001CD10021584615AA08F012F830B10379D1
:10F57000468003F03C0343F0400303710023364A06
:10F58000009339465846127817F0FDFC06E0BDF8A6
:10F590003E00FEF7A9FCBAF1030FE0D10022394684
:10F5A0001C20DFE4BDF83E00FEF79EFCB8F1010F21
:10F5B000D5D1F0E7B8F1010F40F0BE800AF1FF337A
:10F5C0000C2B00F2AD8001A252F823F027F60208BE
:10F5D00027F6020873F402083DF602085DF60208F9
:10F5E00081F60208A3F60208CFF60208DBF602084D
:10F5F000DBF60208F1F6020809F7020815F702081F
:10F60000B8F1010F00F09F80B9F1000F40F0948035
:10F61000BDF83E00FEF732FEFFF745BBB8F1010F23
:10F620007FF43DAFCAE7AAF102035A422946BDF86A
:10F630003E005A4107F040FCFFF735BB2A465846CA
:10F64000BDF83E10FEF714F9FFF72DBB59950020C9
:10F65000BC680020A5A10020C8A10020691CBDF83D
:10F660003E0089B209F01AF90235EDB20246BDF842
:10F670003E305846009510A90AF0E0FFFFF713BB93
:10F68000424B1B78013B012B3FF60DAB069B012142
:10F69000009300202346BDF83E2017F0C3F9FFF782
:10F6A00002BB3A4B1B785A1E012A07D90120069A41
:10F6B000BDF83E10FCF7B8FCFFF7F5BA022B7FF45B
:10F6C000F2AAF9F7C3F90028F0D1FFF7ECBABDF8B8
:10F6D0003E0006F063FDFFF7E6BABDF83E00FEF718
:10F6E0002FFAFFF7E0BABDF83E00FEF729FA8FE7E0
:10F6F000264B1B78013B012B3FF6D5AABDF83E00F7
:10F70000FDF76CFDFFF7CFBABDF83E00FDF7B6FD83
:10F71000FFF7C9BABDF83E0013F03BFCFFF7C3BAD0
:10F720002B4622465046BDF83E1013F008FC002838
:10F730007FF4B9AA5146DEE4237A03F00303012BD8
:10F740007FF4B1AA64E70AF1FF330C2B3FF6ABAAB2
:10F7500001A252F823F000BF27F6020827F602089C
:10F7600073F402083DF602085DF6020881F602080D
:10F77000A3F60208CFF60208E7F60208E7F6020849
:10F78000F1F6020809F7020815F70208599500205A
:10F7900010B50021114816F023FB0446E8B116F01D
:10F7A0001AFA0F4B1870204616F01AFA0D4B187003
:10F7B000204616F01BFA0C4B1870204616F01BFA68
:10F7C0000A4B186001201DF0FCF82046FFF72EFAC6
:10F7D000BDE8104000201DF0F4B810BD348E0020AC
:10F7E000969600209596002094960020BC850020D7
:10F7F00070B5164E044633680D46E3B116F05CF959
:10F800000C2818D1204616F05AFA09220021044685
:10F810001CF026FC235C042B0DD10D4B1B78033B05
:10F82000012B08D80B4C25B10B4B22781B789A4240
:10F8300003D300232370002070BD084831681CF0FA
:10F84000BBFD2378012001332370F5E7C08500203C
:10F850005995002098960020C7A10020E89F00201D
:10F8600070B50024124D2C70EBF728FCE6B2B042C4
:10F8700012D8104B1B78013B012B04D800214FF606
:10F88000FF70FCF705F800220B4B1A700B4B198820
:10F8900001B11A80012070BD30461CF019FFC3076A
:10F8A00048BF2B7804F1010444BF01332B70DBE720
:10F8B000519500205995002048950020048E002085
:10F8C00038B50B4B05461B7873B101335C08094B07
:10F8D00018881CF085FC002330F81320AA4205D0BC
:10F8E0000133DAB2A242F7D3002038BD0120FCE791
:10F8F00048950020048E002030B5054685B00846A6
:10F900000C461DF0E8FFFF280CD017F0A4FA0122E6
:10F9100000210346CDE90112009221462A46072024
:10F92000FBF784FB28461CF07BFEFF2804460FD023
:10F930001CF0CEFEC2070DD520461CF0C9FE830781
:10F9400008D40B4A32F8143043F4806322F81430A0
:10F9500005B030BD17F07FFA012200210346CDE942
:10F960000112009207202A46FBF760FBF0E700BF78
:10F97000F48D00204FF6FA72431E9BB2934270B58D
:10F9800004462AD8FFF79CFF38BB194B1B78042B81
:10F9900023D020461DF086FFFF2801D0FAF708FC8F
:10F9A000204618F090FA08B107F0BCFC2046114E32
:10F9B00004F064F92046EBF7CFFF31780E4D69B1C2
:10F9C00028881CF00DFC054601461E22023015F069
:10F9D00014F92C8033781E2B07D970BD20201CF021
:10F9E00073FC28800028EBD1F7E702333370F4E78B
:10F9F0005995002048950020048E002037B5134B00
:10FA000005461B78022B1FD116F00DFB044616F09D
:10FA10000AFBFFF7AFFF17F01EFA16F010FB0020ED
:10FA200017F02DF840F60740ECF744FD3DB10023F8
:10FA30000D2221464FF6FD70009317F0A4FA03B093
:10FA4000BDE8304004F0FEBD03B030BD5995002044
:10FA5000034B1B7813B90120FFF7D0BF704700BFDD
:10FA60004F950020F7B504460D46174616F0DBFA11
:10FA70000646002D47D04FF6FB739C4243D82046E4
:10FA8000FFF71EFF30B1A64204D1204B1B78033B89
:10FA9000012B38D92046FFF713FF10B1012003B026
:10FAA000F0BD204609F048FBC0B1A642F6D00CB329
:10FAB00069462046F9F720FB0246D8B90821684676
:10FAC00016F046FAB0B908226946284615F085F8BE
:10FAD00080B12946204617F0EEF9DFE7A642E6D1CD
:10FAE0002846F9F793FB28B90120FFF787FF06F0B6
:10FAF000E1FCD3E73FB121462846FAF7EDFC214669
:10FB0000284604F0D7F80020C9E700BF5995002027
:10FB1000044A13782BB1013BDBB213700BB9024AD4
:10FB20001380704748950020048E00200148F8F7A4
:10FB3000C5BA00BF048E00202DE9F0478046174665
:10FB40000D468CB061B903AE00211B481DF031FE9B
:10FB50004FF000090446DFF860A01CB920461DE004
:10FB60000E46F1E70022214624233046CDF80090CE
:10FB70001DF0BCFE08224146304615F02EF8A8B90B
:10FB8000337C9BB96FB945B92A4621460A4816F01D
:10FB900046F90A4A1388013B138001200CB0BDE8E6
:10FBA000F0873B88B28953405B06ECD5214650462E
:10FBB0001DF023FE0446D0E7688E0020668E0020EC
:10FBC000024B1888003818BF01207047668E00204D
:10FBD00040232DE9F04397B0074611A88946ADF8B8
:10FBE0000E30EDF757F902238DF84430002304AEB0
:10FBF0003146384604937360F9F77EFA05460028CB
:10FC000040F08A80384613F0A6F9804616F00BFAC9
:10FC10000446002840F0B08099F80130042B40F0F1
:10FC2000AE80EBF757FA022879D1EBF753FA0228A6
:10FC300040F0818096E8030003238DF8443012AB36
:10FC400083E803009DF85130002143F006031022A1
:10FC50000DA88DF8513014F0EAFF0DA911A812F08B
:10FC60007CFFBDF8463009A943F0040311A8ADF8A4
:10FC7000463012F0D1FF102209F10A0109A814F050
:10FC8000ACFF0546002872D1EBF724FA022806D112
:10FC90003146FF200DAA12F08DFF00286AD13424CE
:10FCA0000025EBF717FA022808D19DF851301B0701
:10FCB00004D430460DF10E0117F01DFB21463046ED
:10FCC00017F042FB10238DF8183004238DF81A30FA
:10FCD0003346002203CBCDF81B00CDF81F1006A839
:10FCE0000B218DF8195016F020F8024638B1002D7E
:10FCF00014BF012303233146384602F0C7FFB8F191
:10FD0000000F09D0342C07D106A8324639461CF022
:10FD100023FC06A813F005F917B0BDE8F0832346CD
:10FD200021463046009411AA01F0C4FD00283FF49A
:10FD30007CAFAD25C6E7EBF7CDF9012891D1114B8A
:10FD40001B6803F08403842B8BD196E80300022305
:10FD50008DF844301023ADF8463012AB83E8030031
:10FD60009DF8513043F002038DF8513079E7332488
:10FD7000AD2596E7052494E72C46A325A2E7AA25FE
:10FD8000A0E700BF2C6A00202DE9F04336488DB073
:10FD9000F8F784FC1CF011FE344D2B68C41A4FF4A4
:10FDA0007A73B4FBF3F4A4B214B11CF006FE28601D
:10FDB0002F4F4FF6FF763B88DFF8B880ADF80A305A
:10FDC00000233B8000210DF10A0016F009F80546DA
:10FDD00058B9284B1B882BB14FF47A7122487143D4
:10FDE0001CF0EAFA0DB0BDE8F0834FF000092423BF
:10FDF0004A462946CDF8009003A81DF077FDBDF8CE
:10FE00001A30A34294BFDB1A1B1B9BB2ADF81A3009
:10FE1000CBB916F008F9BDF8183003F040031843C9
:10FE200080B218B9322103A8ECF71AFABDF81830DD
:10FE30001B0602D5089812F043FDB8F80030013BCC
:10FE4000A8F80030BEE79E4228BF1E4601234A465E
:10FE50002946009303A824231DF048FD4A4629465D
:10FE600038461DF0ACFCADE738690020C88500209D
:10FE7000688E0020668E0020F0B50446304A8DB0B2
:10FE80001068516801AB03C3A378012B54D116222B
:10FE900000210DF11A0014F0CAFED4F82110D4F894
:10FEA0001D0003AB03C32388190644BF6268089290
:10FEB000DA050BD5221D08AE04F11407354610688B
:10FEC0005168083203C5BA422E46F7D1ADF8183052
:10FED00013F0040318BFA3690593EBF70DF9002392
:10FEE000ADF81A008DF81C3016F09DF8E0B906A99F
:10FEF00003A817F000FA0022242103A815F015FF2B
:10FF00000446D8B10020FFF73FFF002221460D48EC
:10FF10001DF055FC0C4A0020138801331380FFF7B5
:10FF200033FF00200DB0F0BD082201A903A814F092
:10FF300054FE0028DFD0DAE70220F3E71920F1E7CA
:10FF4000FDFF0408688E0020668E0020F7B5044689
:10FF500000200E46FFF718FF104B1B88A34202D863
:10FF6000212003B0F0BD00210D481DF022FC00252A
:10FF700001460B4F0029F3D0A54208D100242423C9
:10FF80002246304600941DF0B1FC2046E9E7384691
:10FF90001DF033FC01350146ECE700BF668E002002
:10FFA000688E00200148F8F789B800BF688E0020ED
:10FFB000014B1888704700BF668E002030B5154A87
:10FFC0008DB051680546106801AB03C307A8ECF774
:10FFD00061FFDDE90101032308AC84E803008DF82B
:10FFE0001C309DF8293003A943F0020307A88DF8BF
:10FFF000293012F0B2FD10B12D200DB030BD2346D6
:020000040803EF
:100000002868696803C303A907A812F087FD0028C0
:10001000F3D0F1E7FDFF040870B50C4611460E4A17
:1000200023781278064613F0200542EA0302227074
:1000300018BF611D082214F0E0FD002D0CBF052043
:100040000D20D4F80130B3602378337303F0180324
:10005000082B08BF013070BD54950020042307B55C
:100060001A460DEB03010120F8F792FB019B034AAE
:100070001B03136003B05DF804FB00BF1C6A002083
:1000800010B5064C2368C3F30B0313B904200EF01C
:10009000BBFF2068431C236010BD00BF1C6A00200A
:1000A000014B1868704700BF1C6A002007B500208C
:1000B000054B0190186004231A460DEB0301F8F775
:1000C00067FB03B05DF804FB1C6A00207FB51123B9
:1000D0000622012001A9F8F75BFB084B9DF81420CC
:1000E0001A70074B1B780BB1052B05D112F0E7FBFB
:1000F000012007B05DF804FB0020FAE753950020CB
:10010000549500202DE9F04F0646CBB08846008874
:10011000012117461CF09CF82E4B3A463188ADF869
:10012000160006A817F0A3F90DF1280B5A46414610
:10013000C419308817F025F9E4B208EB0003A34294
:1001400008BF044605464FF004091CBFA4EB080491
:10015000E4B223465A460121CDE900090BEB050A1A
:10016000CDF808B02D1B06A8EDF782F9EDB20BEB28
:1001700004030093019523465A464146308817F000
:100180002EF934883946204608F088FB394600F0BD
:10019000F802204608F096FB012130881CF058F840
:1001A00001234A46514680B10DF11600F8F7CAF90D
:1001B00001210446BDF8162030881CF05DF8B4FA21
:1001C00084F040094BB0BDE8F08F3046F8F7BAF93B
:1001D0000446F4E7709600202DE9F04FC9B00446BC
:1001E00088469246C118224A04A81F46FFF714FF0A
:1001F0004FF00409C519EDB208AB0293A5EB0A0B49
:10020000A8EB0A035FFA8BFBA8EB0506DBB2F6B29C
:1002100004EB0A02009301215B46CDF8049004A888
:10022000EDF726F906F590730DEB03025A44A2F59B
:100230008072136808A844F80830E35D324623F062
:100240000703E3552C44214614F0FCFC08ABCDE930
:10025000019308AA00230121009604A8EDF708F9EC
:100260003246204608A914F0EDFC49B0BDE8F08FF5
:1002700070960020F8B5064616F054F8811C054625
:1002800089B2304615F050FFE8B12946304608F0F3
:1002900005FB1228074616D80C4B691C1C5C89B25A
:1002A000304608F0FBFA2C44052FE4B205D10528AE
:1002B00009D8074B1B5C1C44E4B221463046BDE81C
:1002C000F84015F031BF0020F8BD00BF567A050890
:1002D000507A0508F8B5054615F053FF0446284640
:1002E00015F0EDFCA11C074689B2284615F01CFF4D
:1002F00000283CD02146284608F0D0FA0646611C6A
:10030000284689B208F0CAFA0F2E30D8194B9B5DE7
:10031000E118731E89B2092B0ED8DFE803F0090536
:100320000D0D120D0D181E1EC40644BF083189B2F2
:10033000820601D5083189B22846BDE8F84015F09B
:10034000F3BE7B78DB0612D501EB4001F3E700F04A
:100350001F0000EB40000144EDE71F2805D8092EDF
:100360000ABF4000022080B2F5E7C828E4D0002090
:10037000F8BD00BF697A0508F8B5064615F09FFC80
:100380000922002105461BF06BFE00F110042846EF
:100390001CF039FCE4B207462146304608F07EFAEC
:1003A000054630461BF038FFBA05A0EB0403DBB26C
:1003B0000AD47C2D0AD0082D0AD8064A505D9842EE
:1003C0008CBF00200120F8BD1220F8E70320F6E7DB
:1003D000FF20F4E77A7A0508014B1878704700BFD0
:1003E000C9A1002038B5114B04461B7808469BB9BB
:1003F000012038BDA24205F101050FD103EBC10375
:100400005B6898470028F3D11E2022464FF6FF7103
:100410001CF0C2FB0020ECE70025054BE9B213F805
:100420003120002AE6D11446EEE700BFC9A1002022
:10043000207A0508002313B50D4903807F2202238B
:10044000044609880DF106001CF0BEFA9DF806303E
:10045000BDF806201BB1238843F001032380002050
:10046000FF2A82BF238843F00203238002B010BD1D
:100470003AF1040830B10368034A1360436800206E
:100480005360704721207047CAA10020034B1B789E
:10049000002B14BF442056200E3070475495002086
:1004A0002DE9F04F8DB0179C06468946CDE9022311
:1004B000BDF85870D588ADF816103CB9EC0605D5D6
:1004C000009712F06BF90DB0BDE8F08FC5F38024F2
:1004D0002B054FEA043448BF44F40064A80511D545
:1004E00044F080040A2E00F26581DFE816F09800DF
:1004F0002F001700370063016301370010009800D8
:1005000037009C00E90548BF44F04004EAE74FF09B
:1005100001084FF0020B4FF0000A14E008A95FFA3F
:1005200089F017F054FADDF82500DDF8291006AB44
:1005300003C3A24B33F81930ADF816304FF0000862
:10054000C3460DF1180A002F5CD125E006AA0DF173
:1005500016015FFA89F003F071FBEFE74FF6F773CE
:10056000994540F2278115F4026F40F02381944BA6
:100570001B78022B03D0043B012B00F21D813FBBF3
:10058000032E4FF001080CBF4FF00C0B4FF0080B7F
:10059000BA4624F4C074A4B28A4B18884FF6FF738D
:1005A000984206D08849F8F7A7FD10B124F480548A
:1005B000A4B2039B38460093BDF81620534644F47A
:1005C0000271F8F72FFEADF82000B0BB19207AE7D2
:1005D00038461BF021FE0246FFF758FF032E08BFE6
:1005E0000138824201DD38206DE7032E4FF001080B
:1005F0000CBF4FF00C0B4FF0080B4FF0000A24F427
:10060000C074A4B2029B1B8893B91A4639460620CF
:100610000EF0C0FE0028BFD140F6014053E74FF076
:100620000008C34677E74FF001084FF0030B72E76D
:10063000002339461A460720EAE74FF6FF73614A5E
:10064000118899421CD015F03AFB03465D4A0430EC
:10065000118803931CF0D9FA5C49039B097814F4C0
:10066000805FD9715849574A1FBF08689860486829
:10067000D8604FF6FF7313804FF0FF330B604B6071
:100680005946029A08A8F8F789FE00289ED0504CD7
:100690002378002B3CD1A7B138461BF0BDFD07469F
:1006A000BDF820001BF0B8FD23780744002B14BFD1
:1006B00012220022EB1003F0040317443B44842B66
:1006C00091DC15F400570AD0BDF82040204615F003
:1006D000E9F940F4806189B2204615F0CEF9A6F11F
:1006E0000803012B05D801221021BDF8200015F0C8
:1006F000CAF9179BBDF8204043B32046BDF8161039
:1007000015F014FABDF82030179A00201380DAE6AD
:10071000AA06C0D56B0103F020030A2E14BF43F0D4
:10072000010363F07E03DBB2B8F1000F08D00021B3
:100730005246009108A800F04BFE0028ABD0C2E65C
:100740001A46514608A817F012F8F6E7204615F0A9
:1007500018FD21460246179B04200EF01BFE0028C0
:100760003FF45AAF0A2E18D84FF4D963F340DB0791
:1007700013D5072E0AD00A2E08D0BDF8200016F097
:10078000B8FA80F00100C0B280009CE608A812F020
:10079000E5FB0028F1D0042095E617B125F04005CF
:1007A000ADB22B463146BDF820005FFA89F201F068
:1007B000B9FE88E6012086E6162084E6D88A002065
:1007C0005895002064A10020CAA10020A496002012
:1007D00054950020F7B50F469DF828100446DDE932
:1007E0000B061D46F1B94FF6FF739C421CBF174B19
:1007F0001C804FF000041CBF154B1A70BDF824007C
:10080000F8F762FE00232A46CDE900433946062068
:100810009DF82030FFF744FE10B90EB1AB7A33706B
:1008200003B0F0BD78B14FF6FF739C421FBF074B7A
:100830001C80074B1A70002215F077FA0446002836
:10084000DCD11920ECE72120EAE700BF64A10020F9
:10085000A49600202DE9F04788469DF82810074609
:1008600016461D469DF820A0BDF824900B9839B17E
:1008700058B3002215F059FA044610B9192025E0A2
:100880000C464FF6FF739D421FBF114B1D80114B4D
:1008900083F800A04FF6F7739E4208D80E4B4FF630
:1008A000FD761A784FF6FF73002A18BF1E46484699
:1008B000F8F70AFE00233A46CDE90843314643469D
:1008C000BDE8F0470320FFF7EBBD2120BDE8F0872E
:1008D00064A10020A49600200C9500202DE9F0478B
:1008E00086B09DF838600546DDE90FA80C4617462E
:1008F0009946B6BB374B1B78022B1DD125BB4FF653
:10090000F7739C4214D800264846F8F7DDFD002313
:100910003A46CDE900632146FF232846FFF7C0FD94
:1009200038B9B8F1000F04D0BB7A88F8003000E085
:10093000012006B0BDE8F087043B012BDED9084654
:1009400012F009FB10B31DB3022D31D1EAF7B0FB51
:10095000A042EDD9204B33F814204FF6FD739A4294
:1009600019E0BAF1000F32D01A4B1B78022B05D1D7
:10097000FFF78CFDB042E6D23820DAE7043B012BCA
:10098000F6D9084612F0E7FA0028F1D11620D0E790
:100990004FF6F7739C42CBD8002EB4D031460022DC
:1009A000504615F0C2F906460028ADD11920C0E71F
:1009B000012DBDD104AA0DF10E01E0B203F03EF904
:1009C000064B1B78A342B3D9BDF80E20C5E7212002
:1009D000AFE700BF58950020D88A002098A10020DA
:1009E00030B5104B87B005460C461868596803AA05
:1009F00003C298680C4910609A88DB8852BA23F0C9
:100A00004003ADF812300023CDE90043ADF81020CB
:100A1000FF23098803AA0720ADF80E50FFF740FD19
:100A200007B030BD748E0020808E00202DE9F04F7D
:100A3000074689B0104615461C468A4615F0A1FBAC
:100A40000146284607F02AFF0646284615F037F9E2
:100A500004301CF0D8F8804615F0E5FA804550D0F7
:100A6000B2074ED1DFF8AC80284605A9B8F800B02F
:100A700015F064FC9DF81930A8F8007003BBBDF8B0
:100A80001430EBB9284615F01AF902301CF0BBF807
:100A90004FF6F773984294BF4FF000094FF00109E9
:100AA00001230134E4B22A463846CDF8009005A966
:100AB000039303F035FE039B40B901339C421ED2E1
:100AC0000020A8F800B009B0BDE8F08F022CF8D1E2
:100AD000012BF6D10C4A0D4BA3F800A01378591C3A
:100AE00011700B4A7F3B16F00C01137007D1BDF853
:100AF0001A305B0603D5BDF81600FFF771FF02231D
:100B0000D1E70020DFE700BF5695002064A1002058
:100B1000A4960020808E00202DE9F04F8BB00F4668
:100B2000ADF81E0015F0CBF800F1020A054650465C
:100B30001CF069F8BDF81E400646204615F021FB62
:100B40000146204607F0AAFE814600F00308281D52
:100B50001CF059F8B54C208015F065FAB0422DD044
:100B60004FF6F7739E4229D86B78DA0726D43046C1
:100B700017F084F830B101233146BDF81E202088DB
:100B8000FFF754FF15F04FFAA84B1B8883420FD193
:100B9000BDF81E40204615F0F4FA0146204607F045
:100BA0007DFE10F00C0103D1BDF81E0001F078FDB0
:100BB00000229F4B1A600BB0BDE8F08F9D49BDF835
:100BC0001E0015F0BBFB9C49BDF81E0015F01BFB79
:100BD0000028994B08BF0023954ABDF81E001360FA
:100BE00014F0F9FF954B1870BDF81E0014F0F8FFD3
:100BF000934B1870BDF81E0014F0FDFF914B186068
:100C000000238DF822305FB38A4BDB889B0627D503
:100C100015F009FA10B38C4B1B689E071ED4B8F16F
:100C2000010F14BF082318230DF1220200920022A5
:100C30000DF11E00114600F0CBFB88B1B8F1010F99
:100C4000A0D1824B1B78112B9CD116F035FE0028C9
:100C500098D140F61D40FAF76FF993E70823E3E7D0
:100C600050461BF0D0FF4FF6F773984240F2F280E7
:100C7000B8F1010F00F0FA80B8F1020F00F06381C3
:100C8000B8F1000F7FF47EAF6A4DBDF81E00EB880F
:100C9000ADF82400049315F012F8BDF8246007465F
:100CA000304615F06EFA0146304607F0F7FD8DF834
:100CB0002300B81C7E781BF0A6FF074615F0B3F999
:100CC00006F00106B4F8009003906C88002E7FF4C3
:100CD00059AF4FF6F77A4246494657458CBF062032
:100CE00008201BF059FFBDF824B0584615F049FA0A
:100CF00059460246434604200EF030FB57458346D2
:100D00000AD8B5F90620EB88002A05DB580603D57A
:100D100041462046FFF764FEBBF1000F3FF432AFBF
:100D20002B88002B58D16B79002B55D14FF6F773D8
:100D30000DF126019F42BDF8240094BF4FF0000B37
:100D40004FF0010B16F0A2FEDFF8E0A000F1FF3833
:100D5000BAF800301FFA88F10593EB88BDF8260039
:100D6000069307F09BFD069B049901900093224691
:100D70005B460598C1F3401112F0FAF800283FF4E1
:100D800001AF06202B4BBDF826105FFA88F20EF05B
:100D9000E5FA00283FF4F6AE48F202036A889A4268
:100DA00005D1BDF82410BAF8000000F091FF214DE4
:100DB00009AA29460DF1230012F0D8F803460028AD
:100DC0007FF4E0AE2104BAF80000BDF824207DD500
:100DD0002346294616F06FFE9DF82330154D03F08B
:100DE0000C030C2B40F09580288916F02FFE00286C
:100DF0003FF4C8AE039B002029894B4514BF02264F
:100E0000032602F0F3FD124B18704FF6F7739F4262
:100E1000BDF8240000F29580A4F1380253425341FA
:100E20003246044904F012FCACE600BF808E00207C
:100E3000D0850020748E00209C960020969600207D
:100E400095960020BC8500202C6A00205895002033
:100E5000B4960020B8F1020F75D03E4BB3F90630BE
:100E6000002B26DAB8F1010F7FF40AAF15F0DBF89A
:100E7000238883423FF486AE0520BDF81E10FFF79D
:100E8000B1FA00283FF47EAE324AD3885B0607D51C
:100E90000023CDE900330A20FF232188FFF700FB60
:100EA0003A469DF822302188BDF81E0002F0F6F87F
:100EB00068E6BDF81E001BF0AFF9A0F11001C9B241
:100EC000284600F073F80028CCD05BE60221DFF85A
:100ED000948088F800102946CDF800B003F020FC7B
:100EE000132C3FF479AFEB885D043FF575AF1A4BD7
:100EF0001B78D80704D598F80020022A3FF46CAF7D
:100F000099077FF53FAE98F80030012B7FF43AAE99
:100F100062E700222B79114800936B791146008813
:100F200002F08CFD0E4B18709DF8233003F00C037B
:100F3000082B7FF46AAF039B4B4514BF042605269C
:100F400063E701236CE74846BDF81E20014901F024
:100F500019FB17E6748E00200E950020808E00206D
:100F6000B4960020A596002010B50021084814F082
:100F700037FF044650B101460420FFF733FA28B189
:100F80002046BDE810400121FFF7C6BD10BD00BFDF
:100F9000648E0020034BFF211A780348920013F05F
:100FA00046BE00BF99A100206C66002070B54518B0
:100FB00004464FF0FF31AC4212D1104B10481A7862
:100FC00005460023934211DB0E4C2078431CB3FBF3
:100FD000F2F602FB163345F82010237000200CE0D7
:100FE00014F8010BDDF76EFE0146E4E750F8044B00
:100FF000A14201D00133E5E7012070BD99A1002095
:101000006C660020A696002007B5042301220DEB94
:1010100003011046F7F7BCFB019B034A1B03136057
:1010200003B05DF804FB00BFCC850020014B1868BD
:10103000704700BFCC850020014B1868704700BF87
:10104000CC85002010B5064C2368C3F30B0313B9FD
:1010500001200DF0D9FF2068431C236010BD00BFA4
:10106000CC8500202DE9F04F93B003930023DDE9F8
:101070001C79069399F8003083460DA804930E4618
:101080001546EBF707FF99F8003013F003043ED044
:10109000039B0DF1250A8DF82430002208213846E3
:1010A00014F056FF002870D0288814F008FE99F834
:1010B00000301C074CBF043002301BF0A4FD07A910
:1010C0008046F7F731FD9DF824300446980633D565
:1010D000288806F10D0115F027F8A8B10023009328
:1010E000384608232988721D1CF000FC99F800304E
:1010F00003F01803182B4AD1B8F1000F47D0A94BC1
:10110000B3F86830434542D040F60A4327E02888C8
:10111000711D15F009F80028F6D000940523324619
:10112000298809A81CF0E2FB9DF824300DF1240A5F
:1011300003F018030393B0E714BB39464046F7F7B2
:10114000DBFF0028D2D099F800309907DCD040238B
:1011500022462146404616F05CFD40F6094399F8C8
:10116000002012F0030440F0F7802888039314F065
:1011700009FD224601461A201BF00EFD039BEBE001
:1011800007AB03CB38607960B0E74FF6FF7811F01A
:10119000D0FE044620B104213846F7F7EDFC0446A2
:1011A0001E9B002B5AD009231E990DA88DF83430B0
:1011B00011F0B4FC209B0BB1209B0693039B002BEA
:1011C00040F08E800DA8ECF7D5F899F800309A071A
:1011D00000F09880FFF736FF51460246012011F0DB
:1011E000DBFE99F800309B0710D55946288815F08A
:1011F0007BF80BF1090350FA83F35FFA83FB59463E
:10120000288815F059F800EB0B06F6B299F8003073
:1012100013F0C20F0AF104030DD09DF82420624997
:1012200042F020028DF824200A68CAF804204A6897
:101230005A600AF10C03012209A800921B1A3246D7
:1012400029889BB21CF052FB324659462846FEF7CD
:1012500059FF002800F0A48000237DE01F9B5BB1B4
:101260009E460DF1340CBEE80F00ACE80F00DEF82E
:101270000030CCF800309DE7049B594603F0200372
:101280002888049307F00AFB10F0030F0CBF01231A
:1012900000230593049B059A003B18BF012342EAF3
:1012A000430300930DAA06AB38461F9900F002FBDA
:1012B000049A034682B1002880D0059B0DAA0093B2
:1012C000384606AB1F9900F0F5FA034699F800205E
:1012D00022F0200289F80020002B3FF46FAF3EE798
:1012E000039B102B06D1BDF8363043F00103ADF857
:1012F000363067E7039B182B4FD1BDF8363043F0EB
:101300000203F4E701200DF1250111F053FE99F8D5
:101310000030824613F0040F288821D1069B1BB3AE
:10132000002C35D014F02EFC0022014616201BF0B4
:1013300033FC84B17FB14FF6FF7398450BD0002387
:101340000DA91A46384611F021FD394640469DF850
:10135000352011F006FE0123184613B0BDE8F08FCA
:10136000002CDFD1104F01E0002CDBD100233246EE
:10137000009359463B4616F0FBF800283FF4C4AEF4
:10138000002C3FF469AF069A0AF10103136063E78A
:101390001B685345C6D80124E8E740F60A43DBE75B
:1013A0001923D9E7AC84002070960020002307B5EC
:1013B000064A0193136004237F2101200DEB0302F1
:1013C0000DF020FE03B05DF804FB00BFCC850020CB
:1013D0002DE9F04F0446B1B000888DF82F30164645
:1013E0008A463A9F14F0CDFE01468146208814F0CB
:1013F00063FF00EB0908208814F094FF00239DF898
:101400002F505FFA88F815F0010B0790ADF83630D1
:1014100008D101460DF13602208814F03FFE08B1D4
:10142000ADF836B016B9CDE90E660EAEFEF7C8FBC4
:1014300018B145F020058DF82F500023CDE9033376
:1014400002930DF12F03CDE9006322465346414636
:101450004846FFF707FE0546002800F0B8809DF8D3
:101460002F3013F0010B46D123F020038DF82F30DD
:1014700014F0D9FD70B1754A10AB106851685D4623
:1014800003C3184600F0E8F90890FEF791FDABB2EF
:10149000984239D80FB100233B70BDF83630CBB13C
:1014A000012120881AF0D4FE27880546002800F084
:1014B000BC80012138461AF0CBFEBDF836700546D7
:1014C00038461AF0A9FE002300903A4619462846ED
:1014D00016F010FF0023CDE9033302930DF12F0323
:1014E000CDE900632246534641464846FFF7BAFD20
:1014F000054600286BD014F096FD002840F0AC8023
:10150000284631B0BDE8F08F18AB14AA26A9E8B27E
:1015100011F091FC002875D1082210A927A813F01A
:101520005CFB089B8346002B68D09DF8A53013F028
:10153000020F099362D0082212A927A813F04DFBCD
:1015400000285BD1099B590758D50FB101233B7087
:1015500014AB0DF1740C0FCB8CE80F00BDF83630D6
:10156000CBB1012120881AF073FEB4F800B0002836
:101570004DD0012158461AF06BFEBDF83620834647
:10158000104609921AF048FE00231946099A009065
:10159000584616F0AFFE2E4B2246049300230393C9
:1015A0001DAB02930DF12F03CDE900634146534675
:1015B0004846FFF757FD28BB089B002B33D012AAE3
:1015C0004FF482714FF400501DAB00F0CFF814F0CF
:1015D0002AFD88B11F4B1B689A070DD4FEF7F0FA5D
:1015E00050B11A4A18AB1068516803C3002226A9EB
:1015F00018A815F044FE18BB002581E727B9BBF1F8
:10160000000FA5D0013540E700233B70F7E7BDF898
:1016100036200A90104609921AF0FEFDDDE90923F2
:1016200007990090B4E7089ACAE7BDF836B0584663
:101630001AF0F2FD2B4600905A463846079947E7C4
:1016400026A918A815F057FED0E700BFFDFF040833
:10165000286A00202C6A00209DF82F3003F0110327
:10166000102B7FF44DAF3E4B1B78432B7FF448AFDC
:101670003C4B1B685B067FF543AF208808F10501F2
:1016800014F052FD834600283FF43AAF41462088CB
:1016900007F004F9344B10F0200F08BF1E4612A8C3
:1016A00000F0DAF80822314612A813F096FA002862
:1016B00052D0314612A811F015FC012326AE00933A
:1016C0003246002314A912A800F0F4F800287FF491
:1016D00017AF12AB0DF12F07CDE903600290009315
:1016E00022465346414648460197FFF7BBFCA8B344
:1016F000BDF89A30102043F0080318AA14A9ADF8D9
:101700009A3015F099FD00287FF4FAAE12ABCDE9BE
:101710000360CDE901700093224653464146484696
:10172000FFF7A0FC054600287FF4EAAE18AB4FF4A3
:101730009071002012AA00F019F84FF0005100201B
:1017400016F06FF8BBF1000F3FF456AF4FF0805129
:10175000002016F066F84FE78346AEE714ABE6E7E5
:10176000589500202C6A002016850020F0B51646FA
:1017700091B0074609A80D461C4616F04CF83EB13C
:10178000336845F04005CDF826307368CDF82A302F
:101790001B4B1A6822EA070242EA050119604B0452
:1017A0000DD5BDF824200B0A03F4E243C9B222F49C
:1017B000E3420B4322F07F021343ADF824301A2397
:1017C0000822002009A9F6F7E3FFB4B104A8EBF75B
:1017D00061FB02236A468DF810301546234604F15A
:1017E0001006144618685968083303C4B3422246E9
:1017F000F7D1294604A811F091F911B0F0BD00BF4E
:101800002C6A002047F2FF10044B196841F4804213
:10181000014041F480411A6016F003B82C6A0020A0
:1018200000B589B0FEF752FC01A815F0F4FF094895
:10183000BDF804200168130221F0FF0103F4E20364
:101840000B43D2B2134343F48043036009B05DF805
:1018500004FB00BF2C6A002010B50C4B044618682E
:1018600088B0830706D54FF0FF3323600120636003
:1018700008B010BD10F04000FAD001A815F0CBFF61
:10188000DDF806302360DDF80A30EFE72C6A00202F
:1018900008B5074B02461B6813F0400305D11846F4
:1018A0001946FFF763FF012008BD0020FCE700BFD9
:1018B0002C6A00202DE9F0479EB080460C461D465C
:1018C00091469DF898A0A2B116463046EBF7E2FA91
:1018D0001AF0020F0FD004B917AC22463146404629
:1018E00001AB11F086FA0DB100232B601EB0BDE8EC
:1018F000F0870DAEE9E701AB3146404605AA11F08D
:1019000045FA73780AF0010AFF2B26D0002840F030
:10191000B68054B105AA09AF134603CBBB42206081
:1019200061601A4604F10804F6D125B17278554B6E
:1019300003EB82032B60BAF1000F01D10020D5E741
:10194000BDF80430D906F9D418204FF6FF7172782B
:101950001BF022F940F60E40C8E74B4F3DB114F0A2
:1019600062FB10B13B689A072BD500232B603B68C4
:1019700003F03003102B01D0202B24D117A815F031
:101980004AFF082240460DF15E0113F026F920B10E
:101990003B6803F04403402B15D0BAF1000F15D17A
:1019A00009A815F042FF02233370002C4CD1B9F185
:1019B000000FC3D014F037FB60B3301DFFF74CFFAE
:1019C000BCE7324BD2E740F60A408FE73B68DB03C7
:1019D000E6D509A815F029FF0223337074BBB9F1CD
:1019E000000FB1D014F01FFBF0B1301DFFF734FF32
:1019F000AAE73B6803F08403842B2CD009AB0DAF1E
:101A00001A4603CABA4220606160134604F1080412
:101A1000F6D105E025463B6803F08403842B28D0EB
:101A2000301DFFF719FF26E03B68012503F0840312
:101A3000F4E73B68012503F08403DDE714F0F3FAD3
:101A40000028F6D00125D9E714F0EDFA0546002864
:101A5000CFD00025D2E712A8EBF71CFA022312A878
:101A60008DF84830EBF786FC224608214046EBF71C
:101A7000EBFB10237380002D3FF460AF64E72D2053
:101A800034E700BF686600202C6A0020286A002026
:101A900049B9084B197849B14EF66023594328B12A
:101AA00005481AF089BC41F28831F8E70248F6F798
:101AB000F5BD00BF0D9500207869002070B586B097
:101AC000054614F0B0FA10B9022006B070BDF6F762
:101AD000DBFE0028F8D001A8FFF7BEFE064600286E
:101AE000F2D08DB92E4B1C6814F0020406D02D4B99
:101AF0001B78112BE8D12C4BB3F868404FF481636D
:101B00000221ADF80C3023E02846F7F77FFB0028D0
:101B1000DAD1234B1C6814F0020406D0214B1B7849
:101B2000112BD1D1204BB3F868400822294601A8D7
:101B300013F053F80028E1D04FF4027300260A2175
:101B4000ADF80C302B68CDF80E306B68CDF8123044
:101B5000002203A814F0E9F8024608B91920B4E7F6
:101B60000F4B196801F03003102B17D0202B14BF36
:101B700001230323490001F004010B432046002107
:101B800001F084F80028E9D000210120FFF780FF50
:101B900016B10122054B1A70002096E70323E9E7EE
:101BA0002C6A002058950020AC8400209B960020D1
:101BB00030B5002585B0CDE90055F6F76FFD14F07E
:101BC00032FA1E4C60B905F04BFF0D250021084686
:101BD0002170FFF75DFF29466846EAF741FB18E0F0
:101BE00023784BB3164917480A780078904223D9D6
:101BF0000132012B0A700ED12A464FF4A0712846FB
:101C000002F0DCFCC0B2B8B941F288310E481AF0DB
:101C1000D3FB05B030BD022B09D1284602A9F7F746
:101C20006BFA0028EED102A8FFF748FFEAE7032B82
:101C300002D101F0E1F9E5E70425C7E7A796002006
:101C4000A8960020D2A100207869002070B51B4A18
:101C50001B4D04465168106886B02E7801AB03C353
:101C60001EB10224204606B070BDF6F765FE0228BC
:101C7000F7D114F0D8F90028F3D003A800F02AFE19
:101C8000082201A90DF10E0012F0A7FFA0B10D4B23
:101C900032464FF4A07130461C7002F08FFC0446AF
:101CA0000028DFD10123084A41F2883107482B7010
:101CB00013701AF081FBD5E72324D3E7837A050854
:101CC000A7960020D2A10020A896002078690020C5
:101CD000F0B50C4600219BB02B4F0646492207A8C1
:101CE000069112F0A4FF3B78012B34D19EBB0DF17D
:101CF0000E01204615F0CAFE0546BDF80E001AF08A
:101D00008BFA441BE4B2BDF80E1023462A46009617
:101D100006A81BF0EBFD304604A9F7F7EDF9D0B9A2
:101D2000CCB19DF81920B2B9BDF8233003F47E433D
:101D3000B3F5285F1ED3B3F5385F0ED31349BDF852
:101D40000E000B6843F400030B60294611F0E4F821
:101D500018B104233B701BB0F0BD01220C4B04A84A
:101D60001A70FFF7ABFE41F288310A481AF024FBE3
:101D70000223EFE711463A70FFF78AFE1E2104A8FE
:101D8000EAF76EFAE7E700BFA79600202C6A00206A
:101D9000A896002078690020014B1870704700BF9A
:101DA000A8960020014B1878704700BFA796002026
:101DB000014B1870704700BFA79600202DE9F04F27
:101DC0000446408891B00E298846ADF81A0079D0B3
:101DD00094F80890A77913F072FF09A90546BDF899
:101DE0001A00E67914F0AAFABDF81A0013F05AFEA8
:101DF000420542BFBDF82A3043F40053ADF82A3003
:101E0000E379DB0642BFBDF82A3043F48053ADF8D6
:101E10002A30BDF82A30980613D5022F58D10CA9C4
:101E2000207A15F0D4FDDDF83500DDF8391007AB68
:101E300003C307AA0021042300910DF11A00FFF744
:101E4000C7FA0121BDF81A001AF002FA022F8246E1
:101E50004AD1484B33F81950B8F1000F7FD0BDF884
:101E60002A2051067BD54FF6FB739D4277D8424B13
:101E70001B78033B012B04D8404BB3F86830AB42CE
:101E80006DD0D30502D5284615F07DFFBDF82A3068
:101E9000D80464D5002F34D1BDF81A0013F002FE27
:101EA000C10664D548F23403BDF826209A4209D110
:101EB000334E3078FF2805D003222946FBF766FC15
:101EC000FF23337000232380638011B0BDE8F08FBF
:101ED000012F01BF237A2B4A03EB430302EB830359
:101EE00014BF00229A1CA5E7012F05D10C2303FB88
:101EF00009F3244AD55AAFE7A81C1AF084FE054618
:101F0000AAE7284601F0BAFEBDF81A0013F0CAFD90
:101F1000C206C7D46389504605931AF07DF98346FB
:101F200050461AF05DF9059B02905FFA8BF04A4625
:101F3000394601900093404609ABE9F7A3FDB8F19B
:101F4000000F14BF0B20092016F0030218BF02F186
:101F5000FF32294618BFD2B21AF01EFEA2E7BDF822
:101F60001A0013F09FFDC3069CD4002FD2D1A946BE
:101F7000D0E700BFD88A002059950020AC8400200B
:101F8000D6A10020788A002070B500240C26104BC2
:101F9000104D2A78A24205D8C2B9BDE870400E485B
:101FA000F6F77CBB598869B9013AD2B2A2422A70CD
:101FB000EFD0121B184603F10C01724312F01DFE04
:101FC0000346E6E701340C33E4B2E2E770BD00BF3C
:101FD000008A0020AB96002008A0002070B5194BA5
:101FE000194A1D780023DCB2A54200D870BD144602
:101FF00066880133864202F10C02F4D1E379A588A8
:1020000003F040028DB9CAB123F00403E37113F069
:1020100056FE037803F07F03037021880029E5D181
:10202000BDE8704009481AF0C7B900216580A18059
:10203000002AE9D1BDE87040FFF7A6BF2046FFF7B0
:10204000BDFEF7E7AB960020008A002008A0002024
:102050002DE9F047044686B040880F46154613F038
:102060002EFEA3798046082B4FD8DFE803F0052E1B
:10207000184E4E4E4E4E050002301AF0C4FD002D93
:102080004BD06946F7F738F800283ED1684601F092
:102090009FFEB0FA80F0400906B0BDE8F08702A9C3
:1020A000207A15F094FC6B466E46DDF80D00DDF8E5
:1020B0001110304A03C3237A32F813902E4AD05CB1
:1020C00075B1314615F0A7FCE6E7237A2B4903EBFF
:1020D000430301EB830231F82390907A961CEFE7DB
:1020E0004FF6FB7AD14512D9304603F053FF4FF635
:1020F000FF739842054612D00146304601F0DAFDE2
:10210000554505D9E379DA060BD40020C4E74D46DE
:10211000294608F102001AF078FD0120BCE74D467F
:10212000F0E74FF6FC78454511D103F00C030C2B7A
:102130001BD1D7B130464FF6FD7101F0BBFD40F623
:1021400002412046FFF73AFEFFF71EFFDDE74FF69C
:10215000FD739D4209D10023304619461A4602F00C
:1021600091FA4146304601F0A5FDE37943F00C03B6
:10217000E371CAE7D88A002019950020788A0020E8
:1021800073B5044640880E4613F099FD02301AF0EC
:102190003AFD10F0E0FE18B1A11C201D10F0E0FE89
:1021A000E6B1E5790135EDB2E57115F0400514D0E1
:1021B000E8F778FF0122054600212046FFF748FF97
:1021C00018B1334B1B882B449DB2324B1B78042B28
:1021D00001BF2F4B1B885B199DB225800022314621
:1021E0002046FFF735FF002831D0608813F067FDE7
:1021F000E279294922F00C03E3710B78054601339B
:10220000DBB20B70C371254BA61C1B780BB3E379B3
:1022100098061ED52249097861B90022012311468A
:1022200030460092FFF7D4F898B1E37943F0030306
:10223000E3710CE05906F0D59207EED50022042395
:10224000114630460092FFF7C3F80028E5D002B0EF
:1022500070BD304610F082FE0028F8D16088FBF790
:1022600043FE50B10128F2D1E37943F00803E37152
:102270002B7803F07F032B70E9E7E37943F0040345
:10228000E3711B06E3D5074B1A78074B1A70DEE79C
:1022900040A100205995002056950020549500201B
:1022A000D3A1002011950020AA9600202DE9F74F18
:1022B00006461AF07DFB5D4B0546B3F8009018808A
:1022C0005B4BA0EB09041B78A4B2A34298BF002388
:1022D0004FF000084FF6FF7788BF1B1B544A88BF9A
:1022E000DBB21370DFF85CB1A9EB00030093514B34
:1022F0005FFA88F2197891420ED80EB1FFF744FECA
:102300004FF6FF739F4200F08A8039464A4803B077
:10231000BDE8F04F1AF050B8BBF80220002A3CD0BC
:10232000464B9BF807201878BBF800A0042818D06B
:102330000020BAF1000F08BFA2462044504523D226
:10234000BBF80010009B1944ABF80010002E4AD0D7
:1023500002F04802482A46D100215846FFF710FFF4
:1023600041E00192F6F714FE30F01003019ADFD13C
:10237000FAF710FE324B019AB3F800C08445D7D962
:10238000ACEB000080B2D4E702F00C00042807D1C7
:102390000022ABF800200BF10C0B08F10108A6E7B6
:1023A000510602F0030C02F008000AD508B3BCF194
:1023B000030F21D1BEB140F602415846FFF7FEFCA3
:1023C00011E040B3BCF1010F25D11206F2D44FF455
:1023D000C862ABF800209BF8072022F0030242F00D
:1023E00002028BF80720BBF80020974228BF17464F
:1023F000D1E703208445DDD213060ED50C4B1A78A5
:102400000AEB0200844208DA4A44521B0AEB02013A
:10241000ABF80010E7E70120ECE701219DE7064853
:1024200003B0BDE8F04FF6F739B900BF6A8E00205F
:10243000AA960020AB96002008A000205995002005
:1024400040A10020008A00202DE9F04100250C2742
:102450000A4EDFF830803378ECB2A34204D8BDE8EE
:10246000F0410748F5F72ABE07FB0484A01CF5F7E6
:1024700025FE201DF5F722FE0135ECE7AB96002086
:10248000608E0020008A002070B500240C4D0D4E97
:102490002B78A34208D81B1BDBB22B707BB9BDE89D
:1024A00070400948F6F7FAB804EB440040F60241E0
:1024B00006EB80000134FFF781FCE4B2E8E770BD71
:1024C000AB960020008A002008A000202DE9F041F2
:1024D000002506462F46114CDFF8448098F800206E
:1024E000EBB29A4203D8BDE8F041FFF74DBD6088DA
:1024F00013F0E5FB02301AF086FBB0420AD1608887
:10250000F8F70AFC00230E211846628803F03EF912
:10251000278067800C340135E0E700BF008A002087
:10252000AB960020F8B5144EDFF854E035789EF8ED
:1025300000E0124F05EB4504AE454FEA840C07EB73
:10254000840416D0002503F4835343EA1323A171B6
:102550002272E371608027F80C50A580F6F7BAFF6D
:1025600033786081013328463370FFF79FFE284699
:10257000F8BD40F60340FBE7AB960020008A002040
:1025800097A100202DE9F04F354B0E461C781746D9
:1025900085B05CB9B1F90680DFF8CC90DFF8CCA04B
:1025A000DFF8CCB099F80030A34202D805B0BDE8FE
:1025B000F08F04EB44050AEB8505A88800B968880C
:1025C00001A913F0BBFEB27A9DF80E309A4244D1B5
:1025D000B8F1000F0FDA317A9DF80C20338991425F
:1025E00009D8204800780844824236DA521A1B0A79
:1025F0001341D90731D5384613F094FEBDF80A309F
:1026000004469A0602D5F3889B06CFD5EB7903F0F2
:102610000C03042B08D16888F8F77EFB00236A8836
:102620001946184603F0B2F800212846FFF7C6FB0A
:10263000FFF7AAFC384619F0EFFD844208D22B7A46
:1026400001228BF8003031460023384602F0FEFFAD
:10265000B8F1000FAADA0024A4E70134E4B2A1E73C
:10266000A996002096A10020AB960020008A0020A9
:10267000B496002008B51AF09BF9074B1B88C01AC6
:1026800080B2B0F5807F05D9BDE80840002103483D
:1026900019F092BE08BD00BF6A8E002008A000207D
:1026A0002DE9F04788B004460D4613F06AFD014657
:1026B000204606F0F3F810F0030340F0848010F099
:1026C0000C0F06D12946204608B0BDE8F047FFF7B9
:1026D00085BC204613F0E6F9C10659D4204613F014
:1026E00050FD0146204606F0D9F80746204613F073
:1026F000E6FA064602301AF086FA05A98046204618
:1027000007F00C0796F806A013F018FE73780C2F4C
:102710000CBF03270627012113F0010F204618BF25
:10272000032719F095FD2B4B81461B78033B012BAA
:102730001DD9BAF1010F1AD94FF6F773984502D88F
:10274000337A1F2B13D9301D1AF05DFAF1798246C6
:1027500014F0ECF806465046F7F7E2FEDEB1736877
:102760005A1C04D0834340F6024308BF1D461A4B4F
:102770001B88A34212D1B5FA85F04009FAF79AFEF8
:10278000204613F0BDF90022014607201AF004FA92
:1027900008B0BDE8F08740F60245E8E7F6F79AFE94
:1027A0008246484619F038FD0646484619F018FD9D
:1027B000F6B20290424639462846CDE900A605AB5E
:1027C000E9F760F9DCE7012BE2D110F00C0FDFD163
:1027D00078E700BF59950020608E0020002210B5D8
:1027E000094B1C78094BD1B28C4201D8002010BD96
:1027F000197A814202D19979022902D00C3301322F
:10280000F1E70120F3E700BFAB960020008A00202B
:102810000146002210B5084B1C78084BD0B2844208
:1028200001D8002010BD187A884202D19879012879
:10283000F8D00C330132F1E7AB960020008A00207B
:10284000002210B40A4B1C780A4BD1B28C4203D838
:102850005DF8044BFFF798BB197A814205D199794D
:10286000012902BF0021198059800C330132ECE7A5
:10287000AB960020008A0020044B1B6813F0300F39
:1028800003D02021302014F0CCBF70472C6A0020E8
:10289000002310B5044608491A4601EA00414FF0EA
:1028A0007F60FEF763FFE30703D50021302014F0BB
:1028B000B8FF002010BD00BF00007207044B5B880A
:1028C00023F4784323F08D0303800020704700BF7A
:1028D0002C6A002008B500220346C3F80220C3F882
:1028E00006200B4A02301268D1B212F0200F18BF36
:1028F00041F010011980930701D4FEF7ADFF054B9D
:102900001B78023B032B8CBF1720002008BD00BFA3
:102910002C6A00205895002038B505460C46FDF776
:10292000D5FB98B10E4B187878B10E4B1B681A0482
:102930000FD58CB113F0420F00D17DB103F4407379
:10294000B3F5407F0CBF0020232038BD40F608407F
:10295000FBE740F60B40F8E72046F6E72320F4E7D4
:10296000549500202C6A0020F0B504468DB007A8CD
:102970000D461646EAF78EFA1022002103A812F03F
:1029800056F95CB1234603AC03F1100722461868E0
:102990005968083303C2BB421446F7D1012703A983
:1029A00086EA070307A88DF81C708DF81D30EAF73A
:1029B0008DFD80EA070401A8E4B2EAF73FFBB6B157
:1029C00001A88DF8065010F036F964B1002303A970
:1029D00007A88DF81D3010F0A1F80C4B1B78432B85
:1029E00001D1F7F78BFE0A4B1D700DB0F0BD01A8A9
:1029F0008DF8075010F01FF9002CF6D003A907A896
:102A00008DF81D7010F08AF8EFE700BF5895002090
:102A100053950020F0B5012593B007460DA80C464C
:102A2000EAF738FA05A90DA8ADF8345010F095F87A
:102A300001A8EAF703FB09A90DA88DF835509DF808
:102A4000066010F08AF80DA89DF80750EAF706FD19
:102A500070BB731BDBB2802B28D91FB1A64225D0D7
:102A6000A54223D105A90DA810F058F803A8EAF74C
:102A7000E5FA03A88DF80F6010F0DDF80122294671
:102A800009A8FFF771FFF7F7EFFE01214FF400707F
:102A900003F09AFDFDF704FBB0F1004F01D9FDF7FB
:102AA00005FB044B1878E9F7C7FB012013B0F0BD14
:102AB0000020FBE75395002070B50E4614460546EE
:102AC0000320FFF775F946F004022946204610F06E
:102AD00089F80022014B1A6070BD00BF286A0020EF
:102AE000F0B587B0078805461022002102A812F031
:102AF0009EF83B4B1B78002B6FD1B80557D407F0DD
:102B00008403842B5CD0374C14F019FF17F4045F56
:102B1000276005F102061CD0BA040AD5304605F03C
:102B20004DF900284AD1236823F4005343F48073FD
:102B30002360304614F010FF00283ED10FF033FE22
:102B400018B9236843F480332360236843F02003DB
:102B500023602268334642F4004112F0400218BF5D
:102B600005F1230247F2FF102160FEF7FFFD0DF192
:102B70000600FFF7A3FE236813F4805FBDF806305C
:102B800022D043F02003ADF80630BDF80600FFF771
:102B90007FFE23689B0506D5012295F8221005F1DA
:102BA0001200FFF7E1FE00200F4B186006E005F170
:102BB000120014F0D1FE0028A1D0292007B0F0BDEA
:102BC000B907A0D52320F9E723F02003ADF806309C
:102BD000FDF76CFAFEF7EAFBD7E70220EEE700BF4D
:102BE000589500202C6A0020286A002008B5054B63
:102BF0001B7833B1FFF740FEBDE808400248FEF7FE
:102C000047BE08BD549500207096002010B5154BA6
:102C10001B78D3B1144B1B78033B012B15D9002033
:102C200015F051F9044698B1E8F760FA237913F0EA
:102C3000300F0AD148B1012803F0CF0206D0811E1F
:102C40004B424B415B011343237110BD1023FAE744
:102C5000F7F79CFA0028F8D021462046BDE810403E
:102C600004F048B8549500205995002008B513F099
:102C7000DAF9054B18B91868C0F3800008BD186868
:102C8000C0F30050FAE700BF2C6A00202DE9F0479E
:102C9000064689461046002188B01546984605F03C
:102CA000FDFD102807460AD8684B0341DB0706D410
:102CB000C8F340049DB9002008B0BDE8F087644B1C
:102CC0001C78002CF6D0FFF7D1FF00280CBF4FF482
:102CD000F0744FF4D074FC4004F00104EAE70023E0
:102CE00018F0010F1A4629464FF005000CBF4FF0AF
:102CF000080A4FF4027A0CF04DFB0028DBD0C82301
:102D000032460093514600232846F6F78BFAADF879
:102D10000E000028CFD018F0080A4AD14FF6F773FA
:102D2000A7F10F02D2B29E428CBF09230123012AD0
:102D300001D843F04003474A8DF810301378591CEE
:102D400011708DF81130002C4FD09DF81030052FE8
:102D500043F020038DF8103033D03F4B1D78002D09
:102D60005AD04FF6F77300259E424FF00F0248D914
:102D7000012304A90DF10E00F5F7E4FB00289AD118
:102D8000002C4DD1BAF1000133463A4618BF01215B
:102D9000BDF80E00CDF8009010F0E7F8ADF80E0089
:102DA000002888D018F0040F4DD0314613F0B7FF3B
:102DB00082E749460DF10E0004F0E0FF0028ADD196
:102DC00079E70121BDF80E0019F042FA012105F062
:102DD00065FD0123834013F0620F1CD11E4B1B784D
:102DE000E3B14FF6F7731825BEE71B4B25461B785A
:102DF0000222002BBCD04FF6F7739E42B8D8052FA5
:102E0000B6D0BAF1000FB3D19DF8103043F04003B3
:102E10008DF81030ACE710250F22A9E71825FBE745
:102E2000BAF1000F0AD002234A46009029460DF15C
:102E30000E00FEF7CDFA0028A4D03CE7412352460D
:102E4000CDF800A0F2E713F054FF35E79FFEFEFF38
:102E50005495002055950020469500202DE9DF432C
:102E60001E46144B80461B680F469B0791460A9CE2
:102E70001BD4204614B110F060F8C0B20622CDE990
:102E800002403B460020CDE900890B4915F0C1FA0C
:102E9000024650B10021002E0CBF01230323084637
:102EA00004B0BDE8D043FFF7F1BE002004B0BDE898
:102EB000D08300BF2C6A00208B7A05082DE9F04FE3
:102EC0008DB081468A461F4693469DF85C803AB98C
:102ED00003A8FEF7C1FCB0BB00200DB0BDE8F08F29
:102EE000154600222321104612F01FFFADF80A00FC
:102EF0000028F1D019F074F90523044618F0100FDA
:102F000000F8023B677020D01122002111F08FFEE3
:102F100004F11306032F4FF0080237D1594630460B
:102F200011F06BFEC8F3801306F10905337210F03F
:102F300000F800283ED000232B706B70012303356E
:102F400005F8013C36E003ADCBE7012610221699C7
:102F500011F053FE06FA07F313F0620F02D104F1E9
:102F60001206D7E707A8E9F795FF05A88DF81C60BA
:102F7000EAF764F89DF8162018F0200F9DF8173036
:102F800008BF134604F11306A374C3E75146304645
:102F900011F033FE012306F10802121B28460093AC
:102FA000BDF80A10082392B21AF0A0FC042F06F113
:102FB0001005BCD02D1BA9B20DF10A0015F072F955
:102FC000002889D118F0040F0BD0484619F028FBCF
:102FD000FF281FBF074A32F8103023F4804322F83D
:102FE0001030434651464846BDF80A20FFF74EFED2
:102FF00073E700BFF48D002070B5032690B08DF804
:10300000076013F010F818B90224204610B070BD04
:10301000F5F73AFC0028F7D002AD2846FEF71CFC75
:103020000028F1D01B4B1C6814F00204ECD140F2D4
:103030000F43194AADF82430136804A8CDF82630A0
:103040005368CDF82A30E9F725FF95E8030005AB72
:1030500083E80300062304A88DF81D308DF8106066
:10306000EAF788F901210DF12E020DF10700EAF7C8
:10307000EBF822461A2109A812F057FE024608B9B9
:103080001924C2E7012329462046FFF7FFFD002847
:10309000BBD1F5E72C6A0020709600202DE9F04F97
:1030A00006460F46002199B01F2210A803930F91E6
:1030B00011F0BDFD304613F064F80146304605F0CE
:1030C000EDFB8DF81B00304612F0F9FD9DF81B302A
:1030D00045788146C5F340059806304648BF45F01F
:1030E000020513F01FF90446304619F095F8002345
:1030F000001B5FFA80FA00935346232B28BF23233B
:10310000224631460FA81AF0F1FB00283ED19D4B14
:103110009DF83C801B789DF83DB0002B39D0FFF71F
:10312000A5FD00280CBF4FF4F0734FF4D07323FAC1
:1031300008F3D9072DD5AA072BD4B8F1080F22D14F
:10314000BBF1040F22D1FAF76DFEF8B922463146E1
:1031500005200DF11B030CF001F9B8B1A8F1050829
:10316000B8F10D0F12D8DFE818F02800A001C70150
:10317000EC01F2011100110011001100F801990297
:10318000A502D302D302B8F1050F08D019B0BDE8EB
:10319000F08FB8F1100F05D1039B002BF6D0FAF792
:1031A00041FED3E7FAF73EFE0028CFD0B8F1050F75
:1031B000CCD0B8F1110FC9D0E8E7BBF1050FE5D8C5
:1031C000304612F0DFFC059009F1020019F01BFDFA
:1031D00081460DF11E00FFF771FB01239DF83D7044
:1031E000BB4013F06203039305D0BDF81E309B076C
:1031F00001D5AE07CAD512F016FF0028C6D0FAF7DF
:1032000011FE08B9002DC1D00DF13E0A504614F050
:10321000A3FB039B0490BBB1032F9DF84EB01AD1C2
:103220000DF14F0412F0FFFE814540F01781032D90
:10323000ACD19DF856105246003918BF01210DF14E
:103240004E000FF09BFEA1E7032FDDF80CB07BD101
:103250000DF14E04E6E74C4B1B689C0729D5FF2275
:1032600008210DF1570012F073FE804608BB03469B
:1032700001460DF157020220FEF778FA12F0D3FE54
:1032800081450DF157060DF14F0422D04FF6F7732B
:10329000994540F2E88000220821204612F058FEAD
:1032A000002800F0E080002259465046FFF75CFB02
:1032B0006CE70DF157060DF14F04304614F0D9FAC2
:1032C000002846D012F0AFFE814540F0C8804FF094
:1032D00000082046F5F79AFF002800F0C080012F73
:1032E00058D0042F7FF452AF14F0E6FA10B1032D3A
:1032F0007FF44CAF049B002B7FF448AF3246022191
:103300005046FFF7D9FB214B1B7863B1FFF774FEE2
:10331000FEF748FD022806D10120FEF73DFD012100
:103320000846FEF7B5FB1A4B1B78022B1FD1032171
:103330003046E8F795FFFEF735FD014600287FF49B
:1033400025AFFEF7A5FB21E70DF156060DF14E0462
:10335000B3E70F4B1B78432B7FF418AF012F7FF49B
:1033600015AF12F060FE814579D1B846B1E7412B27
:103370007FF40CAF044B1B6858057FF507AFF8F7D7
:10338000E7FD03E7549500202C6A00209B9600205F
:1033900058950020BB4C2378022B22D02378412B58
:1033A0003FF4F4AE049B33B9FAF73CFD59460246AC
:1033B0005046FFF7D9FAFAF735FD00283FF4E6AE9C
:1033C00014F07AFAB04F98B13B681A0502D423780A
:1033D000432B0DD1AB070BD440F61A40F7F7ACFDE9
:1033E000D4E614F069FA0028D8D0A907D6D4CDE6DF
:1033F000386810F0020002D1059903F07BFC2378B5
:10340000112B16D13B685C0513D50020FEF756FB47
:10341000044600287FF4BAAE13F000FB40F61C40CF
:10342000F7F78AFD21462046FEF732FBF7F790FDBD
:10343000ACE6A80701D5FFF71FFAB8F1000F9ED040
:103440000FF0B1F918B94FF4803114F0EAF9002205
:103450008E4B30461A6014F003FA90E70026039B67
:10346000002B7FF413AF4FF6FF73204608A9ADF889
:103470002030F5F71BFE20B1204612F0B0FDADF86C
:1034800020004FF6FF73BDF8200098423FF47EAE57
:10349000049B3246002B0CBF042315232146CDE9A3
:1034A00000A33B46FFF70AFD70E612F0BCFD0028C2
:1034B0007FF46CAE764B1B78002B3FF467AEA90708
:1034C00004D4714B1B689A013FF560AEBAF10C0F42
:1034D0000DF1450094BF002412AC19F094FB024694
:1034E0009DF8470003283FF651AE394600940DF190
:1034F0003D0304F0C3F949E60DF13D00F5F786FE02
:1035000028B1022239460020FAF740F93EE6614B25
:103510001B78013B012B3FF639AE0DF13D0002F067
:1035200039FD4FF6FF739842044606D10DF13D0078
:1035300012F055FDA0423FF429AE0021FAF736FA09
:1035400024E62A4638460FA904F096FA1EE69DF8AE
:103550003D100120FFF75EFA18E64E4B1B78013B49
:10356000012B3FF613AEEB077FF510AE0DF13D00DA
:1035700002F010FD4FF6FF7398420546804673D166
:103580000DF13D0012F02BFD4045054607466BD17D
:103590000DF13D00F6F7E8FDB84205463FF4F6AD03
:1035A000304618F039FE00220934E4B2071BFFB29E
:1035B0003946104612F0B9FBADF81C0000283FF464
:1035C000E5AD4FF0010900232A460821CDF800900F
:1035D000F5F728FEADF81E0000283FF4D7AD2146D0
:1035E000304612F081FE4FF0000A80461622514606
:1035F00009A8CDF820A011F01AFB43462246314617
:10360000CDF800A008A81AF071F94B46424608A967
:103610000DF11E00F4F796FF00287FF4B7ADA7EB7D
:103620000807FFB2394607A814F03CFE284618F0F8
:10363000F7FFFF2818BF184A444418BF32F810306B
:10364000E4B21CBF23F4804322F81030BDF81C0004
:10365000234632460021009714F04CFE2946BDF85F
:103660001E0013F05CFB91E5284618F0D9FFFF28F7
:10367000074695D0F6F79EFF002891D0384603F014
:1036800065F88DE7589500202C6A0020286A0020F4
:103690005495002059950020F48D00201E4B1B7876
:1036A000013B012B3FF672AD2A4638460FA9FCF7C5
:1036B0008FFA6BE5194B1B78022B20D1002F7FF47A
:1036C00065AD08A8FEF7C8F800283FF45FAD144BBD
:1036D0001F709DF83D30002B14BF64246524FEF755
:1036E00061FB032806D138463946FEF7D1F9384642
:1036F000FEF75EFB214608A8E8F7B2FD46E5043B6D
:10370000012BDBD938460FF026FC0028D6D13DE549
:1037100030460FF022FC39E55995002058950020DD
:103720009B9600202DE9F34105460E461746984624
:1037300014F0C2F8044640B101233A463146284607
:10374000CDF80080FFF78AFB044614F0B5F830B1DD
:10375000FFF78CFA78B10A4B1B689B010BD400234E
:103760003A4631462846CDF80080FFF777FB002C1B
:103770000CBF0446012404F0010002B0BDE8F08152
:103780002C6A002070B58AB005A8E9F783FB0223F4
:1037900001AA15468DF81430084B03F110061446A3
:1037A00018685968083303C4B3422246F7D1294642
:1037B00005A8E9F78BFE0AB070BD00BF917A050835
:1037C000014B1878704700BFD4A10020014B188826
:1037D000704700BF66A100204FF6FF732DE9F0434C
:1037E000994280460D4685B00BD000274FF6FD79F3
:1037F0001C4EE7F75DFCFCB2A0420BD84FF6FF7001
:103800001DE0F5F703FD0028EFD005B0BDE8F0435B
:1038100012F009BC36F814304B4517D869462046DB
:1038200014F09EF8082241460DF1050011F0D5F97B
:103830004FF6FF7360B99D4204D136F8140005B00D
:10384000BDE8F08326F8145014F046F80137D0E7AD
:103850009D42FBD036F81430AB4208BF26F81490D6
:10386000F4E700BFD88A00202DE9FF4706460F463F
:1038700000254FF6FD79DFF83C80DFF83CA0E7F744
:1038800017FCECB2A04202D804B0BDE8F08738F8CB
:1038900014304B450CD86946204614F061F80822D4
:1038A00031460DF1050011F098F908B90AF80470D5
:1038B0000135E4E7D88A002019950020014B33F840
:1038C00010007047D88A0020F0B5064600250D4F3D
:1038D00085B0E7F7EDFBECB2A04201D805B0F0BD32
:1038E00037F81430B3420BD16946204614F06FF814
:1038F0009DF80030022B1CBF4FF6FD7327F81430E3
:103900000135E6E7D88A002030B585B00446E7F7F0
:10391000CFFBA04219D92046FEF760FF0546B0B99B
:103920006946204614F01CF89DF800302BB169461A
:1039300020468DF8005014F02FF84FF6FF7200204B
:10394000044B23F8142005B030BD2820FBE740F6D7
:103950000440F8E7D88A00202DE9F0410B780546AD
:103960000E461BB9BDE8F041FFF7CEBFE7F7A0FB5D
:10397000A84231D92846FEF731FF78BB374617F801
:10398000058B4FF6FF713846FFF726FF0446384691
:1039900000F01EFAB0FA80F04009B8F1000F15D01F
:1039A000B8F1030F15D04FF6FF724FF6FD73944236
:1039B00008BF1C460B4B314623F815400A4B58559F
:1039C000284613F0E9FF0020BDE8F0814FF6FF74B0
:1039D000F0E74FF6FE74EDE72820F5E740F60440E7
:1039E000F2E700BFD88A0020199500202DE9FF4199
:1039F0000D4604464FF6FE780F4F0E0AE7F758FBC8
:103A0000A04204D8FF24204604B0BDE8F08137F876
:103A1000143043450CD16946204613F0A1FF9DF8B0
:103A20000520EBB29A4203D19DF80630B342EAD0AA
:103A30000134E4B2E2E700BFD88A00202DE9F04F5C
:103A40000C461746984600254FF6FD7B87B09DF83B
:103A500040A0DFF85C900190E7F72AFBEEB2B0429D
:103A600001D8FF2616E039F816205A451ED83046F0
:103A700002A913F075FF3FB99DF80920424515D101
:103A80009DF80C20524511D144B939F81620019BFC
:103A90009A420BD1304607B0BDE8F08F082220468D
:103AA0000DF10D0111F099F80028F3D00135D3E79D
:103AB000D88A002010B5144613F052FF2046BDE806
:103AC00010400822014911F098B800BF70960020FC
:103AD0002DE9FF47074615460846082224491E4699
:103AE00011F07BF8044600283FD14FF6FF7ADFF84B
:103AF0008490E7F7DDFA5FFA84F840450BD885B388
:103B000038460BF048FD01250C9B187001203570DC
:103B100004B0BDE8F08739F8183053451FD0694626
:103B2000404613F01DFF7A789DF801309A4216D175
:103B30007A88BDF802309A4211D13A799DF8043062
:103B40009A420CD108220DF10501781D11F045F8BB
:103B500028B9002DD7D140460BF038FDD3E701340A
:103B6000C7E7FF200BF032FDCEE70020D0E700BF13
:103B700070960020D88A0020F0B50025154E164F0B
:103B800085B0E7F795FAECB2A04201D805B0F0BDD8
:103B90006946204613F0E4FE9DF80030032B06D959
:103BA0000023694620468DF8003013F0F5FE9DF89D
:103BB000002062B14FF6FD734FF6FE71032A08BF75
:103BC0000B4626F81430002301353B55D9E74FF654
:103BD000FF73F6E7D88A002019950020F8B50E4645
:103BE00004464FF6FF770C4B0C4D1B7803EB430359
:103BF00005EB8305A54202D800242046F8BD2388A2
:103C0000BB4206D008223146A01C10F0E6FF002877
:103C1000F3D00C34EEE700BF98A10020788A002092
:103C2000044BFF211A78044802EB4202920010F084
:103C3000FEBF00BF98A10020788A0020F8B5044696
:103C40000C4B0D461B781046A3420DD90C270221C0
:103C500017FB04117C43084E0822314410F0CDFFBD
:103C6000335B00202B80F8BD0023136053604FF6B8
:103C7000FF73F6E798A10020788A002038B5044643
:103C80004FF6FD75FFF720FE0022084B1878084B11
:103C9000D1B2884200D838BD33F80C1C0132A142A1
:103CA00008BF23F80C5C0C33F2E700BF98A100209A
:103CB000848A002070B505460E460846FFF7DEFFF1
:103CC00031462846FFF788FD29460648FFF786FF5C
:103CD00000B970BD044624F80C6B13F0FDFD2946B5
:103CE0002046F3E7788A002010B5082286B02349E1
:103CF000044610F072FF20B906B0BDE8104012F083
:103D000092B9082220461E4910F067FF20B91D4BCA
:103D1000B3F8680006B010BD0023012221464FF61B
:103D2000FF700093FFF78AFEFF2806D0164B33F88A
:103D300010004FF6FB739842ECD903A8FEF7CAFDBA
:103D400058B9BDF80C305B0607D5082221460DF1A5
:103D50000E0010F042FF0028DCD021460B48FFF790
:103D60003DFF40B14FF6FB724FF6FF730088904263
:103D700088BF1846CEE74FF6FF70CBE7709600205D
:103D800016850020AC840020D88A0020788A002084
:103D900070B5002204464FF6FB7608460A4B1D78A4
:103DA0000A4BD1B28D4201D8002009E01988B142F6
:103DB00007D8A14205D10822991C10F01EFF01204E
:103DC00070BD0C330132ECE798A10020788A002006
:103DD00037B5014605460E48FFF700FF044640B1DF
:103DE000807A294613F017FE80F00100C0B203B0BC
:103DF00030BD03460090012229464FF6FF70FFF7C1
:103E00001DFEFF2816BF034B2046185CE9E700BFE4
:103E1000788A0020199500202DE9F341224B0446B1
:103E20001B780F468342154638D9FEF7F1FCB8BB24
:103E30004FF6FD739D421D4E0ED004EB440326F851
:103E400023504FF6FF739D421FD12046FEF7F8FC2A
:103E5000002002B0BDE8F0810DF106013846F5F70B
:103E600025F94FF6FF72BDF806303846934218BF69
:103E70001D460C236343F55206EB0308FFF7A8FF2A
:103E8000B0FA80F0400988F80A000C2303FB0460B4
:103E900008223946023010F0B0FED9E72820D8E7D2
:103EA00040F60540D5E700BF98A10020788A0020A1
:103EB00038B504460D46FFF7D7FC21460448FFF706
:103EC0008DFE00B938BD857221460C30F7E700BF82
:103ED000788A00200023074A1370074A1370074AA4
:103EE000118801B11380064B1A880AB100221A808A
:103EF000704700BFAD960020AC960020708E002069
:103F00006E8E00202DE9F04F4C4C9846238889B0E6
:103F100005900F4610469DF848A05BB952B114F0C9
:103F2000DAF920804FF4FA61454809B0BDE8F04F56
:103F300018F042BADFF81C91B9F80050002D69D092
:103F4000284618F069F9C0F34704284618F048F9E4
:103F5000DFF804A10294BAF80030DFF800B1019351
:103F6000BBF8003005460093002243460120354946
:103F700014F04FFAADF81E0010B305EB440801240D
:103F8000454512D1E4B9BDF81E50CDB12E4B1B787A
:103F90002BBB2B4600223946059800F049FA002336
:103FA000ABF80030AAF800300AE0012329461A468F
:103FB0000DF11E00F4F7C6FA023504460028DFD0E2
:103FC0000023224AA9F800301378013BDBB21370BA
:103FD000002BA7D109B0BDE8F04FFFF77BBF11F070
:103FE000EEFF0146284604F059FC0A218046284687
:103FF00004F054FC0646A64202D8FF2CCFD1C8E7F5
:10400000284604F10B0104F049FC8045C1D8013475
:10401000E4B2F0E70E4C237823B918F0B1FB08B9ED
:1040200001232370524641460520F5F737FE00284C
:10403000D0D1207009B0BDE8F08F00BF708E002095
:1040400028A00020A27A0508AE960020AD96002098
:10405000AC9600206E8E0020088E00200A8E002074
:1040600030B5154D87B02C889CB923464FF4A0720B
:1040700048F2380103A813F0B1FD2146204612F0A2
:104080008CFD22460D4B009403A9FFF73BFF07B0C0
:1040900030BD204611F013FE043018F0B4FD03A922
:1040A0000446288812F04AF90023009320462A8803
:1040B00003A900F035FBEAE7708E002000F8FF0747
:1040C00037B5002001A912F068FD0D4C0146237898
:1040D0000C4D7BB10C4B019A187812F07DFD2078C5
:1040E000F7F7E4FA002323702B700848F4F7D6FAA8
:1040F00003B030BD2B78002BF7D0FFF7B1FFF4E70A
:10410000B0960020AD960020AF96002028A0002099
:1041100008B50548F3F7D2FF0448F3F7CFFFBDE831
:1041200008400348F3F7CABF708E00206E8E00204F
:104130006C8E00202DE9F04F89B089460446CDE908
:1041400005239DF84870139E30B316F801ABBAF101
:10415000000F23D00AF1FF34A400E4B2314601205D
:104160000EF028FFC00E1BD1DFF844B1314601200C
:104170000EF020FF9BF8005034442279BDB1002F8F
:1041800047D180234846CDE90277CDE90077414AFF
:10419000059900F04DF93CE08246DFE75446DDE743
:1041A0001B28ECD9314601200EF004FFE7E7DFF8C9
:1041B0000481FF2A00EA08080BD14246E379A1797D
:1041C000607901EB032189B209B0BDE8F04F12F02C
:1041D00003BD314909688B070AD5FE2A3AD101236C
:1041E0000135EDB2202D4FEA43030AD1FF250AE045
:1041F00029462846079212F0D0FC4845BFD1079ABD
:10420000EBE79845ECD1254B1B78FF2B04D0AB4254
:1042100004D009B0BDE8F08FFF2DFAD00020F2F7EE
:1042200073FFA842F5D029460020F2F773FF00285B
:10423000EFD09BF800306479002BEAD1FFF74AFEFB
:1042400017484FF4105118F0B7F8164B8BF8005080
:104250001C70DEE7052A92D8BAF1010F8FD8B8F1A9
:10426000000F8CD0002FD4D17379002BD1D00E4900
:10427000098821B9082B28BF08230C490B70434635
:1042800048461292DDE9051209B0BDE8F04FFFF78C
:1042900039BE00BFA27A05082C6A0020D5A10020F3
:1042A00028A00020AF960020708E0020AD96002040
:1042B000B096002000F8FF07014B1880FFF7D0BE32
:1042C0006E8E002037B5184B1B78022B03D01725B4
:1042D000284603B030BD00210DF10700F4F764FB60
:1042E00005460028F3D1114B1B78013B012B01D966
:1042F0000225EDE7F4F7C2FA0028F9D00DF08AFEA6
:104300000446F4F7BBFA0A4B4FF47A7118700B238A
:10431000B4FBF3F203FB12440A34A4B26143054830
:1043200018F04AF8D4E700BF5895002059950020AE
:1043300049950020586900202DE9F043384B0024AE
:104340001E784FF4F813374FA5B003933D78ADF8BE
:104350001040F7F757FABDF90E30ADF81200A3423E
:10436000ADF8144006DB304B1C780134E4B21C700D
:1043700044F080048DF82C40A94602244FF0000838
:104380008DF82D60B14529D3002221460BA83D7040
:104390008DF82D8011F0C9FCE8B1B8F1000F09D0FB
:1043A00000234FF6FC71CDE9000303AAFF2306208A
:1043B000FCF776F8B5422FD20DF02CFE0B23B0FBA4
:1043C000F3F24FF47A7102FB13000A3080B24143DA
:1043D000164817F0F1FF25B0BDE8F083484606A95E
:1043E00002F0DAF998B9512C11D804F190030DEBD1
:1043F0000302083406AB013508F1010803CBE4B22F
:1044000042F8640C42F8601CEDB25FFA88F809F1DA
:1044100001095FFA89F9B5E70448F4F73FF9DAE7EB
:10442000499500204A950020B29600205869002046
:104430000CB42DE9F04F8BB014AA0E4652F8041BB1
:1044400007460992002940F08F80BDF85400ADF86E
:104450002200002800F0A18033794FF6F778002B76
:1044600040F0868047458CBF4FF009084FF00808A0
:104470004C4B1C78FF2C40F08380B6F90230002BA7
:10448000A9BF494B347A1C780134A2BFE4B21C7036
:1044900044F08004DFF81CB12246002104F012FA37
:1044A0009BF80030BDF82200002B6CD0DFF808A18B
:1044B0004FF00009BAF80030079317F0ADFE05463B
:1044C000BDF8220017F08CFEEBB2CDE90193FF237B
:1044D000CDE9030900932246334639460798FCF795
:1044E00079F94FF6FF7305468BF80090AAF8003073
:1044F000382D33D13246394640460DF122030EF0B5
:1045000032FD00284BD04FF6F7739F4226D8B6F9FC
:1045100002307088002B21DA48F204022349244B30
:104520004FF00008904214BF8946994611F07BFD78
:10453000494603468A220120CDF8008013F069FF26
:10454000814658B12246414604F0BCF9FF23324669
:1045500039464046CDE90098FBF7A2FF28460BB04C
:10456000BDE8F04F02B07047012013F015FF6EE771
:10457000002347458CBF4FF006089846337177E714
:10458000FF221A7086E7CDE900033246FF23394641
:104590004046FBF785FF0546AAE71925DEE70546F5
:1045A000DCE700BFD7A10020B29600206C7B050895
:1045B000A87A0508B1960020728E002070B54FF4DD
:1045C000003300240546164688B0ADF81A100DF1E8
:1045D0000F0204A90593ADF81840ADF81C400494EF
:1045E0008DF80F400EF096FC9DF80F302846019391
:1045F000049B044A009305A93346FFF719FF08B04E
:1046000070BD00BFAC7A050830B54FF4803500248A
:1046100087B00395BDF82850CDE900128DF8103011
:10462000074A034603A9BDF82C008DF81140ADF8E8
:104630001250ADF81440FFF7FBFE07B030BD00BFCD
:104640005E7B05084FF498124FF0806310B586B07A
:10465000CDE903230023ADF8143011F0E4FC044647
:10466000F7F7D0F8054B01900093054A234603A9BC
:104670004FF6FD70FFF7DCFE06B010BD709600200F
:10468000AF7A050830B500244FF4806587B0CDE9D6
:1046900000128DF81030084A034603A94FF6FD704A
:1046A0008DF811400394ADF81250ADF81440FFF7A7
:1046B000BFFE07B030BD00BFB37A050870B5154620
:1046C0001E464FF498124FF0806386B0CDE9032365
:1046D00000230122ADF814300D4B04461A700D4B27
:1046E0001880084661B1FBF7C5FE2346CDE90056A8
:1046F000094A03A94FF6FD70FFF79AFE06B070BD98
:10470000064B8DF8161019700223ADF81230ECE745
:10471000B1960020728E0020AF7A0508D7A1002044
:104720002DE9F04F9BB00E4605460EA91046CDE987
:104730000A329DF8907013F0A9F9BDF838A08046B0
:10474000504617F069FDB6F902300446002BB6F862
:104750000690B6F802B004DA0022B24B1A700020BC
:1047600049E0504617F058FD4045F5D3A4EB080446
:10477000E3B2002F18BF4FF4A079152B099328BF7F
:1047800015230024013308F1FF325146DBB292B207
:10479000009414A819F0AAF86FEA4B436FEA534348
:1047A000A1499DF8502008684968ADF846300FAB24
:1047B00003C3ADF84840ADF84440ADF84A90ADF8B9
:1047C0004C20BBF1000F24D10DF15100F4F71EFD78
:1047D000A0B111F028FC5C4606460DF1590A0DF116
:1047E00051030A9A9AF80080012A2DD157B384F018
:1047F000010404F001001BB0BDE8F08F0DF1510081
:1048000001F0C8FB4FF6FF74011B4C4206464C41B9
:10481000E3E7BBF1010F40F09480BDF8516011F067
:1048200002FC86420AD030460FA913F002FA80F04B
:104830000104E4B20DF1530A0FABD2E77B4B0DF14B
:10484000530ACEE70A9CD4E797B3002C75D1B8F190
:10485000010F72D837D111F0E6FB11F0E4FB2246CC
:1048600006469AF80170714B00210120CDE90061E4
:1048700002976F4913F0CDFDADF83A0000285CD0E7
:10488000002C53D1B8F1010F50D12646DFF8B8A162
:104890009AF800305FFA84F8434538D9404617F05B
:1048A00017FFC20702D5BFB1013FFFB20134EFE7E6
:1048B000B8F1010F05D1002CCDD081229AF80170FA
:1048C000D2E7002CF9D1B8F1010F94BF00220122E8
:1048D0009AF80170D201C7E7404601F02BFB012393
:1048E000ADF8340002220DA90DF13A00F3F72AFECB
:1048F00018BBBDF83A0017F08FFC8046484612F00E
:1049000029FF08F1010801368045F6B2CEDBB6B1C9
:1049100032460C21BDF83A0003F0D4FF00222846AD
:10492000BDF83A3011A9FFF783FD06E00C210DF127
:104930003A0013F0B7FC0028F0D001205BE70D210E
:10494000F5E70A9B002B7FF40AAF7388342B57D10D
:10495000099B092B7FF403AF002F7FF400AF9DF973
:1049600059603A46B41008210DF1510004F02004BA
:1049700011F0EEFAD0B12F4B1B78012B3FF4EFAEC4
:10498000022B27D12C4B1B6813F0807F25D12A4B9B
:104990001B685B0201D5002E30DA00232846274A27
:1049A00011A9FFF745FD264B1C70D8E60DF151000B
:1049B000F4F72CFC0028DED10DF1510001F0EAFAE9
:1049C0004FF6FF73984208D02146F8F7EFFF0346F1
:1049D00018B903E0033B012B06D9C8232846174A20
:1049E00011A9FFF725FDBAE6164BB3F86830AB42C4
:1049F000CDD0114B1B6813F0805FC7E78D23EDE727
:104A0000099BCDE9059204930DF15103CDE9028391
:104A100031462846CDE9007A0B9B11AA00F066F8D2
:104A20009DE600BFA5960020FDFF040870960020BB
:104A3000B77A0508599500202C6A0020D97A050814
:104A4000D6A10020AC840020A6A1002038B50A4BD6
:104A500005461C7824B111F0E6FAB0FA80F4640936
:104A6000F9F75AF808B144F04004E6F72DFB44EAA0
:104A70004020284038BD00BF54950020014B1880CD
:104A8000002070476EA10020084B10B50446188026
:104A9000F6F7B8FE04F0100400F00403A3421EBFB2
:104AA0009843034B1870002010BD00BF6CA100207C
:104AB000579500204FF6FF71034602881B798A4202
:104AC00017BF074901200A8041881EBF054A002000
:104AD0001180FF2B1EBF044A00201370704700BFD7
:104AE0006AA1002068A10020B39600202DE9F04FB4
:104AF000B7B09946BDF80431439C0D939DF8083139
:104B000083460E93BDF8143120460F939DF818315B
:104B1000B1F802A00F4690469DF80051109318F08E
:104B200072F8BAF1110F064600F28A8011F07BFA92
:104B3000B04200F08F80BAF1060F19D14FF6FD7325
:104B40009E423ED0DDB9BC4B1B78033B012B36D9CE
:104B5000304617F065FDFF2814BF8923812300220A
:104B60004146CDE900625846B44AFFF761FC06E0D1
:104B70002DB9BAF1030F08D8BAF1010F0AD80022F3
:104B8000AF4B1A7037B0BDE8F08FAAF10403022BC7
:104B9000F5D8D8E7A84B1B78033B012B0DD930463D
:104BA00017F03EFDFF2814BF892381234146584654
:104BB000A44A0096FFF73CFCE1E78023F6E7802358
:104BC000CDE7A14B1B785A074CD411F02CFA0026E4
:104BD0000346324601209949009613F01AFC2379C6
:104BE000ADF86C000F930028CCD0DDE90E320D98A3
:104BF00003EB420917F010FB5FFA89F909F1050789
:104C0000FFB28742BED239460D9803F047FE10909E
:104C100007EB40070D9817F0FFFA8742B2DADDE99B
:104C20000F321343DBB2002B40F03282002DA9D1AA
:104C30002F463A460421BDF86C0003F043FE76E1AE
:104C4000814BBAF13A0F1B7811D948F23B039A45D0
:104C500008D014E07C4B1B785B070BD5AAF104034A
:104C6000022B07D8FB8843F48043FB808AE7BAF124
:104C70001B0F1ED8AAF102039AB2132A5ED9109B09
:104C8000494602930F9B5046CDE900530E9A5B466E
:104C90000EF04DF90F287FF475AF0122684B1A70A2
:104CA000694B1B789B0740F1FB83002D7FF46AAFB3
:104CB000D8E7AAF11C021E2AE1D801A151F822F07E
:104CC000F35403087F4C03087F4C03080551030885
:104CD0007F4C0308E5510308E55103087F4C0308A6
:104CE0007F4C03087F4C03087F4C03087F4C03086C
:104CF0007F4C03087F4C03087F4C03087F4C03085C
:104D00007F4C03087F4C03087F4C03087F4C03084B
:104D10007F4C0308155203081552030889540308F1
:104D20007F4C03087F4C0308A95403087F4C0308F9
:104D3000435503085955030867550308132B9ED89C
:104D400001A252F823F000BF994D0308614E0308F9
:104D50007F4E03085D4F0308CB4B03087F4C0308CD
:104D60007F4C03087F4C03087F4C03087F4C0308EB
:104D70007F4C03087F4C03087F4C03087F4C0308DB
:104D80007F4C03087F4C03087F4C03089F500308A7
:104D90007F4C03081F55030800241BAB5A464846A6
:104DA0000E9900931DAB1D948DF86C400EF0B3F876
:104DB00011F039F9204B05461B78012B03D0022B4B
:104DC00014BF02240124E6F77FF9162894BF0020BF
:104DD000012044EA4014F6F715FD1C4B0646B3F8D3
:104DE00000A0FBF753FB1A4B07464FF6FF70B3F8D2
:104DF0000090FFF72BFE174B9DF86C201988124B83
:104E00001B7813F002031CBF134B1B780B921D9AE7
:104E1000CDE90701CDE9093240234146CDE90143FF
:104E200058460023CDE90579CDE9036A0B4A009580
:104E3000FFF7FEFAA6E600BF59950020A87A0508FC
:104E4000A59600206C7B05080E9500206EA1002021
:104E50006AA1002068A10020B3960020BD7A050851
:104E600011F0E1F8A34BA44A1B88CDE940030023CD
:104E70004146584637B0BDE8F04FFFF7D9BAA4789D
:104E80001DA9631EDBB2EF2B204610D9F22C0ED0E9
:104E90000BF08FFD822411F0C6F800234146CDE9C6
:104EA0000003964A23465846FFF7C2FA6AE60BF01B
:104EB00080FD002850D011F0B6F89DF878209DF8BC
:104EC0007A100492BDF8762049000392BDF8742050
:104ED000C9B2CDE901429DF8792003465200D2B211
:104EE00008320A44009201200022854913F091FA09
:104EF0009DF87930ADF86C008DF8673000283FF4EC
:104F000041AE002601230DF167011A461BA8F3F7F5
:104F100019FB054600287FF435AE9DF86730EAB2EC
:104F2000934209D89DF87A308DF8673016B1BDF8F4
:104F30006C3033E00126E5E7314620460BF03BFDBF
:104F40000123ADF8680002221AA91BA8F3F7FAFAA8
:104F500001350028E1D015E683249CE711F063F8C1
:104F600004460BF03CFD23460090002201206349DB
:104F700013F04FFA00283FF405AE00252C46ADF89B
:104F800074000BF02CFDEEB2B0420DD82246042185
:104F9000BDF8740003F096FCBDF874300022414661
:104FA0005846FFF745FAEDE530460BF000FDFF28C7
:104FB0008DF86C000AD0012301341A461BA91DA8E4
:104FC000E4B2F3F7BFFA00287FF4DCAD0135D8E78F
:104FD0005046B4F802900BF0EAFCFF288DF8680008
:104FE00000F0D6821DA90BF0E4FCBDF874304B45EF
:104FF00007D04FF6FF72914540F0CA82180400F1C5
:10500000C7829DF8793013930E9B0533DBB214935E
:105010000F9B1293002311934FF000094B4613E0AE
:1050200017934900149BC9B219440D9889B213F023
:1050300074F94FF0000A179B159013995FFA8AF2E2
:105040008A4217D309F10109129A5FFA89F18A425B
:10505000E6D89DF87A201392169A1492002B40F00D
:105060008C82119B002B40F0938201231193109BA3
:105070001293D1E711999DF8680017930BF09BFCF0
:10508000159A179B0AF1010A824208BF0123D4E74F
:1050900009F106095FFA89F33746169379E2A71CEE
:1050A00039463046A57A04F0AFF801223946304639
:1050B000FAF7D8FC304612F00EFF384600F06AFFCF
:1050C0002288824207D04FF6FF72904203D017F039
:1050D000A7FA12F041FE85F00804C4F3C00421468B
:1050E0003846FEF7E5FE2146384637B0BDE8F04FBA
:1050F0000DF046BF6CA10020CA7A0508A87A050801
:10510000CE7A0508AF4B1B78033B012B7FF63AADF7
:1051100010F089FF58453FF435AD0CF07BFF0B23B1
:10512000B0FBF3F24FF47A7102FB13000A3080B245
:105130004143A54817F040F9F3F7A0FB00283FF4DE
:1051400021AD012300221846A04994F800A013F0D5
:1051500060F9ADF8680000283FF414AD002635462C
:1051600034460E9B1BAF01330E93F2B2924514D816
:10517000002C3FF407AD01232A461DA91AA8F3F716
:10518000E1F900287FF4FEAC22460221BDF8680058
:1051900003F098FBBDF8683000E74FF000090E9966
:1051A000D200D2B20A4408230D993846CDF80090B7
:1051B00018F09CFB3946484617F002FAFF280FD03A
:1051C000834B1B5C0F2B0BD997E8030005F1D80329
:1051D0006B44643B83E8030008350134EDB2E4B26C
:1051E0000136C2E7002D7FF4CDAC19073FF53AAD8B
:1051F000534622464146584603F0FEFC00287FF401
:10520000C1AC842341465846724A37B0BDE8F04FDE
:10521000FFF70EB923780F98109312F09BFA002134
:105220000646584605F052FA664BBAF1310F1B7824
:105230000746A3F103030BD1012B34D94FF0160914
:10524000654B1D78654B1B781D44EDB2002209E0CB
:10525000012B2CD9624B4FF005091D78002D14BF8E
:10526000002284220024109B012000935D492346E4
:10527000019413F0CEF800283FF484ACF61BF3B28F
:105280001193CDE90E44584B584FADF86C000D9377
:10529000E6B2B54210D80E9A0221BDF86C0003F0B8
:1052A00011FB0F9AC6E44FF016090125CEE74FF027
:1052B000050900258422D5E7162200211DA80FF03C
:1052C000B6FCBAF1320F40D13B7903F00302032A56
:1052D00024D18DF876200E9B0133DBB20E930E9A0B
:1052E000109B934214D2BDF86C0016F095FF119BF1
:1052F000484498420CDC01234A461DA91BA8F3F739
:1053000021F900287FF43EAC0F9B0133DBB20F93F1
:105310000D9B0134123308370D93B9E7B979002991
:10532000D9D13349C3F3C203CB5C1DA8012A08BFFE
:1053300043F0010339888DF8763017F066FC7988E0
:105340000DF1770017F061FCC5E71DA811F0C0FB57
:105350004FF0FF33CDE91F331F4B1B78B34261D9A8
:105360000D9B1B796F2BD3D830461FA9F5F7D6F9C3
:105370000028CDD00D9B1A881E4BB3F8683092B927
:10538000003B18BF01235B0143F004038DF8863016
:1053900002238DF887300D9B5B881B0A11468DF820
:1053A000893021A8CEE79B1A18BF01235B0143F087
:1053B00005038DF8863002238DF887300F238DF892
:1053C0008830E8E75995002058690020D87A050808
:1053D00012950020D97A0508529500205195002099
:1053E000A4A10020D67A0508E48B00205E8D002061
:1053F000DF7A0508AC8400200132D2B2561EF6B224
:1054000030461393129217F063F9DDE9122310F07E
:10541000010FF1D065490978611A994205D001332D
:10542000DBB2E9E701220023E8E7614B1FA9187806
:105430003044C0B2F5F772F900283FF469AF304646
:1054400000F078FD1290304617F042F910F0010F8D
:10545000129A0FD116238DF88630564B1B780133E4
:10546000DBB20F2B28BF0F238DF88830524B33F857
:10547000163092E73046129217F02AF910F0020F18
:10548000129AE7D11223E6E71A073FF5EBAB234662
:105490005A4641460F9803F007FC00287FF472AB90
:1054A000002D7FF46FABACE695B1444B1B78033B0A
:1054B000012B7FF667AB10F0B6FD18B9BBF1000FFA
:1054C0007FF460AB207837B0BDE8F04FF6F728B82E
:1054D00010F0A9FD20B1394B1B78033B012B01D8FB
:1054E00080238FE62B4641465846354AFEF7A0FFFB
:1054F000E8E710F098FDB0427FF444ABA01CF3F74E
:1055000085FE00283FF43EAB10F08DFD044610F000
:105510008AFD2C4B2C4ACDE940032346A8E42046C3
:1055200017F071FBFFF792FA00283FF42BAB409085
:10553000002341465846254A37B0BDE8F04FFEF7F4
:1055400077BF4B46424659460020CDE9405437B01C
:10555000BDE8F04FFEF7EEBD4B46424659460120EE
:10556000CDE94054F3E72B464A464146584640941D
:1055700037B0BDE8F04F0DF008BD01231AA91A4657
:105580001BA8F2F7DFFF00287FF4FCAA0137FFB267
:1055900001360BF024FA5FFA86FA50453FF618AD53
:1055A000002F3FF443ABFFF744BB00BF52950020F0
:1055B0009FA100209A960020E68D0020599500209A
:1055C000D97A050870960020DB7A05086C7B0508FF
:1055D000F8B5164B04461D88154B20F8025B196878
:1055E00079B108220FF009FB124B0C201B78124EE8
:1055F000A372124B19780023DAB2914205D8FF2228
:1056000009E0C4F802104160EEE7013300FB03F744
:10561000F75BAF42F0D10A4BE2721B782373094B60
:105620001B786373084B1B682361F8BD808E0020D4
:10563000D0850020B49600206C8A002098A100201C
:105640009696002095960020BC850020F0B589B084
:1056500006460C46154610F065FE0DF10A0201469D
:10566000304610F01BFD134F0346E8B901223A7093
:105670002288BDF80A1022B10246072009F06EFE0A
:1056800090B103A8FFF7A4FFBDF80A0016F0C4FD0F
:105690000646BDF80A0016F0A3FD21460090F3B2BD
:1056A000284603AAE6F78AF90023034A3B701360F1
:1056B00009B0F0BDB5960020D085002073B5ADF8D7
:1056C00006000DF1060010F042FB014608B102B0E1
:1056D00070BD0DF1060010F083FB044616F080FD4E
:1056E000C67A002EEDD1204612F0B4FAFF28E8D099
:1056F00016F0D6FF054BD3F88850002DE1D0334685
:10570000224641213046A847DBE700BFAC84002099
:1057100073B5002200210C2000F0C2FC00211948C2
:1057200018F047F801250446164E84B1204612F0C1
:1057300091FAFF2805D12146304618F05EF804465C
:10574000F3E704220023009500F07EFCF3E72146F6
:105750000D4818F02EF8012504460B4E0CB902B086
:1057600070BD204612F076FAFF2804D008220023EC
:10577000009500F069FC2146304618F03EF80446DA
:10578000ECE700BF848E0020868E00202DE9F84FC4
:1057900010460E461746994610F09FF9254A264BAB
:1057A0000021B0F5006F14BF90469846404618F0AF
:1057B00000F84FF0000A0446DFF880B00CB9BDE8ED
:1057C000F88FBC4228D1204616F00AFD857A80F871
:1057D0000BA0013DEDB2857216B13F2E00D02DBB5E
:1057E00016F0F0FF0546204610F077F9B0F5006F8F
:1057F0004FF00002214615D10F4810F010FBFFF7C3
:1058000087FF284616F0D9FFDBF8885025B14B46B4
:105810003A4631460020A8472146404617F0EDFFA2
:105820000446CBE7034810F0FAFAEAE7FFF770FF07
:10583000F2E700BF868E0020848E0020AC8400201A
:1058400000232DE9F34706460F464FF6FF78284C14
:10585000DFF8A090ADF80630204610F078FA054643
:1058600048B92946204617F0A4FF824616F0B8FC36
:105870000389B34217D94C4501D1FFF749FF0021F5
:10588000204617F096FF054607F1FF3A5FFA8AFABD
:10589000D5B94C4516D1BDF80600FFF70FFF4046BD
:1058A00002B0BDE8F0877B1EDBB2FD2BD4D92946C0
:1058B000204610F095FA2A4651460DF1060017F0E1
:1058C0007EFFC9E74C46C7E7BAF1FD0F09D9284664
:1058D00016F086FC03899B1B9BB2984528BF98460F
:1058E00003812946204617F088FF0546D0E700BF10
:1058F000868E0020848E002008B517F059F80B4AD8
:10590000FF2113881080C31A98B2FFF799FF4FF652
:10591000FF7301469942064803D1BDE80840F2F7FB
:10592000BDBEBDE8084016F047BD00BF888E002010
:1059300048A00020174B00282DE9F041164D18BF54
:105940001D460F4628464FF000010CBF4FF00808D7
:105950004FF0020817F02DFF044610B92046BDE8AD
:10596000F081204616F03CFCC37A064623B121465E
:10597000284617F042FFEFE7204610F0DDF84246D8
:10598000014638460FF029F90028F0D1B378002BF2
:10599000EDD1E3E7848E0020868E0020014B186055
:1059A000704700BFD485002010B504460548F2F7C3
:1059B00075FE0023044A1380044A1380044B1C80A4
:1059C00010BD00BF48A00020868E0020848E0020DD
:1059D000828E002008B50448F2F770FBBDE808404D
:1059E0000248F2F76BBB00BF868E0020848E002039
:1059F0002DE9F3410446884616F0DAFF324B07469C
:105A000020461E8812F026F90546204610F065F85B
:105A1000B0F5006F32D1FF2D06D001230422009390
:105A20002846002300F010FBB8F1000F1DD116F03E
:105A3000C9FE21460546254810F08EF9284616F085
:105A4000BCFE234817F0E3FE224BA8B31988711A55
:105A500017FA81F086B2204616F0C2FB03230681B6
:105A60008372002002B0BDE8F08116F0ABFE002288
:105A700021460546154817F0A2FEDFE7164810F04C
:105A80009DF904281ED8FF2D06D00123082200937B
:105A90002846002300F0D8FAB8F1000F05D116F01F
:105AA00091FE214605460C48C6E716F08BFE002203
:105AB000054621460848DEE7314605481F8016F0B6
:105AC0007BFCC8E71C20CDE7828E0020848E00205E
:105AD00048A00020888E0020868E00202DE9FF47F8
:105AE00008460C460FF0DEFF00F48058204610F008
:105AF0005FF80546204610F032F8B0F5404F1BD154
:105B0000B8F1000F14D029460020FFF713FF054617
:105B100070B116F065FB0023404A8178044600927C
:105B200018462A460193F1F7B9FE08B90123E3723A
:105B3000012004B0BDE8F087284617F064F88146DC
:105B400016F06EFDFF28074637D00125A0F120068C
:105B5000C0F12003324925FA03F305FA06F61E4385
:105B60008540D1E900232A433343C1E9002316F0DD
:105B700071FD044638B1384616F0AAFD10F00C0F3E
:105B800014BF01240024B8F1000FD1D04FF0000A57
:105B900003A90120ADF80C90FFF7CCFE814616F06A
:105BA0001FFB8046B9F1000F1ED1BAF1000F14D1CE
:105BB000FF2FBDD0002CBBD128E01A4B1B684BB186
:105BC00048469847044628B1B8F1000FB0D00025E8
:105BD0002E46DBE7B8F1000F01D10020A9E7002530
:105BE00001242E46A246D3E774B100230B4A8178E4
:105BF000009218464A460193F1F750FE002897D1CB
:105C0000012388F80B3093E7FF2F91D0064BD3E99F
:105C1000001229433243C3E9001289E78D57030874
:105C2000F8200020D4850020F020002038B504465C
:105C30000FF053FF054620460FF07EFFA5F50063E9
:105C40000446014658425841FFF774FEB0B9B5F515
:105C5000006F01D0002038BD204616F0D4FF16F0AA
:105C6000DFFCFF28F6D0064B00B21B6833F81000AB
:105C700000F4E260003818BF0120ECE70120EAE7F9
:105C8000D88500202DE9F7434FF000090746ADF80D
:105C9000049016F01DFD10F00C0F29D04FF00208F3
:105CA000154D2B88A5F80090ADF806300DF10600D3
:105CB00010F04DF8044630B1B8F1010F14D04FF098
:105CC00001080E4DEDE721460DF1060010F088F8B1
:105CD000064611F0BFFFB8422246314614BF28469F
:105CE00001A817F06CFDE1E7BDF80400FFF7E6FC42
:105CF00003B0BDE8F08300BF868E0020848E0020B4
:105D00002DE9F04FDFF8208185B0D8E90032134348
:105D10007CD105B0BDE8F08F02EA040103EA070078
:105D2000014327D022EA040223EA0703C8E900233B
:105D3000DAE9002302EA040503EA070C55EA0C0538
:105D40006FEA04006FEA070124D1304616F0C0FC68
:105D5000C2070FD5304616F0A3FCDBF89C30002BB1
:105D600045D11D46304600F0E5F8DBF884300BB134
:105D70002946984724197F4109F10109284B5FFA08
:105D800089F61B78B342C4D9D8E9002352EA03014B
:105D9000C2D1BEE702400B403046CAE9002316F0EC
:105DA00097FCC307E6D51F4B30461B6833F8163007
:105DB00003F48873102B10D016F072FCDBF89C30C3
:105DC00013BB1D460123102200933046002300F030
:105DD0003BF90020F1F7D4FCC4E716F061FCDBF8D6
:105DE0009C300125002BBDD00122039502E0002547
:105DF0002A4603950392002130469847039A002AC9
:105E0000B0D0002DAED1DDE70025EDE74FF0000961
:105E100001244F46DFF814A0DFF814B0AEE700BF4E
:105E2000D8A10020D8850020F8200020F0200020F4
:105E3000AC840020F8B50346084613B309B3402AE2
:105E40001FD8114900260B6010490027086010492F
:105E50004FF0FF350A7000210C4604338A4205DCFE
:105E6000002152000EF0E3FE0020F8BDC3E90367F5
:105E700003F8044C23F8024C1D605D6001311833B7
:105E8000ECE72120F1E700BFDC850020D885002069
:105E9000D8A10020F0B5144CDDE905672568EDB107
:105EA000F0B91248007888421AD901EB41014FEA53
:105EB000C10C05EBC10415F8311011B92169C907EE
:105EC00010D4002005F80C0062801A6846F0010624
:105ED00062605A68C4E90467A260F0BD0220FCE772
:105EE0002120FAE72E20F8E7DC850020D8A1002049
:105EF0000E4B30B51A68A2B10D4B1B78834212D9F4
:105F000000EB400002EBC003C1000024002000258C
:105F1000C3E9044550544FF0FF3258805A609A60EC
:105F200030BD0220FCE72120FAE700BFDC8500201D
:105F3000D8A10020094B1B6863B1094A127882423C
:105F400008D900EB400003EBC0031A69D20701D562
:105F5000588870474FF6FF70704700BFDC850020FF
:105F6000D8A10020094A0346106870B1084A127887
:105F70009A4209D903EB430300EBC303186910F0FD
:105F8000010002D0181D704700207047DC850020FA
:105F9000D8A10020F8B50E4B05461C6834B128B1D5
:105FA00000260C4B1F78F3B29F4202D84FF6FF70C9
:105FB00009E008222946201D0EF00FFE20B92369B2
:105FC000DB0701D56088F8BD01361834EBE700BF68
:105FD000DC850020D8A100200C4B1B689BB14FF63C
:105FE000F77291420DD80A4A1278824209D900EB21
:105FF000400003EBC0031A69D20704D50020598082
:106000007047212070470220704700BFDC850020C8
:10601000D8A100200A4A0346106878B1094A1278CC
:106020009A420AD903EB430300EBC300036913F060
:10603000010003D0C3F3001070470020704700BF79
:10604000DC850020D8A1002070B51C46124B9DF8BD
:1060500010601968D1B1114B1B78834218D900EB3D
:106060004000551E01EBC0012543D1E9040301D0D6
:10607000C5070FD52EB110432343C1E90403002007
:1060800070BD20EA020023EA0403F6E70220F7E7E6
:106090002120F5E72D20F3E7DC850020D8A10020A2
:1060A000134BF0B51B6803B300266FEA000C6FEAD0
:1060B000010E104C2778F4B2A74201D80020F0BDA1
:1060C000D3E9044514F0010F07D014F0020F04D1F6
:1060D00032B104430D43C3E9044501361833EAE7FE
:1060E0000CEA04040EEA0505F5E70220E7E700BF25
:1060F000DC850020D8A100200B4B70B51B682BB1AC
:1061000000240A4A1678E2B2964201D8002070BDF7
:10611000D3E9042502400D402A4304F1010403F1B0
:106120001803F0D00120F2E7DC850020D8A1002080
:106130002DE9F0470026FF27B246164DDFF85880BC
:1061400098F800305FFA86F94B4502D83846BDE82A
:10615000F0872B792F2B0FD9284610F0B0FB2B7925
:106160006C7903F0070304F0030483422CBFE418A6
:106170002418E4B2A24506D95446B946A2464F4671
:1061800012350136DCE7288801F09AF80028F3D1AF
:10619000F4E700BFE48B0020529500202DE9F04F7A
:1061A00089B082460FF0EEFC029050460FF0E9FFF6
:1061B0000026411C054689B2504602F06FFB34466A
:1061C000B346B146B04600F01F00023500EB400078
:1061D000EAB27D4F50FA85F5EDB2AA4276D97B4EF0
:1061E0003378002B6FD0A400B4FBF3F4E4B2042C9A
:1061F000029808BF0324F3F7C9FF054600283FD1E2
:10620000FFF796FFFF285ED0714B05B20490187817
:1062100010F03CFB80452CBF04EB08012118B8F1BD
:10622000000F14BF01230223674F05EBC50507EBE1
:10623000450553FA81F32846039310F040FB95F887
:1062400004C06B790CF0070103F0030388422CBFF4
:106250001B185B18039ADBB29A4234DA049AB8F13D
:10626000000F04D119B13378033B5B452BDC10469A
:10627000029910F0CCFA05B205EBC50507EB450510
:106280002B791E09B8F1000F7ED04146284610F048
:1062900040FB0321284610F042FBB9F1000F09D161
:1062A000002E40F084800BF0B5FEC0F30B0149488E
:1062B00016F082F86B79504623F003031C446C718E
:1062C0000FF0F5FBA87309B0BDE8F08F4ED0424B3C
:1062D00051461B8807A8ADF81C304FF000038DF81D
:1062E0001E30002300930323039217F0FFFA9DF85A
:1062F0001E30BDF81C101B09039A18BF09F10109D3
:10630000CDE9041318BF5FFA89F903920FF08BFEF1
:106310000499039A8842059B03D19DF81E8008F0DA
:106320000F082E4890F800C014E017F80E0C10F07B
:10633000070003D00BF1010B5FFA8BFBAA4207D0D9
:1063400037F812EC8E4503D113B108B10134E4B231
:106350000136F6B2AA4207F112070BD1B4450FD9A4
:1063600017F80E0C10F00700E4D1F1E700234FF608
:10637000FF71D6E737F8120C884201D8B445D4D85B
:106380000332123FD2B228E7022E14D95B0707D09E
:106390004146284610F0C3FAB9F1000F83D089E7CF
:1063A0000321284610F0BBFAB9F1000F82D1062E66
:1063B0003FF679AF7EE73146284610F0B0FA59EA49
:1063C00006063FF470AF75E7E48B00209FA1002024
:1063D0009696002098690020E77A050852950020DB
:1063E0002DE9F0430823002485B08DF808300646D7
:1063F000022301214FF6FC70CDE9004402AA0FF000
:106400009CFEADF80A00D8B12746DFF8A080DFF87F
:10641000A09099F80020E3B29A4224D8BDF80A402F
:1064200020460FF0AEFE411C47F06002204689B2C4
:1064300002F048FA0022BDF80A001146F4F740FCC9
:106440000BF0E8FD184AC0F30B01137801F55A511F
:10645000013113B1013B89081370304605B0BDE826
:10646000F04315F0A9BF18F80E5C6F2D17D8404601
:1064700030F8123D2D01ADF80C3010F020FA05F087
:10648000700528448DF80E000123032203A90DF1A5
:106490000A00F2F757F80028D2D10137FFB20134D1
:1064A00008F11208B5E700BF4E950020F68B0020DA
:1064B0005295002010B5054C2046F2F7EFF8204623
:1064C000BDE81040002115F077BF00BF986900209B
:1064D0002DE9F043284D87B0F6F74EFD2A7827497D
:1064E0002748FFF7A7FC09212A7826480EF09FFBD2
:1064F0000026224FDFF89480DFF894902B78F4B2D6
:10650000A34202D807B0BDE8F0830B23224618212E
:1065100003A808F06EFD4FF6F670BDF814209DF844
:106520001630511E89B2814215D80020C3F3C00332
:10653000DB1840EB0001CDE90031214603ABFFF74A
:10654000A9FC0028DED14FF4805327F8143048F816
:10655000240029F81400012322461C210DF10A0011
:1065600008F047FDBDF80A20064B01361A55802277
:10657000054B1A55C2E700BFA6A10020F48D0020EC
:10658000081E0020129500203F950020BC680020C6
:10659000E68D002010B50A4B1C7816F041F8FF2854
:1065A0000DD0012C38BF0124064A230232F8101006
:1065B00019B101EB1313A3EB111322F8103010BD26
:1065C00096960020E68D00202DE9F047002506462E
:1065D0000F46AA46DFF84490DFF8448099F800306F
:1065E000ECB2A34202D85046BDE8F087204616F030
:1065F0006FF8C2070CD5204616F06AF8830707D457
:1066000038F8143037B133434FF0010A28F814300A
:106610000135E3E723EA0603F6E700BFA6A1002061
:10662000F48D002010B5084B084A1C780023D9B21D
:106630008C4201D8002010BD32F8021B013330EA31
:106640000101F4D10120F6E7A6A10020F48D00207D
:10665000F0B50C464FF6F77187B08A4286461D4664
:106660009DF8306002D9002007B0F0BD5968186865
:106670000DF10C0CACE803002A49ADF814200978A0
:10668000A142F0D900218DF81660B61006F002067E
:106690000191704621460096FFF7FCFB0028E2D1ED
:1066A000214B224A43F824009DF83830204E1B022B
:1066B00022F814304FF4A0432146182026F8143055
:1066C00003AA0B2308F09EFC9DF83430194A13F0FE
:1066D000040F17BF0123184B135536F814300BBFA6
:1066E0001B7843F00803135526F814302146012384
:1066F0001C20224408F086FC0021104B104A1B7815
:106700002846234442F82310E6F760FB0D4B18554A
:1067100028460CF03BF80C4A012013780133137023
:10672000A2E700BFA6A10020BC680020E68D0020E3
:10673000F48D0020129500208EA100209FA1002042
:10674000E86700203F95002051950020054B1B78FD
:10675000834206D90021044B044A1B78034442F8C3
:1067600023107047A6A100209FA10020E867002009
:10677000074B084A18780023D9B2884200D87047DE
:106780001188013321F4805122F8021BF4E700BF85
:10679000A6A10020F48D002030B585B004460D463A
:1067A000E4F78CFCA04202D8172005B030BD20468B
:1067B00015F08EFFC007F7D50B232246182101A83C
:1067C00008F017FC9DF80E2001AB03CB6960910720
:1067D000286030D412F0080F0CBF042303232B725F
:1067E0002046FFF7A7FB154B68811B5D20466B73A6
:1067F00015F056FF124A2873135D4FF47A7103F0B7
:106800000F03AB73135D002013F00F031FBF03F1E1
:10681000FF32022393403C2218BF5343094A08BF6A
:106820000A2352F82420B2FBF1F29A422CBF002333
:106830009B1A2B61B9E70223D1E700BF3F950020E7
:1068400012950020BC680020F8B51F4E044633782E
:10685000834237D0FFF76EFB4FF6FF77B84231D057
:1068600020463470FFF70EFA2046FFF763FB05461B
:106870000FF0D9FB012301461A46284611F0DEFF2E
:106880002046FFF735FB0546E0B9104A1378013B77
:106890001370F4F7C7FD2946204611F03DFA802217
:1068A0000B4B204623F814500A4B1A550A4B23F879
:1068B00014500FF04AFB2A463946112016F06CF9A5
:1068C000FF233370F8BD00BFD9A1002051950020EF
:1068D000F48D00203F950020E68D00202DE9F04F3B
:1068E00082460E4615464FF000088BB01F469DF8B5
:1068F00054309DF850B005934E4B5FFA88F41B78E6
:10690000A34207D84FF6F7739D421AD817F0020832
:106910003ED018E02046FFF70DFB0B2381462246B0
:10692000182107A808F065FB4FF6FF737EB999455B
:1069300016D14FF6F7729DF82630954203F0EF031B
:1069400011D94FF6FF7528460BB0BDE8F08F994579
:1069500006D00822304607A90EF03FF90028E8D0FB
:1069600008F10108C8E79F4207F002092DD0F3F7AC
:1069700021FE00285BD1304B304A1B7853FA88F354
:1069800012F82380204611F0E7F9B9F1000FDAD1AF
:10699000E4F794FB2A4B1B788342D2D000210846AF
:1069A00015F00EFEFF280446CBD0059B0146CDE92D
:1069B00001B32A46334650460097FFF749FE0028A8
:1069C000BFD0F4F72FFDC14612E02046FFF7B2FA20
:1069D000A842CCD1B9F1000FB5D13046E6F7F6F9AF
:1069E000184B5FFA88F803F8080030460BF0CEFE2B
:1069F0005946204611F064F92046FFF79BFA0546F8
:106A00000FF011FB002301460122284611F016FF6A
:106A1000F3F7D0FD28B9084B084A1B78234442F805
:106A2000239020460BB0BDE8F04FFFF783BA4FF03C
:106A30000008A7E7A6A100209FA10020E86700208A
:106A4000519500203F950020F8B50026104F3C7866
:106A5000F5B2AC420FD800250E4B64002246294601
:106A60000D481D700EF0E3F822462946BDE8F840B7
:106A70000A480EF0DCB82846FFF704F90021284642
:106A800011F04AF92846FFF733FA0136DFE700BF75
:106A9000A6A1002051950020F48D0020E68D002055
:106AA000024B80211A7802480EF0C1B8A6A100203E
:106AB0003F95002038B515F0B3FDFF28044614D0EB
:106AC0000A4D35F810301B070FD5094B094A1B78C2
:106AD00001461354012302441C2008F093FA35F8B0
:106AE000143023F0080325F8143038BDF48D00204D
:106AF0008EA10020129500202DE9F04F794B05461C
:106B00001B788946022B17468BB004D000263046EE
:106B10000BB0BDE8F08F16F0E2FE06460028F5D176
:106B20004FF6F9739D4262D04FF6F8739D4276D0CE
:106B30002B0A28460DF11E018DF81C308DF81B50D4
:106B4000F2F7DAFA002814BFB0464FF02008B34637
:106B500014BF06230E23022229463846039300F071
:106B6000EBFC01220446039B002840F0B880DFF8CC
:106B700080A18DF818209AF800204946CDE9000040
:106B80008DF81A208DF81D0006AA4FF6FC708DF8BE
:106B900019800FF0D2FA81460028B7D00FF043FADF
:106BA000B8420FD048460FF08AF83946043016F044
:106BB0002CF8384604A911F03CF870B1484604A9F5
:106BC0000FF041FB484B1B78033B012B2BD84FF6B2
:106BD000FF71484610F0A3F806469AF80030FF2BE4
:106BE0000EBF01230133DBB28AF800308FE74FF08C
:106BF00008084FF0200B3C4B1B78033B012B85D939
:106C00000FF011FAB84281D10FF00DFAFC238DF884
:106C10001B30FF2305468DF81C3006239BE74FF001
:106C20001008C346E7E711F05FF980460028D4D08A
:106C30000FF0F9F9A8422DD12C4B1A7852BB032141
:106C40004846F4F73DF80028C7D09AF80030A8F875
:106C5000007088F80430002388F8053088F8083080
:106C60000FF0E1F9A84202D1204B1B7853B10FF08D
:106C7000DAF9B84206D12CB1237923F0030343F0AB
:106C80000103237100224FF6FF710C2015F084FFE1
:106C90000126A2E75946284608F1070200F078FCD1
:106CA0000446002899D0002203214846F4F708F84A
:106CB0000028CAD1237903F00303012B8DD10FF0F3
:106CC000B2F9A84203D1094B1B78002B85D0237958
:106CD00043F0030323714FF6FF7323807DE71646CD
:106CE00015E700BF5895002059950020DAA1002033
:106CF000B696002037B50E4B05461B780C46033B75
:106D0000012B11D9E4F7F2F901280FD0821E53426A
:106D10005341590128460DF1070200F039FC18B122
:106D20000021448011F0C7F803B030BD1021F1E715
:106D3000599500202DE9F0438BB0857AB0F8069084
:106D400004460E4617460FF06EF98145804605F061
:106D5000400541D1002160880FF0C6FD0246002E9B
:106D600044D1082304A9C14501EB03060CBF234904
:106D700002A90868496803C6A2B3022100268DF85B
:106D8000172001228DF81010217A45F020058DF88A
:106D90001210A18808338DF81310090A8DF8141009
:106DA000E188CDE900268DF81510090A8DF8161036
:106DB0006088314604AA8DF811500FF0BEF90546DF
:106DC00080B161880EF0B2FE79003246284601F0AB
:106DD000FE01F3F775FF06E0E08802A910F029FF35
:106DE0000028B7D100200BB0BDE8F083306871688F
:106DF00006AB03C345F010051023B3E770960020DF
:106E00002DE9F74389461E46074690460EF057FF88
:106E10000021044630460FF067FD054609F10701E1
:106E2000384601F029FD7DB1B8F1000F02D1037899
:106E30001D44EDB2057063781A0716D569463046D1
:106E4000F2F75AF9024618B1002003B0BDE8F0830A
:106E5000082168460FF07CF80028F5D120460FF095
:106E6000C5F9082269460DF0C8FE0FF0DCF80146AE
:106E7000201D15F0CAFE6378DB0603D538460C49A1
:106E80000FF0E1F93146A01C15F0BFFE314638463F
:106E90000EF04CFE074A13780133DBB21370E37136
:106EA000A3790BB10120D0E70123A371FAE700BF5A
:106EB0007096002056950020FF232DE9F04F8FB0EB
:106EC0008146164605918DF822301AB301230BAA8C
:106ED00010F064FF9DF836500446EF0625D50027D4
:106EE000059BBDF8308003F108024946D2B2082361
:106EF000009709A8CDE9097716F0F8FC3A46404614
:106F000009A9F8F7AFFD002840F08C80A90627D525
:106F100010220DE013460BAA10F040FF9DF83650EA
:106F20000446A80663D5062202E0AA0618D5082260
:106F300000230599BDF832700A44CDE9093349466A
:106F40000093D2B2082309A816F0D0FC384686F088
:106F5000010209A9F8F786FD002863D1002E46D06A
:106F6000BDF830700FF05FF8874249D0384616F010
:106F7000B6FC8046002E45D1BDF82EB00021584603
:106F80000FF0B2FCBDF82C3003901846069316F0B3
:106F9000A6FC06460FF047F8069B834242D0B64B4C
:106FA0001B78033B012B3DD915F04003049339D1E5
:106FB000039B0BB9002E35D09DF83570039B05F06F
:106FC00018051F44FFB2082D8DF835706CD12023B1
:106FD0000493002C40F0418110F086FF054608B371
:106FE000002E40F0B28033460126B24674E0BDF870
:106FF00032700FF018F88742B8D14FF00108BBE7A4
:107000004FF00108002C43D09C4BE279678803EBDA
:10701000C20633F83220BDF832309A4205D04FF61E
:10702000FF7323800FB0BDE8F08FBDF82EA0B8F13C
:10703000000F08D00021304610F03DFFA6F802A056
:1070400010F04AFCEEE7BDF8300010F03CFF0546BA
:107050004146304610F02FFFA6F802A0884E2DB111
:107060004146284610F027FF63886B8010F034FCFF
:107070003378002BD6D03B46002248460599FFF7CF
:10708000BFFE0028CED0394648460FF048FEC9E77B
:1070900010F022FC7A4B1B78002BC3D0B8F1000F04
:1070A000C0D14FF6FF77E6E7102D01D1049590E7A8
:1070B000B8F1000F8DD1002C3AD0C2460021BDF8A6
:1070C00032000DF1220200F063FA03460028A9D035
:1070D000002E40F0CA8025460499BDF830000DF11D
:1070E0002302079300F054FA044600289AD0644A19
:1070F000079B1278002A78D0BAF1000F26D10246F9
:107100002C466179B9427ED92546A4F802B0677150
:107110001446002B00F09E809DF82230EA799A42B6
:1071200000F09880002E40F08E80EB7100253FE04B
:1071300010F0DAFE044600283FF474AF4FF0010A65
:10714000BCE7002201261346DBE70126B8F1000F59
:107150001ED10AF05FFF7E23B0FBF3F202FB1300A7
:1071600005993A4605315FFA80FA484601F0AAFBD4
:107170004FF6FF7148460EF0D9FC039B032B2CD928
:10718000AAF17E0A022148465FFA8AF2F3F798FDD7
:10719000069BA5F802B02B809DF834306F712B71DF
:1071A00000232B72002E42D19DF82230EB71012575
:1071B000B8F1000F3FF436AF484609A90FF023F8A5
:1071C00000283FF42FAF2A4609A90BA8FFF7B2FD0C
:1071D00028E7002625463446BBE7039B012B94BFD6
:1071E0000AF1020A0AF1420ACCE7BAF1000FCFD144
:1071F0006979B94209D9A5F802B06F71002B8BD11A
:10720000002E93D024E025461446049A002A3FF429
:1072100009AF8F427FF406AF03930AF0FBFE8307AA
:107220007FF400AF039BA5F802B06F7171E7FF23F5
:10723000EB71002CBBD001252379A4F802B023F018
:1072400003032371B4E7FF23EB71002C3FF46EAF0F
:107250000025F1E7002CD3D168E7002E7FF471AF51
:10726000B24625460126534636E7BAF1000FB0D1A3
:107270005646524645E700BF599500205E8D0020D6
:10728000A5A1002070B50C4B4FF6FF751C780023AC
:1072900002460A489C4201D1002005E00688964239
:1072A00006D1AA4201D10B7070BD8679002EFAD0AA
:1072B00001330830DBB2EDE7A4A100205E8D002091
:1072C000002210B50A4B1C780A4BD1B28C4201D86F
:1072D000002010BD5988814204D11979890701D154
:1072E000997911B108330132EFE70120F1E700BFCE
:1072F000A4A100205E8D002010B5084B01461C782B
:107300000023074AD8B2844201D8FF2010BD914221
:1073100003F10103FAD00832F4E700BFA4A1002072
:107320005E8D002038B50446FFF7E6FFFF280546CE
:1073300003D13F210B4811F0C1FE4FF6FF732046E9
:107340002380A371032110F0B6FD074B07481A787C
:1073500000210732D21002FB0500BDE838400DF0D5
:1073600066BC00BFEF7A0508A6A100202E9500207C
:10737000F8B504460026124D124F3A78F3B29A42FD
:1073800009D800224FF6FF710F4B1D780F4BD0B27A
:1073900085420BD8F8BDFF2C02D0AB79A34202D1B5
:1073A0002846FFF7BFFF08350136E6E7FF2C02D07D
:1073B000187AA04201D1198019720A330132E6E726
:1073C0005E8D0020A4A10020A3A10020368D002006
:1073D000FF28F8B504462CD0164B1B78834203D8FF
:1073E0008021154811F06AFE4FF6FF75134A32F8F6
:1073F000341002EBC4000379A94203F0030318D050
:10740000012B16D100220E4B1F780E4BD6B2B7427D
:1074100003D8BDE8F840FFF785BF1E88AE4205D00F
:1074200093F807C0A44504D0B14202D00A33013218
:10743000ECE7F8BDA4A10020EF7A05085E8D0020DE
:10744000A3A10020368D00202DE9F74307F0B3FDFE
:10745000324B1B78033B012B21D9314B1D88451B37
:10746000ADB2E5B118804FF6FF7700202D4A1378B2
:107470002B44C3F3C81403F07F0313702A4B2B4A29
:107480001E78C3B29E420DD800264FF6FF77284CD7
:10749000DFF8A09099F80020F3B29A4216D803B012
:1074A000BDE8F0831388BB420DD0137999070AD148
:1074B00004EB9311022928BF022103F03F0389B294
:1074C00043EA8113137108320130DAE734F80A8C89
:1074D000B84506D014F8043CAB4205D95B1B04F850
:1074E000043C01360A34D5E70EF09DFD804534F8A2
:1074F0000A3C04F8027C24F80A7C09D018460DF1F5
:107500000701FFF7BFFE18B19DF80700FFF760FF06
:1075100014F8030CFFF75CFFE3E700BF5995002068
:107520008A8E0020B7960020A4A100205E8D002046
:10753000408D0020A3A10020F0B500244FF6FF7776
:1075400003461048DFF844C006780F48E5B2AE4263
:1075500001D800200FE005889D4210D13AB1012AE0
:1075600016BFC57905793CF83550A94207D1BB4211
:1075700002D114238371F0BD057A002DFBD00A30AF
:107580000134E3E7A3A10020368D00205E8D0020AA
:10759000F8B50D46114607461646FFF773FE00285C
:1075A00036D102464FF6FF7C1E4B1F4C1978D3B2E2
:1075B000994206D800231C4C8B4221D1F8BD0834D7
:1075C000F5E7B4F800E00132E645F8D13370012365
:1075D000278023710021A17165B1144B45F0080586
:1075E0001A782571D31DDA103078114B02FB003068
:1075F0000DF01DFB2379204603F03F032371DDE7E7
:1076000022799209022AE1D001330834DBB2D3E7B0
:10761000037904469A071EBF23F0030343F00103D6
:107620000371D7E7A4A100205E8D0020A6A1002051
:107630002E95002073B50DF107010546FFF722FED8
:1076400040B103799A0705D113F0300404D043F018
:107650000303037102B070BD284610F03CFC094BD7
:107660004FF6FF711D7823469DF80760064AD8B291
:107670008542EFD9D0790133B04204BF1180117235
:107680000A32F4E7A3A10020368D002030B50A4B62
:10769000CC081B78094D0733DB1000FB03400123A6
:1076A00001F007018B402C5CDBB212B11C432C545F
:1076B00030BD24EA0304FAE7A6A100202E9500209D
:1076C00070B50B4B04461B78834204D840F24B2123
:1076D000084811F0F3FC0025074E3378E8B28342E6
:1076E00000D870BD00222146FFF7D0FF0135F4E736
:1076F000A6A10020EF7A0508A4A10020FF2810D041
:10770000FF290ED0084BCA081B7801F00701073388
:10771000DB1000FB0323054AD05CC84000F00100E9
:1077200070470020704700BFA6A100202E950020C2
:107730000148F0F7C3BC00BF8C8E00202DE9F04754
:107740001E464D4B8CB01B681546074688469DF873
:10775000509003F0080A0EF066FCA8423FD1B9F140
:10776000000F14D06EB9ADF806603D4604242246E1
:107770004146284610F04BFC00F001000CB0BDE87B
:10778000F0870023ADF806303D4606243AE038463F
:1077900014F046FFFF28044605D0F2F70BFF10B1A6
:1077A0002046FEF7D3FF96B10023ADF80630F8F778
:1077B00007FA0028E8D0062440460DF1060202A987
:1077C0000FF05DFDD8B94046F8F7F8FB17E0ADF8CB
:1077D0000660F8F7F5F90028C7D00424ECE73EB3BB
:1077E000BAF1000F2ED000230B24ADF80630B9F10A
:1077F000000F0AD1F8F7E4F92F460028DCD13D4606
:10780000002EB4D0BAF1000FB1D004F0040241460A
:1078100042F01102284610F0FAFB22460646414685
:10782000284610F0F4FB002814BF30460020A3E7E0
:10783000BAF1000F14D00124ADF80660B9F1000FC1
:1078400095D1D7E70B24284602A9F1F755FC074646
:1078500068B902A80BF013FB20B9ADF80600EDE7FC
:107860000124F0E744F00204ADF80670E6E70023D7
:10787000ADF80630E2E700BF2C6A00202DE9F047A2
:107880001E46744B8CB01B7807460D461446DDF837
:107890005080002B3ED00EF0C6FB30B36E4B1B6801
:1078A000980722D44FF6F7739C4233D843463A46A2
:1078B00031462046FBF736FF0EF0B5FB854200F05F
:1078C000C5803046FEF766FBA04203D114F0A8FE47
:1078D00010F042FABA1E5342534129460022204674
:1078E0000CB0BDE8F04710F0A9BFE7B1F91ED1F127
:1078F000000949EB01094FF6F7739C4216D90321A1
:1079000020460AF098FB03233A463146204600956C
:10791000E4F7CCFF0EF087FBA84200F097804FF60B
:10792000FF739C42CBE74FF00109E4E72B463A4650
:107930003146204607F0D3FC2146CDE900082B460E
:10794000324638460BF0EEFA8046014620460AF0F1
:1079500072FBB8F1000F61D1B9F1000F12D1002311
:107960003A46314620460095E4F7A0FF88F001032F
:107970002A4631462046CDF8009003F00103FFF778
:10798000DDFE99E7002FEAD003AA9246334B03F1BC
:10799000100E9446186859680833ACE80300734524
:1079A0006246F6D107A8E5F775FA032330687168D7
:1079B0008DF81C3008AB03C39DF8293007A843F0AD
:1079C00002038DF82930E5F749FD90B13068716800
:1079D00008AB03C3042307A88DF81C30E5F73EFD70
:1079E00038B1022307A88DF81C30E5F737FD0028D1
:1079F000B5D1514607A8E5F769FD0028AFD0F4F7E7
:107A00002BFD0028ABD103233A4631462046009592
:107A1000E4F74CFF0EF007FBA84250E743463A4616
:107A2000314620460095E4F741FFB8F1010F9DD0A3
:107A3000B8F1020F7FF440AF284607A9F1F75CFBCD
:107A400020B93246284607A910F0A8FA0CB0BDE8C4
:107A5000F08700BF549500202C6A0020FF7A0508AB
:107A6000044B1A880AB100221A8000210846FAF74E
:107A70000FB800BF8C8E002000232DE9F0478EB098
:107A800004460D46CDE903334F780EF0CCFA50B1E1
:107A9000B64B1B689A0706D4092103A8E4F7E0FB5C
:107AA0000EB0BDE8F087204603A9F1F725FB064696
:107AB000002840F05781022F3DD0042FECD1E3F78E
:107AC00009FB002846D0E3F705FB022840F022819D
:107AD0000DF1240833463246414630460BF056F944
:107AE000012103A89DF825500BF046FA2840FF28F5
:107AF00000F0348105AD28460EF035FA002840F03C
:107B00002F8195E80F0088E80F003A46414603A808
:107B10000BF068F80246002840F02081032303A9F7
:107B2000CDE9005320463B46FBF7C8F900280CBFBF
:107B300013210621B1E78D4B1B689B07ACD402359E
:107B4000082229468A480DF048F80028A4D0E3F717
:107B5000C7FA08B91121A0E7864B874E1B78FBB9FD
:107B6000FFF77EFF3088002860D103AF29463846F2
:107B70000AF01BFE002800F0CA8028460DF10A0119
:107B8000F1F794FA40B90DF1240A50460EF0EBF9E2
:107B90008046002800F08780FFF762FF0F217CE716
:107BA0003088002842D1014614F08EFB3080002836
:107BB0003AD001230822304603A9F0F7C3FC98BB52
:107BC0000123082229463046F0F7BCFC60BB0123A4
:107BD0000222694809A9ADF82440F0F7B3FC034636
:107BE000308823B1002848D04FF0100920E014F06D
:107BF00013FB61490746204602F068FD308814F007
:107C00000BFBFFB2874209D1FF238DF824300123FB
:107C100059481A4609A9F0F795FC28B90021012016
:107C2000F9F736FF0C2138E73088DBE74FF007091A
:107C300014F0D6FA0746308814F0D2FA34881121AD
:107C400000F10808204600F029FE10218246204657
:107C500000F024FE0822044603A940460CF0BDFFB4
:107C6000002840F081800822294638460CF0B5FFF4
:107C7000002879D1B9F1070F01D010210DE704EBED
:107C80000A244546A4B271E730884FF0010828B1B4
:107C9000122100F003FEFF2881461ED12A46B94674
:107CA0002046402304E03A46A9464346BDF80A0070
:107CB00043F00303CDE900A349460323FBF7FEF895
:107CC00000283FF469AF07214846E4F7C9FAB8F144
:107CD000000FD9D0FFF7C4FEE2E60021084614F0F9
:107CE000F3FAADF8140048B1204605A902F0EEFC05
:107CF000BDF8140014F090FA0028CFD1142300939B
:107D00004A4639462046338802F098FCC6E7FFF71A
:107D1000A7FE1FE7E3F7DEF9012801D00621BCE644
:107D200005AD324633462946009603A8F9F7C2FD51
:107D3000024608B10A21B0E60C4B20461B6803A995
:107D40005B0003F0040343F00303CDE900533B461B
:107D5000FBF7B4F80028E1D113219EE605219CE64B
:107D600012219AE60B2198E60E2196E62C6A002055
:107D7000709600200D9500208C8E0020012330B5D8
:107D80000D4C85B022788DF80430D5188DF805207B
:107D90000E228DF806200A682570CDF807204A6863
:107DA00001A9CDF80B200B22F0F7CCFBB0FA80F044
:107DB000400905B030BD00BF55950020142330B5F3
:107DC00018498BB07F22054609880DEB030007F0A8
:107DD00010F9BDF81430DA0721D413F0060FC3F3FD
:107DE000410208BFC3F341220F4B0DF116019C5C09
:107DF000684622460CF026FFBDF8263004F1280222
:107E00006A4402F8283C02341B0A02F8273C6946FF
:107E10002A46E0B20FF010FA00200BB030BD23204C
:107E2000FBE700BF38F104080F7B050810B58AB0E6
:107E3000ADF826200022CDE9052204920CAA029278
:107E40004FF6FF720446AC2101200192064A0390CE
:107E500004FB0122603200924CF620010DF1260253
:107E600010F0F7F80AB010BDAC84002000B58BB05C
:107E7000ADF824309DF8303003208DF826300023F3
:107E800003900A4909A8CDE90130CDE905330493EF
:107E900001F160030093B1F85C3002204CF66041C0
:107EA00010F0D7F80BB05DF804FB00BFAC840020E5
:107EB00010B54FF6FF741E4A8AB0B2F86800B2F8E7
:107EC0005E10A042ADF82600B2F85C304FF6FD70AF
:107ED000ADF8241018D081424FF0000094BF48F64E
:107EE00060014CF66001CDE90500CDE90300CDE964
:107EF000010094BF09AA603200920DF1260204200D
:107F000010F0A7F80AB010BD81424FF000008CBFFE
:107F1000603209AA00928CBF4CF6604148F660417D
:107F2000CDE90500CDE90300CDE90100014AE6E70E
:107F3000AC8400201685002000B50E4B0022B3F85B
:107F40005E308BB0ADF824304FF6FF73CDE90522DB
:107F5000CDE90322CDE9012209AA00924FF4006184
:107F60000DF126020720ADF8263010F072F80BB0A4
:107F70005DF804FBAC84002030B58BB08DF8253063
:107F80001B0A8DF8263000230D4991F85840CD6D1D
:107F9000B1F85C00CDE90533049307236031039306
:107FA00008ABCDE9010300914FF6FF734CF6204179
:107FB000082008958DF8244010F04BF80BB030BD28
:107FC000AC84002070B54FF6FE76294C1D46B4F8FF
:107FD0005E10B4F85C30B14294F85C00A2B04FEA95
:107FE000132321D14FF440416034ADF808108DF8CF
:107FF0000B008DF80C3003CC0DF11504CDF80D00FD
:10800000CDF811102270120A62700022114610463B
:10801000A270E270ADF806200DF02FFEADF806005C
:1080200090B9002022B070BD4FF400448DF80D10BF
:10803000090AADF808408DF80B008DF80C308DF86A
:108040000E100DF10F04DDE7043402A9621A0123BA
:1080500092B20DF10600F0F775FA0028E1D1BDF8F3
:1080600006002A46012114F007F9BDF80600D9E7F9
:10807000AC840020202A10B5144614D8012A04D15B
:108080000C88B4F5004418BF0124620030B10748E1
:108090000CF0B3FD064B00201C7010BD05480CF021
:1080A000ACFD054BF7E72120F7E700BF8E8E0020DF
:1080B000B8960020CE8E0020B99600202DE9F0471A
:1080C0001046174614F09FFDDFF814A1DFF8149155
:1080D0009AF8003099F800200546134302D1002099
:1080E000BDE8F08710F4406800F0400619D186BB67
:1080F000B0F5804F5CD24FF4807400239AF80000F2
:10810000344AD9B288425DD8002399F80000324A37
:10811000D9B28842E3D932F8021B0133A142F7D128
:1081200055E0F81C14F06FFD4FF6FF73984214BF32
:108130000124022486B1052605F44043B3F5004F1F
:1081400044F0080424D0B5F5804F23D244F4807461
:1081500020E044460326EFE7B5F5804F4FF00506D3
:10816000F4D3B8F5406F14BF0220082030443844DF
:1081700014F049FD194B05F44045B3F85C308342D7
:108180000CBF44F0080444F00404B5F5004F01D1DD
:1081900044F08004B8F5006F0ED1B81914F033FD27
:1081A0000E4BB3F85E308342A7D144F01004A4E72D
:1081B000444603260220D9E7B8F5406F08BF44F0D3
:1081C00020049AE732F8021B0133A14299D1012021
:1081D00086E700BFCE8E00208E8E0020AC8400206B
:1081E000B9960020B89600202DE9F04F104685B0D2
:1081F0001646984614F007FD5D4F00F00803B7F8E7
:108200005C10044600F00709F01C02930391B7F8D4
:108210005EB014F0F8FC06F1050A0546504614F06D
:10822000F2FC03464FF6FF70854218D00399A1EB8C
:10823000050CDCF1000545EB0C056D004FF6FF71F8
:108240008B420ED145F0040514F09AFA029B6BB1F3
:10825000B9F1000F11D0422005B0BDE8F08F012523
:10826000ECE79B4508BF45F00805EDE7B9F1030FC2
:10827000F1D8DFE809F0021B795D14F081FA08B942
:10828000A807E8D524F00804A4B2B4F5004F05D03F
:10829000B4F5624F02D0B4F5404FDCD10025294639
:1082A00097F8A82000200DF0E8FC3CE0D7F88030DB
:1082B000E3B9002132460846FFF700FFD8B948F677
:1082C000410224F038039BB29342C4D10A2D49D015
:1082D000062DC0D197F87730023B012BBBD8EEF7C3
:1082E000DFFE0028B7D140F6040505E041463046E0
:1082F00098470028DDD00825E20648BF45F08005F4
:10830000A30648BF45F4805505F00C03042BC6D1E5
:10831000F01D14F078FC97F8A830324600934146DF
:108320002B460DF07FFC08B30E9B1880002093E7CE
:10833000A90705D14FF6FF73B7F85C209A428AD19E
:1083400004F44063B3F5006F0AD0B3F5406F82D1F7
:108350000822504607490CF040FC00287FF47BAF10
:108360000C25C9E70425C7E7432075E7192073E703
:10837000AC8400200C850020034B1A781AB1FF2A28
:1083800004BF00221A707047BB96002070B5084CDD
:10839000084E2378F55C1DB13E21074810F08EFE93
:1083A000FF2223782846F2540023237070BD00BFBB
:1083B000BA960020BB960020147B0508034B044AA4
:1083C0001B78D05CFF3818BF01207047BA96002098
:1083D000BB9600200023074A07491360074A136031
:1083E000074A1360074A11600121074A1170074AC2
:1083F00013607047EC850020DD810408E8850020CB
:10840000E485002068A00020DBA10020F485002086
:108410000E2A70B50C4606461546194603D9FFF7D5
:10842000D9FF502070BD012807D10020EEF752FE81
:10843000B0B1FFF7CFFF2120F4E780220021224BCB
:108440001A70224B1960224B1B684BB1342013F079
:108450003BFF204B188018B9FFF7BCFF0120E1E774
:1084600024F0FF6323F4FF231BB1FFF7B3FF4F207A
:10847000D8E774B92046EEF747FE0124032510F033
:10848000800F43B21BBF00F01F039C409C4044F090
:1084900078440020104B24F078441E700F4B104994
:1084A0001D70104B1C60104B1870104B1A68EFF7C2
:1084B000BBF918B1FFF78EFF0420B3E79DF8102039
:1084C0000B4B1A70AEE700BFBC960020F085002071
:1084D000E48500200E8F0020C1960020BF9600206A
:1084E000D5870308F4850020C0960020EC85002085
:1084F000BD9600207FB5244B00251A780123234820
:10850000234903FA02F200781A440A60ADF80E50CB
:1085100020B3984236D11F4C1F4B20781B680DF1B9
:108520000E0198471D4EBDF80E20307092B11C4BC5
:1085300029460093284602230195EFF7AFF93278D8
:10854000237822B1012A12BF1B230133DBB223702F
:1085500004B070BD013818BF0120F0E778235A43FA
:10856000013A0A6008220F4913F0F4FD0B49094A49
:108570000978137821B1012912BF1B230133DBB223
:108580001370E5E71846E3E7BF960020C196002088
:10859000F8850020C096002068A00020DBA1002004
:1085A000118803080DC70408024B1868003818BF6B
:1085B00001207047E485002037B505461C4614F0BD
:1085C000DFF868B974B1084B1A60084B0A461C60A2
:1085D0000123294600930323FFF71AFF03B030BDA0
:1085E0004D20FBE72520F9E7E0850020E885002005
:1085F00013B5044614F0C4F858B962B1074B1A60B9
:1086000001230A46009321460323FFF701FF02B02E
:1086100010BD4D20FBE72520F9E700BFE4850020D1
:108620002DE9F0410446DDE906861D469DF82070DF
:1086300014F0A6F888B99EB1A2B10B4B01201A60C4
:108640000A4B0A46C3F80080094B21461E602B46A0
:108650000697BDE8F041FFF7DBBE4D20BDE8F08195
:108660002520FBE72120F9E768A00020EC85002009
:10867000E88500200148EFF721BD00BF0E8F0020E4
:108680002DE9F0410020EFF741F8114B114C1E6825
:10869000114B20881D68114B114FD3F8008010B189
:1086A0003978EFF7E5FE00203870FFF793FEEFF71B
:1086B00045FB0EB14046B0473DB12088A847002396
:1086C0002380BDE8F04111F047BCBDE8F08100BF58
:1086D000E88500200E8F0020E4850020F48500202E
:1086E000C2960020F8B52F48EFF7D8FF2E4B187828
:1086F00030BBEEF709FD2D4F06463B6803B32C4B0C
:108700002C4D1C6824B195F900301A461946A04733
:10871000294B1B6883B1294C2378312B0CD8284B6B
:10872000188813F05DFD23785A1C22702A78C254F1
:1087300023785A1C2270C65480232B7000233B6080
:10874000204C23781A2B22D81F4A1278012A09D1EB
:1087500000211E4A156825FA03F0C007DAB20ED5CB
:1087600001B122700020EEF7CFFC2178884212D1AF
:108770000022174B1A70FFF7BDFE40B9F8BD013358
:10878000D8B21A284FF00101E5D90A442270BDE899
:10879000F840FFF775BF0020EEF7C8FC0028E7D0CF
:1087A000F5E700BF6CA00020C1960020F0850020F6
:1087B000E0850020BC960020E4850020C2960020C1
:1087C0000E8F0020C0960020DBA10020F485002041
:1087D000BE96002008B50B4B187880B90221EEF741
:1087E00067FC094B1B782BB100214FF6FF7208463E
:1087F000EEF740FCBDE808400448FFF773BF0021D6
:108800000846ECE7C1960020BD9600206CA0002031
:1088100038B5144B0C461D78012D21D181B908467D
:10882000EEF772FC104A05FA00F013680F4923EACC
:108830000003136020462A46BDE8384013F08ABC86
:108840000B4A13780133DBB2022B137004D9BDE855
:1088500038400848FFF746BFFFF74CFE0028F6D126
:1088600038BD00BFC1960020F48500200DC7040864
:10887000BE9600206CA0002038B50C46054613F0CB
:10888000CBFCA04203D82D21034810F017FC28464A
:1088900013F0A6FC204438BD287B050870B50646B9
:1088A0000D4613F09DFC044648B1304613F0B4FC6D
:1088B000A84203D83521024810F000FC605D70BD6D
:1088C000287B050870B50C460646154613F0A4FC37
:1088D000A04203D83E21044810F0F0FB304613F0CC
:1088E0007FFC00B1055570BD287B05082DE9F843D4
:1088F000074614F062F805461B4814F088FF1B4B2E
:1089000060B31C683C1B2C44A4B20022184BDFF857
:1089100068901B78174D03EB830399F8006005EB13
:1089200043055FFA82F846450AD9AB8805F10A008B
:10893000A34216D90A23B21A29465A430CF05DF90C
:10894000013689F80060AC80B8F1000F03D13946D8
:10895000054813F031FD2846BDE8F8833C461D600C
:10896000D3E705460132DCE78CA00020FC8500201F
:10897000C3960020128B0020C49600201FB5154A14
:10898000154C1378013BDBB213706168206801AAB3
:1089900003C221891180114A1278D21805D00A2306
:1089A00020465A43E1180CF028F99DF806301B07C1
:1089B0000DD0BDF80C00FFF799FF03468288ADF893
:1089C000082001AA03CA1288186059601A8104B0ED
:1089D00010BD00BFC3960020128B0020C49600205B
:1089E000002108B5084B09481970094B1970094B4B
:1089F0001A7802EB820252000CF019F9BDE8084027
:108A00000548EFF74BBE00BFC4960020128B002034
:108A1000C39600209DA100208CA00020F8B5002462
:108A2000084D094F094E3B783178E2B20B449A4227
:108A300004F1010400DBF8BD2846EFF73FFB0A35DF
:108A4000F1E700BF128B0020C4960020C3960020DF
:108A5000F8B516460C4B0D4A1B781278074613449E
:108A60000B4A0D46127893420CD03046FFF73EFF7A
:108A70000135068107808570044613F099FFE08078
:108A80000120F8BD0020FCE7C3960020C49600201A
:108A90009DA1002010B5064C207828B10548F6F7B6
:108AA0001FF810B1034B188810BDFFF767FFF3E7FD
:108AB000C3960020128B002008B50A4A034610789E
:108AC00060B1094A1088984209D121B993781033CE
:108AD00023F00F039370FFF751FF012008BD002022
:108AE000FCE700BFC3960020128B00202DE9F74F52
:108AF000002613F062FFDFF8F890B24699F8007094
:108B0000B3463A46DFF8EC801FFA80FEB8F800C0A2
:108B1000344CAEEB0C039BB201932378324D00939F
:108B200003EB830305EB4303ACEB0E0C5FFA86FE0D
:108B3000BE4515D3BAF1000F01D0009B2370BA4295
:108B40002AD3002F37D00A222378C8F8000002FB6E
:108B500003532648998803B0BDE8F04F13F02CBCAE
:108B6000B3F804E001998E4512D84FF0010A00993C
:108B700093F802E001310EF1FF3EC9B2013AA3F8C9
:108B800004B083F802E00091D2B20A330136CDE797
:108B9000E644A3F804E0F8E789F800204AB10A2285
:108BA0002378C8F8000002FB03531048998813F09B
:108BB00003FC237813B903B0BDE8F08FFFF76AFF19
:108BC00006460028F5D00CF09BFF014630460EF01B
:108BD000A6F820B100212888FFF76EFFE9E740F6EC
:108BE0000241F8E7C3960020128B00208CA00020E1
:108BF000C4960020FC8500202DE9F04192F8088001
:108C00001F4608F1FF33DBB2EF2B05460E46144634
:108C100088B00BD982238DF80E30314628469DF856
:108C20000E30204AFBF704FC012037E00E22002121
:108C300004A80BF0FCFFB4F809308DF81180ADF8F2
:108C40001230E37A03F07F02032A08D0012B24D1EB
:108C500003238DF81030A389ADF815300EE0032BF7
:108C600014BF022301238DF81030E368CDF81530CE
:108C70002369CDF81930237D8DF81430A7F1210137
:108C80004A420DF10E034A41009321460DF10F03B4
:108C900004A8FAF71DFF0028BFD1002008B0BDE8E6
:108CA000F08100BFD97A05082DE9F04F00241D7826
:108CB00095B0CDE902010492234622460120CDE978
:108CC000005440490FF0A5FBADF81E00F8B1A346D3
:108CD000264627460DF120090DF1380AE2F7E8F99A
:108CE0005FFA84F8404516D83A460221BDF81E00C6
:108CF000FFF7E8FD32460421BDF81E00FFF7E2FD54
:108D0000DDE903100022BDF81E30FBF791FB0120C6
:108D100015B0BDE8F08F4A4640460AA9FAF7CAFEE8
:108D20009DF8282022B12DB1013DEDB20137FFB2EF
:108D30000134D3E7BBF1000FF8D199E803009DF8A7
:108D400029308AE803008DF84030BDF82A30032A24
:108D50008DF841304FEA13238DF8423017BF0323BB
:108D600001238DF843309DF82C30DDF83110DDF80B
:108D70002D0014BF8DF84C308DF8433011AB03C378
:108D800002980CBF4FF00E084FF015080EF0E2FCF1
:108D90000590BDF81E0013F03FFA059900EB08039B
:108DA00099420BDB0123424651460DF11E00EFF7BD
:108DB000C9FB0028ABD10136F6B2B7E74FF0010B83
:108DC000B4E700BFD67A050808B50548EFF766FC9A
:108DD000BDE808401022FF2102480BF028BF00BF69
:108DE000CCA000200086002070B50D4D2B68A3B9E3
:108DF000BDE870400B48EFF751BC00F037FE01347E
:108E00003378E0B28342F8D84FF47A712B68054882
:108E10005943BDE8704013F0CFBA0024024EEFE78B
:108E20005C9D0020ACA000202D9500202DE9F3478B
:108E30000F4600219846234B81461B881646118019
:108E400023B90024204602B0BDE8F0871E4814F084
:108E5000B0FC0446DFF870A009F10405002CF0D046
:108E6000204613F0BDF9011D28460FF0A1FC10B3F8
:108E7000002514232A4621464846009514F036FD65
:108E8000204613F0C9F914280BD82B463580002F43
:108E9000D8D00022214600923846142214F026FD34
:108EA000D0E7204613F0B8F9A0F11405ABB2434562
:108EB0003380C7D8EBE72146504614F09EFC0446A9
:108EC000CCE700BF108F0020128F00200023024A41
:108ED0001380024A13807047128F0020108F0020E9
:108EE0002DE9FF4100238DF80C304FF0FF33061DB4
:108EF000304601A901930FF05BFC054618B1FFF75E
:108F0000E5FF01250AE0144F3B883BB101461348B9
:108F100014F04FFC0446DFF844801CB9284604B026
:108F2000BDE8F081204613F05BF9011D30460FF0DB
:108F30003FFC50B10022214608480CF070FF3B88EE
:108F4000002BDED0013B3B80DBE72146404614F09E
:108F500054FC0446E1E700BF108F0020128F002070
:108F60002DE9F7430D461646074620B90024204652
:108F700003B0BDE8F083FFF7B3FFDFF86C80184B58
:108F8000B8F800201B889A42F0D23DB306F11401D4
:108F900089B2002210460CF0C8FE04460028E5D035
:108FA0004FF001090146142300223846CDF8009005
:108FB00014F09CFC3DB13346142221462846CDF8DE
:108FC000009014F093FC00222146064814F0F7FBB1
:108FD000B8F800300133A8F80030C8E71421D8E70A
:108FE00070A10020128F0020108F002008B500F023
:108FF000DBFE094B1B6853B14FF47A7107485943A4
:1090000013F0DAF9064B074A00201A6008BD03483E
:10901000EFF744FBF6E700BF5C9D0020ACA000200A
:1090200088850020407B050808B50448EFF746F81E
:10903000BDE808400248EFF741B800BF128F00209A
:10904000148F002037B5124B124D1B780446F32BBA
:109050002A88114B14D111490978032910D1002114
:10906000019301230846009302230CF036FE08B159
:1090700000232B80204603B0BDE83040EFF70EBB45
:10908000019301230093002319461846EDE700BF22
:10909000C5960020148F0020C59803087B960020F9
:1090A0002DE9F041214F86B08DF80F303B88BDF897
:1090B0003060BBBB0FF0D6FAADF8160013F0ACF879
:1090C000012304461A460DF10F010DF11600EFF7CA
:1090D00039FA38BBBDF8160013F09EF80546304645
:1090E00013F09AF8291889B20DF116000FF0DAF88A
:1090F0000546B8B93046BDF8168013F08DF8611CEE
:109100002B4632460090C9B240460FF0F3F8BDF846
:1091100016309DF80F203B80054B142105481A702E
:1091200013F04AF906B0BDE8F08100BF148F0020AB
:10913000C596002018690020F8B50446002859D1CA
:109140000020F8BD928AA24252D0482202FB03526C
:1091500092F82C20022A11D148224FF6FF7C02FB04
:109160000352118E614507D192F83800022814D1BC
:10917000928F39E00846EFE78C4239D0482202FB53
:10918000035292F83810022906D14FF6FF71928FE0
:109190008A4202D094422BD040B1482000FB0350B9
:1091A00008300FF02EFBA04222D0012001363A7881
:1091B000F3B29A42C4D9482159436A18695C01291B
:1091C000F4D1D2F804C01CF0800FBED01CF4005FB4
:1091D000B8D192F82C000228CCD092F8381002298D
:1091E000DBD14FF6FF71928F8A42D6D09442D4D110
:1091F0000120A6E70026024F3046024DD7E700BF08
:109200009CA100208066002037B505460C4699B128
:10921000FFF792FF80B1FF22082120460CF098FE54
:10922000034648B96A4605490868496803C26A4660
:1092300019462846FBF742FA03B030BDFDFF04088B
:109240002DE9F04F144698464FF0FF33B5B0054670
:10925000002289462046062111939DF8F8A00FF0C0
:10926000E5F8002206210E9020460FF0DFF80022DC
:109270000A2100F4804620460FF0D8F8042DC3B22E
:109280000D9300F03C81052D00F05A81012D5FD136
:109290001BA8E3F7FFFD092316AA17468DF86C30CB
:1092A0000DF5887C40AB154618685968083303C52E
:1092B00063452A46F7D139461BA809F02FFC1BA8A5
:1092C000E4F758F898F8083012AD022B03BF2B468C
:1092D000D8F80000D8F80410D8F800300CBF03C349
:1092E000CDE91233449B0A21149305230DF1420268
:1092F00020468DF854300FF099F806210DF1410207
:1093000020460FF093F80C210DF1430220460FF098
:109310008DF8AAF1030C11AB1190DCF10000CDE93E
:10932000005340EB0C0021469DF842309DF841204F
:109330000EF0C8F8002800F0DF80BAF1030F0AD061
:109340004822944B449902FB09339A698A420CD310
:1093500035B0BDE8F08F00220A2120460FF066F8F4
:1093600000F0F000F028EBD1F2E74FF0000B449A48
:109370009A6100220A2120460FF058F8C3B20D93DB
:1093800000220A2120460FF051F8C0B2E02840F038
:10939000DE800022062120460FF048F8400640F10A
:1093A000DF800121204612F053FF002800F0E98001
:1093B0000121204612F04CFF05460121204612F003
:1093C00047FF002800F0DF800121204612F040FF17
:1093D00007460B211BAA20460FF028F8384612F04A
:1093E0001BFF00220746062120460FF01FF89DF8BC
:1093F0006C30C0F30030FF1A0B21A7EB800716AAD0
:1094000020460FF013F80023FFB2009329463B4695
:109410009DF858201BA814F069FAB9F1FF0F16D077
:10942000482303FB09F35B49CA18CB5CFF2B0ED022
:109430005368BAF1000F03D1590408D4927D32B9B0
:109440004821544A43F4C06301FB0922536016A823
:10945000FCF7BEF8504B514A93F9003010780F9347
:109460000DF014FA02280F9B40F28F80042840F27E
:109470008E8006288CBF00250125AD016FF06C029F
:109480009342B8BF1346082BA8BF08236E3343F39B
:1094900046030022012120461D440EF0C7FF002E86
:1094A00014BF01230023EDB2C2B208D03C490E889C
:1094B0003C4909888E4294BF00260126760016A9F1
:1094C0000A911BA93343CDE90871119903930E9BAF
:1094D00006910D99C3F380130591029344999DF869
:1094E000FC300491CDE900A3294643465846CDF807
:1094F0001C90E2F7CFF92BE74FF0070B39E7BAF1F1
:10950000000F14D1B9F1FF0F0ED04823214D03FBFA
:1095100009556B685F0407D4AB7D2BB95246012116
:1095200020460EF083FFA8614FF0060B28E70022CB
:109530000C2120460EF07AFF4FF0030B11901FE72D
:10954000002E3FF405AF40460FF0DDF800E70022A3
:109550000A2120460EF06AFFC0B2E2283FF419AF9C
:109560000022062120460EF061FF00F003000128D2
:109570003FF417AF002E3FF414AF40460FF0C3F88E
:109580000FE7254619E7274623E7C02576E780251C
:1095900074E700BF80660020959600209696002014
:1095A00070A10020108F00202DE9F04F8DB0804673
:1095B0000F4615469946BDF858A000F0E5F9044657
:1095C000002F39D108AE3946102230460BF02FFB60
:1095D000FF2C02AF22D04822374B02FB04335A68DB
:1095E000500401D49B7DCBB100220A2150460EF0DD
:1095F0001DFFC0B2E02811D0CDF8189096E80F00FA
:1096000087E80F000023524600932146434602207C
:109610000195FFF715FE0DB0BDE8F08FCDF818905D
:1096200096E80F0087E80F0000230195009343465A
:10963000524621460420ECE7BB1E012BEBD8FF2845
:1096400008AE0DF1080B29D0314600F0EDFB4822A1
:10965000194B02FB04339B7DD906C3F3820201D46C
:10966000072A16D1BDB103F003039F420ABF4FF092
:10967000010C4FF0040C1546CDF8189096E80F0039
:109680008BE80F004346524621466046CDE90075FF
:10969000BFE7002DE7D04FF0040CEDE710220021CA
:1096A00030460BF0C4FACDF8189096E80F008BE81E
:1096B0000F00CDE90075BAE7806600202DE9F04380
:1096C000002287B00D2104460EF0B0FE002800F005
:1096D00099800022062120460EF0A8FEC0F307253F
:1096E00015F0050640F08E803246062120460EF029
:1096F0009DFE070400F186803246062120460EF0CA
:1097000095FE400477D40022012120460EF08EFE03
:1097100005F0070507468DF81450002D75D12A462F
:10972000072120460EF082FE0390644EFFB2337B89
:10973000B146BB420AD19DF81420337A934205D139
:10974000002B7CD13368039A9A425BD00DF10C0850
:1097500098E8070089E807004FF4FA615848377322
:1097600012F02AFE0022062120460EF05FFE00F0D5
:10977000030001284FF000026CD10A2120460EF0B0
:1097800055FE00F0F000F0283CD0002206212046D3
:109790000EF04CFE10F4C05FC0F3C12232D106219E
:1097A00020460EF043FE02062CD45DBB2A4606215D
:1097B00020460EF03BFE430602D440460EF0A3FFC7
:1097C0000022062120460EF031FE00220546062129
:1097D00020460EF02BFE00220646092120460EF000
:1097E00025FE00940346C6F340324046C5F3C1212E
:1097F000FFF7DAFE06E00621324620460EF016FE9E
:10980000410680D507B0BDE8F083022DFAD10521CD
:109810000DF10B0220460EF009FE204612F0E0FC8E
:109820009DF80B100822014403A80BF0E6F9002272
:10983000082120460EF0FAFD8DF8150075E7022B81
:1098400084D10822314603A80BF0C7F900287FF421
:109850007DAFD7E7062120460EF0E8FD10F00305A6
:10986000D0D12A46062120460EF0E0FD10F4C05F5C
:1098700011D100220A2120460EF0D8FD00F0F000A0
:10988000F028BFD000220A2120460EF0CFFDC0B242
:10989000E32895D1B6E72A46062120460EF0C6FDFC
:1098A000C0F3C1200228E4D02A46062120460EF04B
:1098B000BDFDC0F3C120032882D0A3E700860020AD
:1098C000CCA00020002108B5024B0846198006F004
:1098D00009F808BD148F002008B5204A0B461278FD
:1098E000824239D91E4900EBC000482201EBC00179
:1098F00018460BF082F902780346012A02BF42683B
:1099000042F018024260827D1AB1426842F48042FD
:1099100042605A6803F11800110619465CBF42F410
:1099200080525A6091F82C20022A0BD0032A0FD0C3
:109930001AB95A6842F480325A600C318842F1D127
:10994000002008BD5A6822F4805242F48072F3E786
:109950005A6842F04002EFE72720F2E79CA100207E
:1099600080660020064B1B78834207D94823584362
:10997000044B185C431E5842584170470020704702
:109980009CA10020806600202DE9F84306460025B2
:109990004FF048080C4FDFF834903B78ECB2A3420C
:1099A00001D8FF240DE02046FFF7DCFF08B90135A0
:1099B000F3E708FB0491304608310EF0F9FE002869
:1099C000F5D02046BDE8F8839CA1002080660020E9
:1099D00030B5084B48211A780023074CD8B2824290
:1099E00001D8FF2005E0013301FB03F5655DFF2D84
:1099F000F4D130BD9CA1002038660020F8B50546A2
:109A0000FFF7C2FFFF28044606462AD1FFF7E0FF12
:109A1000FF28044625D003B203EBC303124FDB003B
:109A20002868696803F108023A4403C2A8681C3335
:109A3000106031461022F8180BF0F9F84822002186
:109A40004FF6FF706243BB18996183F844609882B7
:109A5000287A58600120B854997583F82C6083F8EF
:109A600038602046F8BD00BF8066002013B5144B57
:109A700004461B78834220D9124B1B7883421CD9A1
:109A8000FFF770FF60B148220F4B02FB04339B6964
:109A9000009304236A462146212005F0B3FA0CE026
:109AA000042322460DEB0300212105F0A2FA4FF01A
:109AB000FF330093019B0133EBD102B010BD00BF17
:109AC0002D9500209CA100208066002070B54B4B96
:109AD00004461B7896B083426ED96E463422FF212D
:109AE00009A80BF0A4F81022FF2130460BF09FF8D4
:109AF0002046FFF737FF002849D048226243404DF7
:109B0000AB18AA5C8DF824205A680A921A7C002AA5
:109B100054D19B680B93482303FB04539A7D12F0A6
:109B20001C0F18BF1C338DF835201CBF0FCB86E8E7
:109B30000F00482303FB045191F82C20032A8DF8D1
:109B4000462046D103FB0453D3F82E00D3F832103D
:109B500012AA03C2D3F83A00D3F83E1003C2482138
:109B600001FB045292F83830032B8DF8473001D0B6
:109B7000002B39D101FB0455D5F82E00D5F8321051
:109B800012AB03C3D5F83A00D5F83E1003C3342313
:109B9000214609AA202005F035FA2046FFF766FF86
:109BA00004A8E3F777F90723314604A88DF81030AD
:109BB0008DF8114008F0B2FF16B070BD022AAAD18C
:109BC000D96898680BAA82E803005B7C8DF8343072
:109BD000A1E7002AB6D0022A01BF0B8EADF84830AB
:109BE000CB8DADF84A30BAE7022B01BF938FADF8A9
:109BF0005030538FADF85230C9E700BF9CA1002010
:109C0000806600202DE9F0430027DFF82481474CCF
:109C100097B098F80030FDB2AB4202D817B0BDE85B
:109C2000F0832A463423202109A805F0E2F9E94609
:109C300004A8E3F72FF90723494604A88DF810304C
:109C40008DF8115008F089FF48239DF824206B43BC
:109C5000FF2A02D1E2540137DBE7E254DDF828C0E5
:109C6000E618C6F804C09DF8353006F11C0EB37531
:109C700099E80F008EE80F001CF0020206F10803BD
:109C80003BD0DDE90B0183E80300022333749DF828
:109C90003430737448236B432CF4C062E1184A607B
:109CA0009DF84620032A81F82C202AD112AA03CA43
:109CB000482203F12E0604EB060CA051CCF8041048
:109CC0004FF6FD7102FB0542D186482202FB054298
:109CD0009DF84710032982F8381000D0E1B93A33D3
:109CE00014AA03CAE618E05048234FF6FD7203FB9E
:109CF00005437160A3F84220ADE70B9B3274B3605B
:109D0000C8E7002AD2D0022A01BFBDF848200A863F
:109D1000BDF84A20CA85D8E7022901BFBDF85030F6
:109D20009387BDF85230538795E700BF80660020C7
:109D30009CA10020F8B500244827074D074E2B783A
:109D4000E0B2834200D8F8BDFF2207FB00F3F254D3
:109D5000FFF7BCFE0134F2E79CA1002080660020E2
:109D6000F7B5FFF74FFF00240C4E0D4D0D4F337824
:109D7000A34202D92B78A34201D803B0F0BD04233B
:109D800022460DEB0300212105F033F9482303FBA4
:109D90000473019A01349A61E4B2E8E72D9500203A
:109DA0009CA100208066002030B4084B4820197820
:109DB000FF250023064CDAB2914202D830BCFFF7EF
:109DC000CFBF00FB03F20133A554F4E79CA10020B0
:109DD00080660020F0B40B4611490546097881429F
:109DE0001CD948241C2114FB00140E4E03F1100C46
:109DF0003444274618685968083303C763453C460E
:109E0000F7D1482303FB0566B37D284623F01C03E6
:109E100043EA8202B275F0BCFFF758BEF0BC70474F
:109E20009CA1002080660020034630B40E4A0846FC
:109E300012789A4204D830BC102200210AF0F7BEF2
:109E400048221C2112FB0312084B1A44034602F15C
:109E50001005144603CCAC4218605960224603F149
:109E60000803F6D130BC70479CA10020806600201A
:109E70002DE9F84F04461E464D4B88461B78914607
:109E8000A342BDF82800BDF82C103FD9B8F1000F4F
:109E900002D0B8F1030F4FD1B9F1000F36D04FF017
:109EA000480B444F04EBC4050BFB047B9BF82CA030
:109EB000ED00BAF1FF0F05D19BF83830FF2B0DD123
:109EC000002026E005F12E000822494638440AF019
:109ED00084FEA0B19BF83830FF2B19D005F13A0071
:109EE0000822494638440AF078FE38B1BAF1FF0F2B
:109EF000E6D02046BDE8F84FFFF7E8BD0120482333
:109F00000C22634302FB00303844C686BDE8F88F5C
:109F100001200C234FF0480A58430AFB040A2E354F
:109F2000BA442844082249468AF82C8038440AF06A
:109F300064FEAAF83660DCE7B8F1020FD9D14823F5
:109F40001C4A03FB042393F82C60022E0BD1DD8DF9
:109F5000854223D093F83850022D11D15B8F834274
:109F6000C7D101201BE093F83850022D06D15B8F3A
:109F70008342F6D0FF2EBCD1002504E0FF2EFBD09B
:109F8000FF2DB6D1012548230C26634306FB05337C
:109F900013440222D88583F82C2006E000204823B1
:109FA0000C25634305FB003313441986A1E700BF6A
:109FB0009CA10020806600202DE9F0471F4B05463C
:109FC0001B7889468342924635D900273E46DFF802
:109FD000708000EBC00408EBC40494F82C30032B11
:109FE00007D8013B012B16D8DFE803F0062006272F
:109FF000F3E7FF2B18BF0126062F04F10C04F6D15E
:10A0000026B94823FF226B4308F803202846BDE801
:10A01000F047FFF75BBD0822494604F12E000AF025
:10A02000DCFD30B9FF2384F82C30E5E7E38D5345A0
:10A03000F8D00126E0E7BDE8F08700BF9CA1002032
:10A0400080660020064A03461278824206D94822DA
:10A05000FF215343034AD154FFF738BD704700BF77
:10A060009CA10020806600202DE9F04F04464FF6A9
:10A07000FF7585B0174614F48032BDF83C6002923B
:10A0800008BF2E46E2060846BDF838909DF84C8081
:10A0900007D5FFF779FCFFF7D5FF002005B0BDE835
:10A0A000F08F210771D514F4004BC4F3C22A04D0F9
:10A0B0009F2222FA0AF2D207EFD50393FFF79EFC04
:10A0C0003D4A05461278039B8242E6D93946CDE9DE
:10A0D0000096109AFFF7CCFEBBF1000F04D0524659
:10A0E00028461199FFF776FE14F4C06F334BC4F382
:10A0F000412E04F480702DD1482202FB053268B154
:10A1000012999161917D21F003019175482202FB22
:10A110000532516841F02001516004E0917D906169
:10A1200021F003019175482214F4003F08BF4FF05D
:10A13000000802FB0533012F83F8448005D1029902
:10A140005A68E9B942F080025A602846FFF7BEFC1F
:10A150000120A3E7AEF10202012A9FBF482202FBC1
:10A16000053212999161482202FB053292F816C01D
:10A170002CF0030C4EEA0C0191750028D3D0C5E7F2
:10A1800042F402525A609E82DFE7FFF7FDFB0A4B62
:10A190001B78834281D9012F08D14822074B02FB4B
:10A1A00000335A689D8222F402525A6033464A466E
:10A1B0001099FFF701FFCBE79CA1002080660020EB
:10A1C00038B505460D4B0E481C88EEF753FA012DA5
:10A1D0000CD10C4B1C88FA21614358B1884209D23A
:10A1E0008408012C204638BF012038BD022D08BF4D
:10A1F0000224F0E7024812F0DFF8F2E70E8B0020AD
:10A20000F86800200C8B0020012208B5054B064899
:10A210001A70002112F0D0F8BDE808400020FFF7C6
:10A22000CFBF00BF24950020F86800201E4B73B5F7
:10A230001A8802F108039BB2012B02D81B4B1B7832
:10A2400023B902B0BDE87040EEF728BA0024184BDD
:10A25000184D1C70184B1C702B787BB14FF6FC739B
:10A26000164E009322462346214630880DF0BEFC50
:10A270004FF6FD732C70338001200FE0104B104619
:10A280001978F3F7A5FF0028F6D10C4B1A884FF682
:10A29000FD739A42F0D0012302202B7002B0BDE87A
:10A2A0007040FFF78DBF00BF108B00202495002069
:10A2B0002795002025950020269500200A8B002058
:10A2C00028950020012808B50AD002280CD020B912
:10A2D000084B18700848EEF7E1F94FF0FF3008BD61
:10A2E000BDE80840FFF790BF0020BDE80840FFF739
:10A2F00067BF00BF24950020F868002002280FD80F
:10A3000040F6024399420BD1064A13780133DBB27F
:10A310001370054A12789A4202D80220FFF7D2BF82
:10A32000704700BF269500202995002038B5A0F67B
:10A330001343012B04460D4615D80E4A13780133FA
:10A34000DBB213700C4A12789A420CD84FF6FD72A9
:10A350000A4B00201988914201BF00221D80084B42
:10A360001A70FFF72DFF29462046BDE83840E1F777
:10A3700073BB00BF279500202A9500200A8B002080
:10A380002595002000234FF6FD71054A1370054AFC
:10A390001370054A1180054A1370054A13707047FF
:10A3A00027950020269500200A8B00202595002067
:10A3B0002495002030B5094B02461B7833B1084B79
:10A3C000084C19780023D8B2884201D3FF2004E05A
:10A3D000013334F823509542F5D130BD9BA10020C4
:10A3E0002C950020EA8A00200022FF21044B05481A
:10A3F0001A70054B1970054B1A7892000AF017BCB9
:10A400002C950020EE8A00202B9500209BA1002097
:10A41000F7B58DF807100DF10701044604F0FCFFB5
:10A42000234B1D78002D41D02046FFF7C3FF214E5E
:10A43000FF283178204B05D1204A107885422DD94C
:10A44000451C1570884219D01C4A1B4D92F800C05B
:10A450000022D7B2BC450CD92F4697F803E0013251
:10A46000864505F10405F4D102B203EB8202D278ED
:10A47000FA7002B203EB8202D170307002B203EBC9
:10A48000820123F82240FF228A709DF80720FF2ACC
:10A4900002D003EB8203987003B0F0BD0A46104669
:10A4A00003EB8202D278FF2AF9D1CBE7FF20F3E752
:10A4B0009BA100202B950020EE8A00202C950020E7
:10A4C0002DE9F843FFF776FFFF28044669D04FF6E1
:10A4D000FF72354F03B2DFF8DC80344E27F82320BB
:10A4E00098F80050A54202D10020BDE8F8833378E7
:10A4F00020B28100A34207EB800090F803E010D067
:10A500000023294A5FFA83F94D45944606D99CF801
:10A5100003900133A14502F10402F3D18CF803E06A
:10A5200001E086F800E0013DEDB22A1BD2B2043111
:10A53000920039440AF061FB88F800503378FF2B11
:10A5400004D0A34224BF03F1FF33337000214FF640
:10A55000FF70154BCAB2AA420CD300234FF6FF710D
:10A56000134ADCB2AC42BBD2013332F8230088423A
:10A57000F7D1B5E79A78A2420BD11880DA78FF2A92
:10A5800004D0A24224BF02F1FF32DA700131043359
:10A59000E0E7FF2AF2D0A24224BF02F1FF329A7014
:10A5A000ECE72D20A1E700BFEE8A00202B950020CC
:10A5B000EA8A00202C950020F8B51C4B05461B7834
:10A5C000084673B3FFF7F6FEFF28044629D0284655
:10A5D000FFF7F0FEFF2806D0154B164E1A78002321
:10A5E000D9B2914218D3FF212846FFF711FFFF2867
:10A5F000014616D00546104F23B207EB830237F809
:10A6000023009678FFF704FFA84208BFFF25FF2E1E
:10A61000214608D12846F8BD013316F8231081429F
:10A62000DED1FF25F6E73446E6E700BF9BA1002018
:10A630002C950020EC8A0020EE8A00202DE9F041C4
:10A6400080460E461F46002386B001A814469DF89A
:10A6500030508DF80330FAF7BBFFADF804802EB10F
:10A660003368CDF806307368CDF80A30384611F0FB
:10A67000B7FD0DF103034219214601A8E1F73AFAAB
:10A680009DF8033093B931464046E2F7B3FB0E4BD9
:10A690001B785BB10B2C09D8FF214046FFF7B8FEB1
:10A6A000064605EB4404E4B2A54202D106B0BDE87B
:10A6B000F081294638460DF030FE3146FFF7A8FEFE
:10A6C00002350646EDB2EFE79BA1002000232DE9FD
:10A6D000F3470DF107028DF8073004460E4604F0EB
:10A6E00086FE9DF80730054663B92046FFF762FEF7
:10A6F00004465EB1308811F08FFD5FFA80F8FF2CC0
:10A7000045D10025284602B0BDE8F087B046F6E7FF
:10A7100001320C2AF5D02DB207EB8505AD78FF2D5F
:10A72000F6D112F0FF0AECD04FEA4A050235EDB23D
:10A73000002EE7D0304605EB08010DF0B3FD0028F0
:10A74000DFD1524641463088FEF7BCF80AF1FF32AD
:10A7500008F1010108F102093088D2B2C9B25FFAEA
:10A7600089F9FEF7AFF824B207EB8404A478FF2C34
:10A77000C8D023B2494637F8232030880DF0DDFDDC
:10A780000028BED109F102095FFA89F9EBE72546F5
:10A790000022014FBFE700BFEE8A0020FF2818BF4C
:10A7A000064B10B51BBF03EB800433F820302D207F
:10A7B0000B801EBFA3780020137010BDEE8A00200E
:10A7C00070B51F4B1F4C1980038805462381837881
:10A7D0001646E3720BF0E5FB0822A072291D204605
:10A7E0000AF00BFA6B7B2374174B6361032323730B
:10A7F00046B1EEF7A1F810B11620EEF751F84FF47C
:10A80000FA610EE00EF08CF9C30705D404224FF66E
:10A81000FD713046F2F7BAFFEEF78EF858B94FF4F3
:10A82000FA710322094B0A481A700A4B1E70BDE8E0
:10A83000704011F0C1BD1620EEF732F8EFE700BF0F
:10A8400072A100204486002000F8FF07DD9600205A
:10A850000CA10020DB96002038B50A4D0A48EDF720
:10A860001DFF2A78094CFF2A04D0217811B9084627
:10A870000BF0B2FFFF232B700023054A23701370E7
:10A8800038BD00BFDCA10020ECA00020C89600204D
:10A89000C796002008B50C4A0B46117811B90B4A2F
:10A8A00010809370094A002001F018F8084B00222C
:10A8B00019880648FFF784FF0120EDF7F1FF0348F0
:10A8C000E2F750F9012008BDDA960020108600203A
:10A8D000188F002010B5074C2378062B05D11528BA
:10A8E00003D100232370F9F7ADFE2078003818BF9C
:10A8F000012010BDDD960020024B1878031F58423E
:10A9000058417047DD960020024B1878431E58428C
:10A9100058417047DD960020024B187808B9024B69
:10A9200018787047DC960020599500207FB51023D9
:10A93000072202A90120EDF72BFF9DF80B00F0F78D
:10A94000DDFE1720E1F7B6FD00210DF10700EEF75F
:10A950002BF8172805D10020EDF7A2FF07B05DF80E
:10A9600004FBFFF7D9FF022808D9054BB3F868208C
:10A970004FF6FF739A4201D10320EDE70220EBE787
:10A98000AC840020014B1870704700BFDC9600209B
:10A9900070B5044620B91A48FFF75EFF002003E0B7
:10A9A000184B1B780BB1022070BD174E3378002B6B
:10A9B000F9D1134812F02BFFB8B9114812F027FF54
:10A9C000054648B901460BF018FF104B02221870DB
:10A9D000294628460BF000FF631C0CD0214608488E
:10A9E00011F0EAFC00233370D8E70548EDF742FE8A
:10A9F000A042E2D3D7E70248EDF750FE0123F2E789
:10AA0000ECA00020C8960020C7960020DCA1002002
:10AA1000014B1870704700BFC896002008B5054864
:10AA200012F0F5FE20B9044B187800F0010008BDC3
:10AA30000120FAE7ECA00020C796002030B5414C79
:10AA400041488BB0EDF72AFE2378032B5DD1FFF749
:10AA500063FF02289CBF062323703C4B1D78002D0A
:10AA600040D03B4B186810F002000EBF41F6043195
:10AA700041F6063100200CF0D4FE0025354B1D7048
:10AA8000354B1988FFF748FF344B02462846F1F74B
:10AA900045F9002846D1324D0EF042F82B78002BB4
:10AAA0000CBF4FF0FF336FF48073184020F00100AB
:10AAB00080B20EF041F801232B70FFF72DFF022822
:10AAC00006D94FF4FA61204811F076FC0723237071
:10AAD000002011F07DFA98B300200BB0BDE83040A3
:10AAE0000BF016B9F3F784F9294601221D48F7F750
:10AAF0003BFF68460EF02EF82A4641F6063140200C
:10AB00000DF11503F6F732FEB7E7072B07D1002347
:10AB1000FF22194601202370F0F708FED8E7043B16
:10AB2000012BD5D8104B1B782BB101200DF0F7FE6F
:10AB300000220D4B1A7000232370FFF7F7FEC7E7C2
:10AB40000BB030BDDD9600200CA10020DB9600206C
:10AB50002C6A00205895002072A100204486002015
:10AB6000DDA10020CA960020C6960020F7B50F4F41
:10AB700004463B780D46012B164614D10020ECF715
:10AB8000C3FA2B46CDE900062246002008490DF005
:10AB900040FC084B188030B102233B7003B0BDE885
:10ABA000F0400BF00CBE03B0F0BD00BFDD960020FE
:10ABB000467B0508168F00202DE9FF411E4E00241C
:10ABC0003378012B0CD11D4B347093F900000BF03E
:10ABD000CDF92046E1F7B2FF012004B0BDE8F081D5
:10ABE000022B26D1164D0120E1F7A8FF0821288865
:10ABF000CDE902440DF0AFFB0D2107462888FDF793
:10AC00004DFE082380460094224629880DEB030060
:10AC100012F06CFE094B2C8093F900000BF0A6F9A2
:10AC200001223846C8F3C01302A900F009FA3470B3
:10AC3000D2E72046D1E700BFDD960020C99600206C
:10AC4000168F0020F0B51E465F4B0C461B7805465C
:10AC5000D90717468DB006D422462946012000F0B8
:10AC60003DFE0DB0F0BD5A0703D40DF059FFC307E8
:10AC7000F2D500210DF10F00EDF796FE18B99DF801
:10AC80000F30012BE8D0FFF747FE022D5BD00228E2
:10AC9000E7D8208B0DF0ECFEFF28DDD032460020F7
:10ACA00008AB04F1100100F04DFE0028D4D13B4662
:10ACB00004AA07F1080C164618685968083303C639
:10ACC00063453246F7D1186830609B88B380BDF881
:10ACD0001630BDF818209A4238BF0023BDF8142062
:10ACE0003CBFADF81630ADF81830BDF812309A42BE
:10ACF00038BF0023BDF81C203CBFADF81230ADF8C2
:10AD00001430BDF81A30BDF814109A423EBF00232B
:10AD1000ADF81C30ADF81A30BDF81C30BDF8162067
:10AD20000093BDF81200BDF81A300DF0CCFE0028DB
:10AD300092D1A67875B94EB9244B1E6804216018CB
:10AD400007F06AF909E00228A3D88AE7012303FA89
:10AD500006F6F3E7012303FA06F623461C4A04F13C
:10AD6000280E9446186859680833ACE80300734508
:10AD70006246F6D11868174BCCF800003A881D706F
:10AD8000154B164F1A800DF1300C08AB1A4603CA4A
:10AD9000624538607960134607F10807F6D12DB98E
:10ADA000032130460E4AEEF74DFE5AE700232046B7
:10ADB000A21C211D0DF064FD00287FF44DAFA17889
:10ADC0002088FFF767FD4CE70B95002040860020A8
:10ADD00010860020DA960020188F0020CA960020E6
:10ADE00095A80308F0B51A4F1C463B780546042B7E
:10ADF000164685B029D11748EDF750FC00233B706B
:10AE000025B105B0BDE8F040FFF790BD0BF00BF9A0
:10AE1000054696B11023072269460120EDF7B8FCDC
:10AE200002AB03CB9DF803306060A370BDF8003027
:10AE3000A16023800BF0C5FE6073012229462046E5
:10AE400005B0BDE8F040FFF7BBBC05B0F0BD00BFEA
:10AE5000DD9600200CA1002008B50DF061FE20F465
:10AE6000987080B240F001000DF066FE0022014BA8
:10AE70001A7008BDDD96002010B50446FFF74CFDA2
:10AE8000022811D8094B1B7873B18C420CD193075F
:10AE90000AD52046EFF77AF930B1017921B9BDE83A
:10AEA0001040034811F088BA10BD00BF5195002032
:10AEB00098690020014B024A1A607047848500207F
:10AEC0007A7B0508014B1878704700BF0B9500206E
:10AED000014B1870002070470B950020014B18683B
:10AEE000704700BF40860020014B1868704700BFC4
:10AEF0003C860020014B1860704700BF4086002050
:10AF0000014B1860704700BF3C8600200148EDF7F8
:10AF1000D5B800BF168F002008B511F04EFD00F522
:10AF2000FA50012838BF0120014B186008BD00BF4E
:10AF30005C86002030B500290CBF03240B2489B0A7
:10AF4000DAB111490A78551C0D70112142F08002C6
:10AF50000C9DCDE90412CDE906354CF25E024FF4AA
:10AF60008053CDE902320B23002200930E21074BC0
:10AF700001940DF03FFA09B030BD054A192112784D
:10AF800042F08002E4E700BFE79600204C7B050812
:10AF9000E696002073B500252C46094E3378E8B2BA
:10AFA000834202D8204602B070BD05F000FD69461C
:10AFB00005F0FFFC08B10134E4B20135EEE700BF53
:10AFC000B18F002073B50A4E04463368094D8342A1
:10AFD00008D00023022101A8019307F01DF8019B6E
:10AFE00034602B60FFF798FF286802B070BD00BF87
:10AFF0006486002068860020012210B50E4B86B0C2
:10B000001B681146009302A80023FFF793FF0DF081
:10B01000C5FC04460DF084FD084BCDE900400E222E
:10B02000102102A80DF0E6F90022102102A80AF072
:10B030007CFE06B010BD00BF60860020D87A0508EF
:10B040002DE9F04FA5B01E4693460D9180460AF0BB
:10B05000EAFF0DF1480A514607460020EDF7A4FC2F
:10B0600081460DF05DFD40EAC615FFF793FFB9F18B
:10B07000170F0446ADB217D10AF0A1FF4FF6FD79C4
:10B080008DF85300012114A806F0C6FFBDF850301A
:10B09000013B9BB24B45F5D80421504606F0BCFF5E
:10B0A000BDF850000AF0E8FFBBF1000F01D045F0F9
:10B0B0003005EB0748BF00234FF0000248BF8DF872
:10B0C000583011464FF00103CDF8008018A848BF52
:10B0D0004FF6FF77FFF72EFF0DF0E9FC83460DF0EA
:10B0E0005DFC0F900DF0B7FC0E904046FFF76AFF35
:10B0F000DFF89C800E9A98F800100F9BCDE90A416A
:10B10000BDF85010CDE9025208919DF85310CDE9D9
:10B1100000B307919DF858100490CDE905A10E22C7
:10B120002721194B099718A80DF064F9012C28D193
:10B13000002005F03CFC10A9054605F03AFC18B9C2
:10B14000204625B0BDE8F08FC6B1BDF8403098F874
:10B1500000202E2104929DF8442000950392BDF812
:10B16000422018A8CDE901322722084B0DF042F900
:10B170002E210D9A18A80DF021FCE2E74CF25E0397
:10B18000E5E72721F5E700BF557B05085C7B05084F
:10B190000A9500202DE9F04F2E4BA3B00646144629
:10B1A000B3F800800F46FFF7F5FE00220546114672
:10B1B000032300960DA8FFF7BDFECDE900540E2233
:10B1C0005121254B0DA80DF015F911250026DFF8AA
:10B1D0009090DFF890A0DFF890B008F0800899F820
:10B1E0000030A34201D9042E09D13A4629460DA8C0
:10B1F0008DF844600DF0E2FB23B0BDE8F08F2046EF
:10B2000005F0D5FB0BA9099005F0D3FB0134E0B1A3
:10B21000099BB8F1000F1AD0BDF82C2006949AF8BB
:10B2200000100DA805919DF83010CDE900B30491F0
:10B23000BDF82E10094BCDE902212A4651210DF00F
:10B24000D9F801361035F6B2EDB2E4B2C7E74CF2E8
:10B250005E02E3E71A8F0020D87A0508627B0508B2
:10B26000B18F00200A9500207096002000232DE960
:10B27000F04FDFF8789399B099F80070064617F010
:10B280000107CDE90233B0F802B000F09B810378EA
:10B29000032B00F29781CE4B1B78002B40F0868168
:10B2A00033780DF10808012B8CBF172411240023DB
:10B2B000A4F10802009359460823404692B212F0C6
:10B2C00015FB002840F07E81E51D43462A4659467D
:10B2D000092004F043F8002800F07481584610F06B
:10B2E0009BFF04F10D03834280F26C81214670883C
:10B2F0000DF013F88246A11C7088FDF7CFFABAF161
:10B300000B0F40F08D8120F00C03032B40F088815F
:10B31000337800F00C00012B00F25681082840F031
:10B3200051817088E11C0CF0F8FFB0F5805F40F0AF
:10B3300077817088611D0CF0F0FF4CF25E0398423B
:10B3400040F06E8129467088FDF7A8FA04F10901E2
:10B3500082467088FDF7A2FA1628054600F2608141
:10B36000BAF1000F40F04681C10740F14881708872
:10B3700004F10A010CF0EFFF8146002800F0228161
:10B38000002D00F04F81934B1B68834204D0924BF9
:10B390001B68834240F01681DFF854A2DAF80030CF
:10B3A000002B00F00F8111F008FBDAF80030C01A12
:10B3B000B0F1004F40F20681FFF7AEFDEB1EDBB2AD
:10B3C0000C2B40F24281162D00F23F810F2D40F2EE
:10B3D0002981A5F10C0A5FFA8AFA708810F01CFF27
:10B3E0007E4B13F80A302344984200F03281012D3D
:10B3F00040F0E880708810F00FFF04F12E039842AF
:10B4000040F0E080584604F10801FDF747FA744B1C
:10B4100004F10E0A18702C2200210DA8758809F07D
:10B4200006FC98E80300002614AB83E8030002231F
:10B430000DF1100BCDE906668BE803005146284656
:10B440008DF84030CDF84490FDF728FA04F10F0153
:10B450008DF85F002846FDF721FA04F110018DF800
:10B460005C002846FDF71AFA04F11101ADF85A0004
:10B4700028460CF052FF04F11301ADF84C002846A9
:10B480000CF069FF04F11702082329461290009678
:10B490000EA812F02BFA04F11F012846FDF7FEF961
:10B4A00004F120018DF841002846FDF7F7F904F179
:10B4B00021018DF8360028460CF02FFF04F12301FE
:10B4C000ADF8340028460CF028FF04F12501ADF852
:10B4D00058002846FDF7E2F904F126018DF85D00D9
:10B4E0002846FDF7DBF932468DF85E0008210EA8EC
:10B4F0000AF02EFD002800F004813046EBF704FE30
:10B500008DF836009DF85C2002F00303012B00F05B
:10B510000981022B00F00081002B53D1BDF84C00B3
:10B520008DF85C700DF0A4FAFF284BD09DF85D30CB
:10B53000012B29D1284610F06FFE04F12706801B4D
:10B5400006283FDD31462846FDF7A8F904F1280119
:10B550008DF8180028460CF0E0FE04F12A01ADF841
:10B560001A0028460CF0D9FE04F12C01ADF81C009D
:10B570002846FDF793F904F12D018DF81E002846A9
:10B58000FDF78CF98DF81F009DF85D4008A8651E39
:10B5900018BF0125FAF71CF8012C0CBF5A460022EF
:10B5A000294608AB0DA8E1F78FFA0BE00D4B93F994
:10B5B00000400D4B93F900500DF079FA2844844275
:10B5C000BFF66EAE012041E000283FF4AAAEF9E7D5
:10B5D00089A1002064860020608600206F7B05081A
:10B5E000E6960020959600208AA100200B95002069
:10B5F0005C860020BAF1110F09D1C2070DD4072DC6
:10B600003FF4B5AE99F800309807DBD5AFE6BAF154
:10B61000190F02D1C3073FF5AAAE072D3FF4A7AE1D
:10B62000FF25A4E6AA46D8E6A5F11003DBB2062B57
:10B630000BD80123AB4013F4281240F0118113F40E
:10B64000A81F7BD1162D00F02C81002019B0BDE879
:10B65000F08F05F0FD03112B01D0152D0FD1974A66
:10B660001378FF2BAED00133AB42ABD1FF23404662
:10B6700013709349082209F0B0FA0028A2D1584665
:10B6800004F10801FDF70AF98E4B022D04F10E0AB0
:10B69000187049D0C8D8002D7FF4BDAE04F10F0159
:10B6A0007088FDF7FBF8884B884C1B6820804B4561
:10B6B00088D0C10686D5864B93F90060854B93F9F7
:10B6C00000700DF0F4F9384486423FF77BAFFFF786
:10B6D0001BF968B10DF024FAC2077FF573AF228819
:10B6E000D3073FF56FAF49464046FFF73FFA69E79A
:10B6F00023882A4641464846C3F3C013FFF7A0FCFF
:10B7000060E79DF83630002B3FF45CAFBDF8343075
:10B71000002B7FF4F7AE55E712F0040F0CBF04279F
:10B720000327FBE60227F9E651467088FDF7B6F8D5
:10B73000414602464846FFF72DFD43E7102D00F035
:10B740008680122D18BF0227758800262C22002122
:10B750000DA809F06CFA52460823294600960EA857
:10B7600012F0C4F804F116012846FDF797F8009688
:10B7700082461023294604F1170208A812F0B6F8F1
:10B7800004F127063FB131462846FDF787F804F15A
:10B7900028068DF8410031462846FDF77FF8711CD8
:10B7A0008DF8360028460CF0B8FDF11CADF83400D9
:10B7B00028460CF0B2FD711DADF8100028460CF0C3
:10B7C000ACFDF11DADF8160028460CF0A6FD06F103
:10B7D0000901ADF8180028460CF09FFD06F10B0199
:10B7E000ADF8120028460CF098FD06F10D01ADF8F9
:10B7F000140028460CF091FD06F10F01ADF81A0077
:10B8000028460CF08AFD14ACADF81C000FBB29468D
:10B8100008232046009706F1110212F067F8284627
:10B8200006F119010CF079FD012303FA0AF3ADF8D2
:10B830004C30294BADF858001B683846129304AAC7
:10B8400008AB0DA9CDF84490FFF7FCF9BAE617460E
:10B850007AE798E8030084E803004FF6FF70E3E717
:10B860007688112D5146304610D1FDF717F80DAAF4
:10B87000054604F10F0130460DF0CAF800273A469C
:10B88000414628460DABFFF7ADFA9BE6132D03D1D9
:10B89000FDF704F80546F2E7FDF700F80227054634
:10B8A000EDE7514670880DAA0DF0B2F80AF0BBFB27
:10B8B00001460DA80DF03BF884E600BFDEA1002094
:10B8C000DE960020E6960020648600201A8F002075
:10B8D0008AA10020959600206886002070B50D464C
:10B8E0000646116AD0698EB005AB144603C31DB37A
:10B8F000012D0CBF13231523226907A800920022F3
:10B900001146FFF717FB8DF82A60BDB92388043470
:10B91000039314F8023C1B210293637A0F220193D4
:10B920000094074B07A80CF065FD1B2105AA07A88A
:10B930000DF044F80EB070BD1123DDE70F21F5E7DF
:10B940006A7B05082DE9F04306468FB008890D464D
:10B95000174698460DF08CF8FF2856D00F2809ACF2
:10B9600001D0042835D12A686B6812BA1BBA204668
:10B97000CDE90522CDE90733E1F78CFA052305ADC2
:10B9800020468DF82430E1F7F5FC2A4629460120AF
:10B99000E1F786FD95E80F000DF1040C8CE80F002F
:10B9A0002046E1F777FA092320468DF82430E1F7A5
:10B9B0007DFA01A9204607F0B1F82046E1F7DAFC4C
:10B9C000424639463046E1F76BFD00200FB0BDE836
:10B9D000F0830028E4D1A6462B686A680C4D93FAE0
:10B9E00083FC12BA05F110097346286869680835A6
:10B9F00003C34D459E46F7D1CDF828C00C9201AD4A
:10BA000094E80F0085E80F00CAE72120DEE700BFB9
:10BA1000847B050808B5FF21162001F078F9FF2185
:10BA2000172001F074F9BDE80840FF21182001F04B
:10BA30006EB910B50446CBF7B5F92046102103F0D6
:10BA400063FB204610BD08B504F0ADFF022803D00B
:10BA5000BDE80840D9F742B808BDF7B505460E461F
:10BA6000174601242046013433462A460021009718
:10BA7000E4B205F064FF1F2CF4D133462A460021BE
:10BA80000097F02005F05BFF03B0F0BD2DE9F04119
:10BA9000DDF824800D4616469DF82070CBF746FC55
:10BAA00050B10368CDF818809C6832463B46294661
:10BAB000A446BDE8F0416047BDE8F08110B50C46F2
:10BAC000CBF734FC20B12146BDE8104000F087BD23
:10BAD00010BD08B5CBF72AFC18B1BDE8084000F04E
:10BAE00089BD08BDCBF702BB704738B500250446B9
:10BAF0001E22294600F8015B09F099F82046E577F7
:10BB000084F8205084F8215038BD10B508468AB01A
:10BB10000C4609F0A4F8C2B2202A28BF20222146F0
:10BB20000DF105008DF8042009F08CF84222042064
:10BB300001A9FFF792FF0AB010BD10B508468AB000
:10BB40000C4609F08CF8C2B2202A28BF20222146D8
:10BB50000DF105008DF8042009F074F8422205204B
:10BB600001A9FFF77AFF0AB010BD7FB52023FF2996
:10BB700003918CBF090EC9B28DF8171000930122F2
:10BB80000DF117030021F02005F0D9FE2323022236
:10BB90000093192103ABF02005F0C0FE07B05DF85B
:10BBA00004FB01280CBF0423012343F0C0001B0148
:10BBB00043EA0020704737B504780546DCBB012313
:10BBC0000370CBF793FA95F82100CBF7C3FA95F8F9
:10BBD00021303022012B0CBF0323012307200DF15C
:10BBE00007018DF80730FFF738FF0134E4B2002178
:10BBF0002046DDF7E1FC1E2CF7D10121F020DDF716
:10BC0000DBFC04F0D0FE022801D0D8F767FF012149
:10BC10000846D6F71FF801210220D6F71BF80121AC
:10BC20000420D6F717F801210820D6F713F80121D0
:10BC30001020D6F70FF803B030BD08B504F0B3FEFE
:10BC4000831E5842584108BD08B504F0ACFE0038C8
:10BC500018BF012008BD04F0A8BE04F0A2BE08B5BC
:10BC600004F0A1FE022804D1BDE808400020E0F75E
:10BC7000CBB908BD092938B515D801EB4101C9B2C6
:10BC80008B1CDBB2451C6A5C4C1C42B90844012188
:10BC9000E4B241702046DDF78FFC204638BDE2B2A9
:10BCA00093422146EFD20024F7E7F02903460846E5
:10BCB00004D1DA7F6AB10022DA7770474A1ED2B225
:10BCC0001D2A06D813445A781AB100215970DDF79D
:10BCD00073BC70470621CBF779BB70B53C200D468D
:10BCE000164603F005FA044632462946CBF766FDB0
:10BCF000204670BD806808B100F05AB9704780686E
:10BD000008B100F00EBA7047806808B100F054BA6C
:10BD10007047806808B100F05FBA704710B50446FC
:10BD2000806840B100F047F9637B184483B2FE2B72
:10BD30008CBFFE20C0B210BD08B5FFF7EFFFFE2399
:10BD400000EB800000EB800080007F3080B2B0FB11
:10BD5000F3F0C0B208BD2DE9F743044616469946F4
:10BD60000D46D1B1CAB1C3B1FFF7C4FF07462046A3
:10BD7000FFF7D4FF8046204600F0B2F8FE23C0EB68
:10BD800000247F34A4B2B4FBF3F441462B4638467A
:10BD9000CDE90069E2B2CBF727FA03B0BDE8F08342
:10BDA0009142F0B50F4638BF1746B842054638BF36
:10BDB0003D46069CDDF814C0257055B191420E46F3
:10BDC00028BF1646864294BFAC1B2C1A14F0FF0401
:10BDD00004D100221A708CF80020F0BDFE264FEA34
:10BDE000550E16FB04E6B6FBF5F6B8428CF800607B
:10BDF00016D38A1AC2EB022292FBF4F2002A22DA4C
:10BE000002F2FA52002A01DA02F2FA52FE214A4301
:10BE100040F2FA5102F2FD22B2FBF1F21A70DCE7B5
:10BE2000A9420BBF121A401AC2EB0222C0EB00203B
:10BE30000BBF92FBF4F290FBF4F202F5FF7202F5F5
:10BE40007F72002AE0DB40F2F9518A42C8BFA2F2B9
:10BE5000FA52DBE71FB50446084611461A460DF1B3
:10BE60000F0301930DF10E0300930DF10D03FFF786
:10BE700097FF20469DF80D109DF80E20FFF73FFF1D
:10BE80009DF80F302046C3EBC311FF2349007F31DB
:10BE900089B2B1FBF3F1C9B204B0BDE8104000F0C3
:10BEA0001AB80421CBF792BA70B534200D46164665
:10BEB00003F01EF9044632462946CBF7ABFC204678
:10BEC00070BD10B50446CBF7F3F92046102103F0FE
:10BED0001BF9204610BD806808B100F051BA7047C8
:10BEE000806808B100F049BA7047806808B100F076
:10BEF00071BA7047806808B100F08BBA704770B5AE
:10BF000034200D46164603F0F3F80446324629461F
:10BF1000CBF798FC204670BD10B50446CBF73AFA33
:10BF20002046102103F0F0F8204610BD037B70B5C9
:10BF300004460D46B3B90368D3E9046398472A461B
:10BF400001462046B047A06060B16060CBF7C4F9FD
:10BF5000054650B9A06810B103685B689847002394
:10BF6000C4E901330025284670BD0121A06800F016
:10BF70002CFB01232373F6E70021CBF727BA806857
:10BF800008B100F06DBA7047806808B100F065BA7A
:10BF90007047806808B100F07CBA704710B504465D
:10BFA000CBF724FA20463C2103F0AEF8204610BD22
:10BFB00090F83200704790F83300704763289FBFB5
:10BFC0006423C0EBC010400032309DBF80B2B0FB94
:10BFD000F3F0C0B2FE207047FE23B0F5B47F3FBF40
:10BFE00058434FF4B473B430B0FBF3F034BFC0B275
:10BFF00018467047FE2828BFFE20FE23C0EB0040F5
:10C000007F30B0FBF3F080B270477FB50923302654
:10C01000ADF80E300023044600F1380500968DF887
:10C020000C308DF80D3008222B464FF4407190F8FB
:10C03000250005F084FC00962B4644F201024FF4E3
:10C04000407194F8250005F07AFC1923009344F21E
:10C050000A020DF10E034FF4407194F8250005F02B
:10C060006EFC20230093102203AB4FF4407194F830
:10C07000250005F064FC182300930F224FF4407153
:10C0800094F825000DF10D0305F059FC04B070BDC6
:10C090001FB50246044612F8320FFFF7ABFF20230C
:10C0A0000093ADF80E0013464FF44071002294F84F
:10C0B000250005F044FC212300934FF480424FF407
:10C0C000407194F825000DF10E0305F038FC04B022
:10C0D00010BD202307B50093012200F133034FF474
:10C0E000407190F8250005F02AFC03B05DF804FBD0
:10C0F00037B521250446009500F1340303224FF49F
:10C10000407190F8250005F01AFC009504224FF4C8
:10C11000407194F8250004F1360305F010FC03B0DB
:10C1200030BDFE2973B528BFFE21FE2A28BFFE229E
:10C130000E46154604460DF106032946304601AA6F
:10C14000CBF752FA94F83230B34210D194F833302E
:10C15000AB420CD1A28EBDF804309A4207D1E28ED8
:10C16000BDF806309A4202D194F83830F3B1BDF8E8
:10C1700004302046A386BDF8063084F83260E3869A
:10C18000002384F8335084F83830FFF73EFF204610
:10C19000FFF77EFF2046FFF79CFF2046FFF7A8FF32
:10C1A000204602B0BDE8704000F015BA02B070BD84
:10C1B00090F83320FFF7B5BF024608B50846FFF7F1
:10C1C0000BFFBDE8084001461046FFF7F1BF0A46E5
:10C1D00090F83210FFF7A5BF024608B50846FFF7F2
:10C1E000EDFEBDE8084001461046FFF7F0BF2DE91F
:10C1F000F3418846089F0446009715461E4600F006
:10C200008EF8B8F5407F40F0878015BB002E00F017
:10C210008380387894F83230FE2828BFFE2083428D
:10C220007AD094F8331084F8320004F1360304F124
:10C230003402CBF7D9F984F838502046FFF7E5FEF1
:10C240002046FFF755FF204602B0BDE8F04100F060
:10C25000C2B9012D17D1002E5ED0397894F8333051
:10C26000FE2928BFFE218B4256D094F8320084F874
:10C27000331004F1360304F13402CBF7B5F900238F
:10C2800084F83830D9E7B5F5804F19D1012E43D95C
:10C29000FE2247F6FF703B8802FB03004FF6FF7358
:10C2A000B0FBF3F094F83230C0B2834234D094F84B
:10C2B000331084F8320004F1360304F13402DCE771
:10C2C000032D1AD1012E27D93888A38E834223D07B
:10C2D000E18EA08604F1330304F13202CBF7E6F9D4
:10C2E0000123204684F83830FFF78FFE2046FFF701
:10C2F000CFFE2046FFF7EDFEA5E7042D0CD1012E61
:10C300000AD93988E38E8B4206D0A08EE18604F1EB
:10C31000330304F13202E1E702B0BDE8F0812DE918
:10C32000F3410F46DDF820800446CDF80080164624
:10C330001D4600F07CF8082F12D18EB985B198F80F
:10C34000003094F83120FE2B28BFFE239A4207D0FC
:10C35000204684F8313002B0BDE8F04100F03BB92E
:10C3600002B0BDE8F08110B50446CBF749FA20468B
:10C37000342102F0C9FE204610BD90F8310070470C
:10C38000FE291FB528BFFE2190F8313004468B42AC
:10C390008DF80F100ED0202380F83110009300226A
:10C3A000082190F825000DF10F0305F0C8FA20468A
:10C3B00000F011F904B010BD63289FBF6423C0EBE7
:10C3C000C010400032309DBF80B2B0FBF3F0C0B26D
:10C3D000FE207047024608B50846FFF7EDFFBDE8AE
:10C3E000084001461046FFF7CBBFFE28034628BF92
:10C3F000FE23FD280BD803EB830303EB8300FE230E
:10C4000080007F3080B2B0FBF3F0C0B27047642090
:10C41000704790F83100FFF7E8BF10B50446CBF73E
:10C4200007FA2046342102F06FFE204610BD10B4FA
:10C430000629019C0ED16AB9227890F83010003A92
:10C4400018BF0122914205D05DF8044B80F83020DE
:10C4500000F0C1B85DF8044B704790F830007047A9
:10C460001FB590F8303004468B4210D0102380F86E
:10C47000301000938DF80F100022062190F825004F
:10C480000DF10F0305F05BFA204600F0A4F804B0AC
:10C4900010BD90F8301081F00101FFF7E1BF006896
:10C4A00070472DE9F04704461646002963D1BDE8E0
:10C4B000F08792B28A5CEB1C9BB2002A5ED19E424E
:10C4C00026D911F8038005F104094046CBF7D8F9C5
:10C4D0001FFA89F90346D8B109EB0002B24217DC12
:10C4E0004D5B01EB0900DDB9B8F1E20F0CD1042B73
:10C4F0000AD1FFF7D4FF2063013014BF01230023CA
:10C5000084F83D3000D0012795B2AA1C9642D0DCB9
:10C51000002FCCD0236C002BC9D0BDE8F0471847C2
:10C52000012D09D1B8F1180FEED1012BECD111F882
:10C53000093084F83C30E6E7022D0BD1B8F12B0F1F
:10C54000E2D1042BE0D1FFF7AAFF0123A06384F816
:10C550003F30D8E7072DD7D1B8F1E20FD4D1042B63
:10C56000D2D1FFF79CFF6063013014BF0123002389
:10C5700084F83E30C6E700252F46C6E71D46C4E7CF
:10C5800010B50446F0B10368E3B18268D2B15A88AD
:10C590000A2A17D1827BAAB9427D012A12D1C27C14
:10C5A000012A0FD1017D828991420BDC5879CBF7AA
:10C5B00057F938B1237DA289A168D21A92B21944E1
:10C5C000FFF76FFF002010BD704780F826107047FE
:10C5D00090F825007047C36A03B11847704741B10E
:10C5E00090F82720018522B9012280F82720FFF743
:10C5F000F2BF7047002290F82710028519B180F829
:10C600002720FFF7E8BF704710B504468369002173
:10C61000006898472046E368BDE810401847E2F7F5
:10C62000BDBDE2F76FBD70471C20704738B50446AA
:10C630000068A04200D138BD0568142102F064FDF5
:10C640002846F6E7002070470368DB691847704703
:10C6500007B503688DF8071001225B680DF107012B
:10C66000984703B05DF804FB012070477047D0F88D
:10C67000983023B1D0F894301844007C70474FF0C4
:10C68000FF30704790F8083110B514462BB1D0F840
:10C69000000102F019F9204610BD1C46FBE738B531
:10C6A00090F8083104460D465BB9D0F8F43098474D
:10C6B000D4F8F030284698470123C4F80C5184F888
:10C6C000083138BD90F8083110B504462BB1D0F8C8
:10C6D000F8309847002384F8083110BD70470EB435
:10C6E00010B5A3B025AB53F8042B0446802102A853
:10C6F0000193E2F7E9FC02A808F0B1FA23680246C8
:10C700005B68204602A9984723B0BDE8104003B0FB
:10C71000704730B590F80831044693B0002B3BD0F9
:10C7200000254FF0FF31D0F89C0010F0F9FDD4F84F
:10C73000043129461A6A1868019590474022D4F8B6
:10C74000000101AB02A902F0D0F8019AEAB1294632
:10C75000D4F89830802B14D001F14800D4F89030F0
:10C76000684410F8400C23441874D4F89030013316
:10C7700003F07F03C4F89030D4F898300133C4F844
:10C7800098300131C9B28A42E2D80023D4F89C0023
:10C790001A46194610F04AFC13B030BD10B50446D5
:10C7A000FFF7B7FFD4F8980010BD10B50446FFF7A7
:10C7B000B0FFD4F8983083B1D4F894302344187C77
:10C7C000D4F89430013303F07F03C4F89430D4F8E4
:10C7D0009830013BC4F8983010BD4FF0FF30FBE7B4
:10C7E000036810B51B690446984720B1D4F8FC30A3
:10C7F000BDE81040184710BD642210B54260032206
:10C80000027240F6E4420023C2604FF40372044611
:10C81000C0E90B3303808370028200F134010120F0
:10C8200010F0E4FE2063204610BD2DE9F74F90F88C
:10C8300014A00546BAF1010F0E4640F09380002186
:10C840004FF0FF320B4693460479002C42D14479D5
:10C85000002C3FD1541C0DBF012301335BB24AB2FF
:10C86000534501DD9A4693460131082900F1020043
:10C87000EAD14FF0000844460AEB0B030093C3458E
:10C8800002DC009B434553DC2B7995F8059003F0BF
:10C890000F0A1B094FEA191709F00F091DD1BAF148
:10C8A000000F26D19FBBB9F1090F94BF09F13001E8
:10C8B00009F15701304600F084F8B8F1070F04443D
:10C8C0004CD03A21304600F07CF808F101080444CD
:10C8D0000235D4E74FF0FF32C6E7092B94BF03F1CE
:10C8E000300103F157013046019300F06AF8019BD3
:10C8F0000444BAF1090F019313D830460AF130010C
:10C9000000F05FF8019B044453EA0A03CAD0092FE0
:10C9100094BF303757373046F9B200F052F804442C
:10C92000C1E730460AF1570100F04BF80444EEE746
:10C93000C3450CD1BBF1000F04D13A21304600F0C1
:10C9400040F804443A21304600F03BF8044408F132
:10C950000108B8F1080F05F1020590D1204603B097
:10C96000BDE8F08F002700F10F0800F1120918F858
:10C97000011F0A22304600F08AF82E210446304674
:10C9800000F01FF8C14504442744F0D10A22304684
:10C99000E97C00F07CF8C419E0E770B505460C4668
:10C9A000084649B108F05BF92B6802462146284643
:10C9B000BDE870405B68184770BD08B5FFF7EDFF34
:10C9C00008BD03681B68184738B50546FFF7E5FF43
:10C9D00004462846CBF7D2F8204438BDFFF7F4BF11
:10C9E0000023012A98BF0A22F0B58BB00C468DF8BF
:10C9F000243009A9B4FBF2F6274602FB1645EBB238
:10CA0000092D94BF30333733DBB2BA42344601F8D4
:10CA1000013DEFD9FFF7C1FF0BB0F0BD2DE9F041AB
:10CA200007460E4614462AB9BDE8F0410368C9B26C
:10CA30001B6818470A2A05D1002905DBBDE8F0412B
:10CA4000FFF7CEBFD2B2F9E72D21FFF7BAFF22469A
:10CA5000054671423846FFF7C3FF2844BDE8F08120
:10CA600038B50546FFF7DAFF04462846CBF786F8C7
:10CA7000204438BD10B42AB902685DF8044B12682E
:10CA8000C9B210475DF8044BD2B2FFF7A9BFFFF758
:10CA9000F1BFC0E9012340F6010330B5038300254F
:10CAA000FF23C0E9045505708581036280F8245096
:10CAB000C16130BD7047612806D8512806D8412889
:10CAC00094BF002001207047032070470220704768
:10CAD000323800F00F007047C36E722B09D0C36F5D
:10CAE000722B08D0D0F88C30722B14BFFF2002209C
:10CAF000704700207047012070472DE9F04105463E
:10CB0000FFF7EAFFFF280F469046044634D00FF0A7
:10CB10004CFE0121064608460CF07EFB30460FF025
:10CB20003FFE652205EB041383F87020DF6638466C
:10CB3000FFF7C1FF26B205EB061686F879003846E6
:10CB4000FFF7C6FF86F8784005EB041400230422A3
:10CB5000C1B286F87A00743496F87900CFF736FAC5
:10CB600029462046C5F80080CBF730FE2046CBF79B
:10CB7000BDFE0120BDE8F0810020FBE7C36E9942B5
:10CB800009D0C36F994208D0D0F88C00814214BFFD
:10CB9000FF2002207047002070470120704700F1FD
:10CBA0007C0200F1AC0300209A4200D1704752F899
:10CBB000101C103272291CBF0130C0B2F4E7F8B566
:10CBC0000446FFF7DBFFFF2805461BD004EB0017E8
:10CBD00074373846CBF7B6FE2046FFF7E0FF06462F
:10CBE00060B93846CBF7DAFE0FF0DFFD0746314675
:10CBF00001200CF011FB38460FF0D2FD722304EB3C
:10CC00000514E366F8BD70B5044600F17C0500F13B
:10CC1000AC06B54200D170BD55F8101C722902D087
:10CC20002046FFF7CCFF1035F3E72DE9F041151E44
:10CC300004460E4604DB836EAB4201DB712903D947
:10CC4000BDE8F08100F061F800F04AF8236E02338D
:10CC50009842F7D34FF0FF31E06810F061FB237A80
:10CC600023B12046FFF7CFFF002323723146204631
:10CC7000FFF784FFFF280DD14FF47A722046FFF7AB
:10CC80003CFF034630B9E0681A46BDE8F04119465A
:10CC900010F0CCB964235D43A76E31462046FFF700
:10CCA0006DFFB5FBF7F2D3B204EB001292F870609F
:10CCB0009E4201D10023E6E7BD4282F8703005D2E2
:10CCC000627A1AB12046FFF77AFFF3E704EB00100F
:10CCD0001946743000F05CF900F002F82066E9E7CC
:10CCE00007B500230022CDE900230CF09DFE6A4623
:10CCF0000CF0DCFE009803B05DF804FB4FF47A738F
:10CD00005843B0FBF3F00EF009B910F0A5B810B518
:10CD10000C46CAF7D3FF431C04D02146BDE810409F
:10CD2000CBF718B810BD70B506460C46CAF75EFFC3
:10CD3000D8B1712E19D83046FFF7BDFE05463046F2
:10CD4000FFF7C6FE012C014605D0022C0AD064B9BB
:10CD50002346012201E0002304222846BDE870405A
:10CD6000CFF734B901232246F7E770BD10B50C4662
:10CD7000CAF7A4FF431C04D02146BDE81040FFF7CA
:10CD8000D2BF10BD08B5CAF799FF431C03D0BDE858
:10CD90000840CAF7E7BF002008BD704770470F2062
:10CDA000704707B50421012300220DEB0100ADF807
:10CDB0000430CBF727FC002003B05DF804FB7FB5FF
:10CDC0004FF000639E6A044606F17843B3F5C04F06
:10CDD0000D460ED2002301A80393CBF70DF8039B59
:10CDE0005B0506D529462046336C04B0BDE870408B
:10CDF000184704B070BD1FB54FF000639B6A03F184
:10CE00007842B2F5C04F04D340F2011005B05DF88E
:10CE100004FB1B6B03F17843B3F5C04FF4D201233D
:10CE20008DF80430002301A8CDE90233CAF7E4FFEE
:10CE3000039BDB03E8D5029B1A0EE5D0012A03D140
:10CE4000C3F307430A2BDFD94FF000639B6A1B6BC8
:10CE50001B6C9847DAE738B503680446B3B10FF0A6
:10CE6000B1FC226805461379013BDBB213713BB973
:10CE70001368906898472068037B0BB9D2F7FAFBD8
:10CE800028460FF09AFC0020206038BD2120FCE7E6
:10CE90007FB5044615460026019114B9304604B00A
:10CEA00070BD019B039363681D420DD00023A068F1
:10CEB0001A4601A90DF0D4FC033003D103A8FFF7F3
:10CEC000CAFF1C262468E8E703A8FFF7C4FFF9E7B8
:10CED0002DE9F3410F469846054620B319B313B325
:10CEE0000FF070FC2B7D0646DBB10121102001AA5A
:10CEF00002F0CEF8044630B130460FF05EFC20461A
:10CF000002B0BDE8F0810199AB680873C1F80880F0
:10CF10000B602B7B3A460B712869FFF7B9FF04467B
:10CF2000EAE72D24E8E72124E9E710B500220C46C2
:10CF300004210DF04FFC2060B0FA80F0400910BDD4
:10CF400000230360704703680B600160704703684B
:10CF500003B970478B4204D10B68036000230B6058
:10CF600070471846F3E710B514460DF0DBFE20605D
:10CF7000002010BDFEE700239A4200D1704710B593
:10CF800050F8234041F8234001339A42F8D110BDB4
:10CF900010B5036802796420DC696143B1FBF0F1EC
:10CFA000186B03EB4213196710BD10B588B0044627
:10CFB0000E98009207900D98224606909DF830003A
:10CFC00005900B9804909DF8280003900020CDE96F
:10CFD00001300B460121CBF731FD08B010BDCBF776
:10CFE000F5BA4369406CDA1C1438B2FBF0F203EB7B
:10CFF000C203CA1DB2FBF0F20333B3FBF0F30132FC
:10D00000023301EBC20100FB0310704738B505463F
:10D0100044692146FFF7E5FF6A6CE31D143AB3FB50
:10D02000F2F3013304EBC304204438BD73B5064664
:10D030000D460024F36B01225B6901A9281998476A
:10D04000019B013309D1736C043462196A405B425D
:10D050001A42EFD0204602B070BD0024FAE770B546
:10D0600005460C46CDF744FBEB6B2046BDE870400F
:10D07000DB68184770B50025044686B00562E36991
:10D08000AB4202D8206A06B070BD666C2068E36BC4
:10D0900005225B6901A906FB0500984701A800F07D
:10D0A0004BFC00F06EFC10B1236A013323620135A2
:10D0B000E5E738B50446456C006804F1400305FB1C
:10D0C0000101E06B00F06AFC05462046FFF7D2FF45
:10D0D000284638BDF0B50546002687B0EC69013C0E
:10D0E000B44203D80C46204607B0F0BD01B14C1E37
:10D0F0006F6C2868EB6B05225B6901A907FB0400D4
:10D10000984701A800F018FC00F03BFC0028EAD189
:10D1100021460136E2E7F0B504460D46466CE36B66
:10D12000006887B005225B6901A906FB05009847E6
:10D1300001A800F001FC00F024FC20B101A800F0DF
:10D14000D2FB07B0F0BD29462046FFF7C3FF0646D5
:10D15000676C2068E36B05225B6901A907FB060089
:10D16000984701A800F0BFFB431CEAD0B54238BF86
:10D170000130E6E72DE9F0434FF6FF79D0F824803F
:10D1800004460E46C84514BF45460025002787B013
:10D19000E369BB4202D807B0BDE8F083E26B2368C5
:10D1A000606CD2F814C000FB0530052201A9E047ED
:10D1B00001A800F0C1FB022806D0C8450CD1721CA2
:10D1C00029462046FFF775FFE3690135B5FBF3F209
:10D1D000013703FB1255DBE729462046FFF79BFF8B
:10D1E000B0F1FF3F14BF024632460132E8E7036860
:10D1F000F0B5CC1A436C0646B4FBF3F4002587B0B7
:10D20000F36937685A1E9542706C08D3706C3368A6
:10D2100000FB043007B0BDE8F04000F0BDBB0134B6
:10D22000B4FBF3F203FB1244F36B05225B6901A923
:10D2300000FB0470984701A800F07EFB00F0A1FB02
:10D240000028E3D10135DBE710B423F003042244C6
:10D250009B070A44436C18BF04325B4282EA010414
:10D26000234203D05DF8044BFFF7C1BF10465DF8C1
:10D27000044B70472DE9F041D0E90A369E4204463E
:10D2800086B028D11422C369456802FB135528468D
:10D2900006B0BDE8F0812068676C331AB3FBF7F382
:10D2A000E26B07FB0300D2F8148001A90522C047F6
:10D2B00001A800F041FB012804D0636C1D44013B30
:10D2C0003340ED1A31462046FFF791FF0646A36A28
:10D2D000B342E0D1DBE70025F9E708B50830134693
:10D2E000D1E90012CDF78AF9012008BD13B50C462B
:10D2F000002121760093616813462246CBF7A8FDF2
:10D3000018B1E37D03B1A07EA075A07D02B010BD71
:10D3100073B5164600F108050C46284609680DF15C
:10D32000070200F0BCF9032E06D16368834203D1E3
:10D330002846216800F09AF9012002B070BDD01E85
:10D34000009B42424241187E824211D11A688A42B1
:10D350000ED85A688A420BD35A6901325A61D3E90E
:10D36000030282423FBF986840F8221001321A61DE
:10D370000120704710B5032A029C07D1A26A5340CE
:10D38000626C5242134201D100F070F9012010BDCD
:10D3900008B5C36800209847BDE80840CDF7B0B98C
:10D3A000012814BF0420022070B5002442431C70E1
:10D3B000CC7D101D02F002024CB91AB1012220F0FE
:10D3C00003001A7000F108034868184470BD1AB1D0
:10D3D000012220F003001A7000230C7E01F12005C9
:10D3E000DAB2944201D80020F0E735F833205E1C11
:10D3F000824206D901EBC30300F10802D869104448
:10D40000E4E73346801AEBE773B5054690F84260CF
:10D410001C4630460DF10303FFF7C2FFEB6B012EF4
:10D420005B690DD1324601A998479DF8033013B1CD
:10D43000BDF806300193BDF80430236002B070BD22
:10D440000122214602B0BDE870401847F0B50546FC
:10D4500000244868EB6B87B00E4601225B6902949A
:10D4600002A908309847274695F84230012B40F032
:10D470008480632C02D9029807B0F0BD612C08D8D3
:10D4800005AB224631462846FFF7BEFF9DF8143013
:10D490001BB305AB2246314628468DF81070FFF7C6
:10D4A000B3FF95F84230012B059B55D14FF6FF7223
:10D4B000934200F09680082205A904A800F088FA9B
:10D4C000059B9DF81010C3F30722914240F089801C
:10D4D000DBB2029A1A44029283E095F84230012BA3
:10D4E00030D122463146284603ABFFF78DFF314647
:10D4F000284604AB621CFFF787FF3146284605AB80
:10D50000A21CFFF781FF102208230DEB02010DF191
:10D5100007008DF8073000F05BFA102205A90DF125
:10D52000070000F055FA039BDAB2002A52D19DF8A9
:10D530000720B2EB132F4DD1DDE9043203EB024398
:10D54000029347E0302C2BD944E09DF80720B2EB42
:10D55000134F3FD1049BF3E7013342D0102205A9BA
:10D560000DEB020000F034FA059B9DF81010C3F398
:10D570000742914235D19BB2ABE7312C3FF67BAFEE
:10D5800087D005AB224631462846FFF73DFFBDF860
:10D590001430002B7FF47DAF95F84230012BA0D0E2
:10D5A00022463146284603ABFFF72EFF3146284678
:10D5B00004AB621CFFF728FF102320220DEB0301B0
:10D5C0000DF107008DF8073000F002FA039B9AB2C4
:10D5D000002ABAD095F84230012B14BF0123022350
:10D5E0001C44013440E713B500240194049C0094CA
:10D5F000CBF7BCFF02B010BD13B501240194049C0D
:10D600000094CBF7B3FF02B010BD38B5044698B113
:10D6100090F8343093B10221FFF721FD002120461C
:10D62000FFF7A8FD00212046CCF7DAFB0546E06BAA
:10D63000FFF7AEFE284638BD2125FBE71125F9E7A7
:10D6400000234FF0FF3230B544689C4202D10023E2
:10D65000037230BD016801EBC30541F833206A60F5
:10D660000133F2E7C0E90012FFF7EABF0023F0B58B
:10D6700045689D4210D00468DF0054F8332004EB65
:10D68000C306B2F1FF3F08D0C2F31302914204D1A6
:10D690004FF0FF33E3517360F0BD0133E9E700233E
:10D6A000F0B545689D4202D14FF0FF300EE00468AE
:10D6B000DE0054F83340671C09D0C4F31307B942A5
:10D6C00005D1240D1470036833445868F0BD01334C
:10D6D000E8E7704770B59400224605460E4610F004
:10D6E0003BF9431C0AD058B922463146284607F078
:10D6F00074FA002814BF3D20002070BD6E20FCE7A6
:10D700007120FAE713B5044601A8CEF7D9FD9DF8BC
:10D71000063023804FF480736380CEF7E3FD6060B2
:10D72000002002B010BDCEF783BD08B5CEF770FD66
:10D73000002008BD10B5044644EA010313F00303BA
:10D74000084609D1934201D1002010BD54F823109E
:10D7500040F823100133F5E72146920007F072FAF2
:10D76000F2E710B5044610F0FBF8431C10D088B95E
:10D77000CEF7B8FD234620F003002044984201D1A3
:10D78000002010BD53F8042B0132F7D03E20F8E7FB
:10D790006E20F6E77120F4E70A4601390144D2F71A
:10D7A0004FB913B50023044601461B220DF10700B3
:10D7B0008DF8073000F00CF922689DF80730B3EBC4
:10D7C000D26F0CBF0120002002B010BD13B50023A2
:10D7D0000446014620220DF107008DF8073000F0C5
:10D7E000F7F80DF107001A22211D00F0F1F8626828
:10D7F0009DF80730B3EB926F0CBF0120002002B000
:10D8000010BD0068431C584258417047006810F032
:10D810007E0F0CBFC0F3C160002070470068C0F3EA
:10D82000D3107047006800F07F0001288CBF0020F3
:10D8300001207047036813F07E0F14BF04200820F6
:10D840007047036813F07E0F03D1406820F07C40DE
:10D85000704713F078001CBF03F07F03D81F704798
:10D86000006800F07F007047032809D0022803D128
:10D87000C1F10201C8B2704700290CBF0720002087
:10D88000704737B5054601F10C044369694601222A
:10D8900020469847BDF80030012201932046AB692D
:10D8A00001A9984703B030BD37B501F10C044369B5
:10D8B000012269460546204698474FF6FF72009BB5
:10D8C00099B291420DD11B0C1B0443F4254343F044
:10D8D000A503019301222046AB6901A9984703B033
:10D8E00030BD0020FBE737B5044600251B22011D93
:10D8F0000DF107008DF8075000F06AF860689DF898
:10D900000720B2EBD06F03D120F0784003B030BDD8
:10D910000DF107001B2204F108018DF8075000F0FB
:10D9200057F8A0689DF80730B3EBD06F01D1C04322
:10D93000EAE74FF0FF30E9E74BF29A22036810B5AF
:10D94000B2EB134F044613D19BB2012B13D1FFF757
:10D95000CAFF01300CD04FF6FF72E068B2EB104FF7
:10D960004FEA104309D180B2C01A18BF012010BD80
:10D970002368013303D00420F9E70220F7E70320EE
:10D98000F5E701288CBF00200120704703380128EB
:10D990008CBF002001207047143070472DE9F04102
:10D9A00005469846036908460E46174698470446BA
:10D9B00038B943463A4631462846CCF711FF04466B
:10D9C00018B131462846FFF75CFF2046BDE8F081DC
:10D9D0001F2A0B689EBF4FF0FF3191408B435908BF
:10D9E00001F055315B1A03F033319B0803F03333F8
:10D9F0000B44017803EB13130A444FF0013103F099
:10DA00000F334B43A2EB13620270704770B50546AB
:10DA100014460E460EF0C9FE2B685C4034405C4054
:10DA20002C60BDE870400EF0BBBE08B50BF0B4F939
:10DA3000BDE808400021CDF727BA0029CCBF01215D
:10DA40000021CDF721BA02214FF42070CDF7A4BDFB
:10DA500070477047704770477047436D0B42FCD169
:10DA6000704708B54368DA0714D58368DB0702D529
:10DA70000369D90707D50A2350218363FFF7EDFF18
:10DA8000836C9A07FCD1012200F500535A60436869
:10DA90009B07FCD408BD38B50C460121024600F5B1
:10DAA0008053596004F00F0540F6FF71FFF7D5FF72
:10DAB00078218563FFF7D1FF04F00103610748BFB8
:10DAC00043F00203916C01F003019942FAD138BD91
:10DAD00009B9FFF7C6BFFFF7DEBF836C5B06FCD555
:10DAE0004164704700231A46CEF74EB9FFF7FABFDC
:10DAF00070B5054614460E460EF057FE2B685C4086
:10DB000034405C402C60BDE870400EF049BE0346D6
:10DB1000142B084604D00AD8012B08D0122B06D1AA
:10DB2000022803D0032808BF012070470020704757
:10DB30003AB122F0030202F1A04202F5603209B9C3
:10DB4000106070470002FBE74FF050234FF40032A3
:10DB50001A677047036BDA0702D503695B06F9D4CD
:10DB6000704710B5FFF7F6FF0122044600F5005399
:10DB70001A63236B9B07FCD40B794A881B0243EA88
:10DB800082438A7A13434A7843EA8213CA7A43EA81
:10DB9000C2130A7B43EA42134A7B43EA02138A7B9D
:10DBA00043EAC203CA7B43EAC2238A7943EA0243B7
:10DBB000CA7943EA42430122636004F580531A6341
:10DBC0000A780AB90223E360002363624B79087A7A
:10DBD0001B01497A43EA80030B43A3600AB1012386
:10DBE000E36010BD70B51446FFF7B4FF012206468E
:10DBF00000F500531A63336B9B07FCD4E379627A18
:10DC00001B0543EA0213A27906EB41151343E27A9E
:10DC100043EAC2432B66237A13B3237B2A6E304632
:10DC200042EA43422A66013B18BF0123A278CEF79D
:10DC300063FB012306F580563363637822781B0665
:10DC400043EA8263E27843EA0233227943EA822399
:10DC5000627943EA0223A27A43EA82036B6670BDCB
:10DC60002B6E2B66E5E7012200F580535A60CB430B
:10DC7000934003F00A034361416111B900F500507C
:10DC80004260704783695B06FCD5C163704770B51D
:10DC9000054614460E460EF088FD2B685C40344065
:10DCA0005C402C60BDE870400EF07ABD00207047EB
:10DCB0000020704700207047704700207047012007
:10DCC0007047012070470F207047E2F71DBE4FF0EC
:10DCD000FF3007F08CB9B0F5802F22D010D8B0F506
:10DCE000003F20D007D818B3B0F5803F08BF4820C8
:10DCF00018BF01207047B0F5403F08BF2C20F7E760
:10DD0000B0F5302F11D007D8B0F5E02F0FD0B0F517
:10DD1000202F08BF1020EBE7B0F57F0F08BF0620CB
:10DD2000E6E74B2070472A207047112070472120DA
:10DD3000704708B528B12422002106F078FF0020A2
:10DD400008BD2120FCE708B1FFF7F3BF2120704791
:10DD500008B9212070470029FBD0036813F07042F6
:10DD600009D1C3F30E030B601BB94368002BF0D03D
:10DD70000B6000207047B2F1004F07D18268D204D7
:10DD80000ED5C369002BE4D01B68ECE7B2F1204F3D
:10DD9000F4D0B2F1304FF1D0B2F1404FEED0D8E72D
:10DDA00003F07F03DFE737B50C46054610B92120A5
:10DDB00003B030BD0029FAD0002301A90193FFF779
:10DDC000C7FF0028F4D1296811F0704102D1019BEE
:10DDD0002360EDE7AA68B1F1004FC2F38033C2F3CC
:10DDE0004035C2F3003207D1062103EB450301FBA6
:10DDF0000233019A5343EBE7B1F1204F04D12B4496
:10DE000002EB82021344F4E7B1F1304F02D0B1F1DA
:10DE1000404FCCD12B44ECE72DE9F3470D4690461B
:10DE20009A460446F0B1E9B106680F6806F07049F9
:10DE3000BE422AD0B9F1004F11D186EA0703B3F1EF
:10DE4000805F13D3BAF1000F36D1B8F1000F1FD0A5
:10DE5000A368AA68534013F4E04F19D002E0B9F167
:10DE6000404FEAD0212002B0BDE8F08700232046D1
:10DE700001A90193FFF76CFF0028F3D1019AC2F3C7
:10DE80000E0216431743BE42ECD1B9F1000FD9DBA5
:10DE90000023694620460093FFF75AFF0028E2D18D
:10DEA000019001A92846FFF753FF0028DBD1DDE9E7
:10DEB00000239A42D7D0D5E7AA68B8F1000F03D063
:10DEC000A3685340D904CDD49304E1D4CAE72DE923
:10DED000F7430C46054648B141B100230B60036887
:10DEE00003F070430B60C268032A03D9212003B0FA
:10DEF000BDE8F083012A50D812B143F000632360DB
:10DF0000D5E90223900102F0407149D5B1F1407F7B
:10DF100049D0002BEAD04FF00072236823F0407301
:10DF200013432360EA68022A07D12A69032ADDD84D
:10DF300023F47F0343EA02432360EB68032B03D1FE
:10DF40002B69F62BD2D9A370AB68190442BF2368A2
:10DF500043F400432360EB68032B09D023682A684D
:10DF600023F4FF4323F07F03C2F30E021343236025
:10DF70002A68AB68002A03F4805603F4806826DA26
:10DF80005A0403F400511AD400296BD1002EADD0ED
:10DF9000236843F480532360A8E743F08063AEE72F
:10DFA000B1F1407F04D1002BA0D04FF04072B4E714
:10DFB00002F08072002BB0D1002AAED096E7226822
:10DFC00042F48040206000294CD1002E53D12A68B1
:10DFD00002F0704202F10042B2F1804F06D2B8F175
:10DFE000000F03D0226842F480622260D5F80090CE
:10DFF00019F0704742D50023284601A90193FFF785
:10E00000A7FE00287FF473AF09F05049B9F1004F23
:10E0100006D0B7F1304F03D0B7F1404F7FF466AF71
:10E02000019B2268013B03F07F0322F07F02134330
:10E030002360AEB1EA69002A3FF458AFB7F1004F50
:10E040003BD1117F00293AD0B8F1000F08D043F43A
:10E0500000732360537F1BB1236843F480732360F4
:10E06000002044E722681EB942F400522260AEE765
:10E0700042F44052FAE742F4A042F7E713F4C843EF
:10E080007FF434AF284601A90193FFF761FE002811
:10E090007FF42DAF002F7FF429AF2368019A23F47A
:10E0A000FF4323F07F03C2F30E0213432360002ECD
:10E0B000D6D0EB69002B3FF419AF0F2017E7537F41
:10E0C000002BCDD0B8F1000FC6D1C9E773B50C460F
:10E0D000054608B921201AE00029FBD00123C668B3
:10E0E0004B609E4217D8002301A90193FFF75BFE06
:10E0F00068B9019B06B11C336A699A4209D32A693F
:10E10000002AE7D0226043F000530020A36002B051
:10E1100070BD1D20FBE7023E012EDBD80023F4E793
:10E1200070B50E46154604468AB000283ED0002938
:10E130003CD0002A3AD00023012229463046FFF77E
:10E140006BFE88BBF3688BBBEB68013B012B2DD8C2
:10E150004FF08073A060C4E90030E06107A9284651
:10E16000FFF7B5FE00BB204607990EF044FB304692
:10E1700001A9FFF7ABFFB8B9204601A900F060F88C
:10E18000284604A9CEF730FF70B9204600F058F8B1
:10E19000284607A9FFF79AFF30B9204607A900F0E3
:10E1A00059F820460AF030FF0AB070BD2120FBE785
:10E1B00070B50D46164604468AB000283ED00029A8
:10E1C0003CD0002A3AD00023012231462846FFF7EE
:10E1D00023FE88BBF3688BBBEB68013B012B2DD87A
:10E1E0004FF08173A060C4E90030E06107A92846C0
:10E1F000FFF76DFE00BB204607990EF0FCFA28469B
:10E2000001A9CEF7F1FEB8B9204600F019F828466A
:10E2100004A9FFF75BFF78B9204604A900F010F8C5
:10E22000304607A9FFF752FF30B9204607A900F092
:10E2300011F820460AF0E8FE0AB070BD2120FBE785
:10E24000436813B9416070475B685A68012AFBD183
:10E2500059607047836813B9816070475B685A687A
:10E26000012AFBD15960704708B548B14FF0FF3122
:10E270000EF002FB002814BF6FF01D00002008BD47
:10E280006FF01B00FBE708B538B10EF011FB00285A
:10E2900014BF6FF01D00002008BD6FF01B00FBE7EE
:10E2A00010B1006E0CF0B2B9704710B5044630B131
:10E2B00050238065C36518440CF0E8F8206610BD53
:10E2C000531E5A425A4141EA0221416011F0FF01B6
:10E2D00008BF4161704701207047A0F50030B0F5DC
:10E2E000003F2CBF002001207047F0B506460C46C9
:10E2F00015468DB00AB300271022002108A806F0A9
:10E3000096FCCDE90577CFF70DF807AB029305AB87
:10E31000019306AB214600933A46304608ABCEF750
:10E32000F1FE044620B1CFF72BF820460DB0F0BD2A
:10E33000099B6B60059B2B60F5E76FF08604F4E7A3
:10E340002DE9F0410F46002186B0B8420646039100
:10E3500032D004AAFFF7C9FF044648BBDDF810809D
:10E360000120414600F0B8FE054638B303ABCDE9C5
:10E3700000032246214643463046CFF77FF8044645
:10E3800070B9059B2146009338462B46039ACFF778
:10E3900005F8044620B921463046CFF7CBF80446AD
:10E3A00000212846039A06F042FC284600F076FE3B
:10E3B000204606B0BDE8F0810C46F9E76FF08C040A
:10E3C000F6E708B5CEF776FA002814BF6FF0920092
:10E3D000002008BDFFF7F5BFF0B51C4600238BB049
:10E3E00023600F461646CEF765FA70B901A8FFF70D
:10E3F000A0FC054648B93246394601A8CEF78AFD49
:10E4000010B926600BB0F0BD25606FF09200F9E7FF
:10E41000F0B58FB0DDE91947DDE91B56A54222D9D9
:10E420004FF0000C2D1BCDE906740A9505943D199B
:10E43000189CCDF834C00494179C0DF1340C03944F
:10E44000169CCDE908650294159CCDF82CC001946A
:10E45000149C0094CFF7FCF818B933680D9A134454
:10E4600033600FB0F0BD6FF08900FAE72DE9F04797
:10E4700090B08946DDE91C8792461C460646002876
:10E4800051D0038803F4E042B2F5005F39D1C3F301
:10E490000222042A35D184F0AA6383F4807333F412
:10E4A0007E1337D084F0AA6383F4007333F47E13B1
:10E4B00030D0B8F1000F36D000250CAB7F1B2A46B8
:10E4C000184608EB070106F0BDFB1B9B209A03933F
:10E4D0001A9B0A9202931F9A199B099201931E9A02
:10E4E000189BCDE90752CDE90570009352462346AB
:10E4F00049463046CDF81080CFF76AF910B0BDE834
:10E50000F08742F204029342D3D184F0052383F4CE
:10E510008013CBE7C4F30545BD4204D8B8F1000F22
:10E5200001D0102DC9D96FF08600E7E720F008036D
:10E53000102B05D0202814BF6FF0860000207047F4
:10E540000020704710B50024436814601B0A04D0F3
:10E55000012B10D06FF0850010BD038823F0FF0061
:10E56000B0F5824F04D1413BDBB2012B88BF0131B2
:10E5700000201160F0E72C31FAE7F8B51346428825
:10E580000C460732072A4FEAD20101D0A14245D1F9
:10E59000D0E90167058820221846002106F047FBD4
:10E5A000360A034626B1012E10D06FF08B00F8BD5D
:10E5B000A4B341F20102954205D0B5F5885F02D0BF
:10E5C000B5F5905F19D15C600020F0E7C6602CB310
:10E5D00041F2010295420AD15C60B90707F00102DD
:10E5E0000ED4002AF0D14FF080729A60ECE7B5F5B6
:10E5F000885FF1D0B5F5905FEED0B5F5105F02D031
:10E600006FF08500D3E7182C03D0202C01D0102CFC
:10E6100004D1C3E90044002ED6D0DEE76FF08600B7
:10E62000C5E7406810B5000A029C04D0012807D055
:10E630006FF08B0010BD934209D96FF08C00F9E7A1
:10E6400003F12C009042F8D8103103F11C02002095
:10E65000C4E90412EEE72B2A03460AD9012200205E
:10E660000A8048801A684A605A689B688A60CB6052
:10E6700070476FF0890070472DE9F04F9DB01F463D
:10E68000DDE926BA894615460646289B002866D04D
:10E69000002F64D0BBF1000F61D000295FD0002AA9
:10E6A0005DD0BAF1000F5AD0002B58D00021D20013
:10E6B0000DF10C08CAF8001040461A60202206F03E
:10E6C000B6FA424629463046FFF757FF044628BBB4
:10E6D000C6460DF12C0CBEE80F00ACE80F009EE81A
:10E6E0000F008CE80F00EB1C214623F003032422CB
:10E6F00013A8CDE90E49109306F099FA2B465A4615
:10E7000039463046CDF80080FFF78BFF044628B924
:10E7100013A8FFF70EFB28B16FF0920420461DB03E
:10E72000BDE8F08F03AA0BA913A8FFF7F9FC98B96D
:10E730005A46394603A8FFF78EFF04460028EDD15C
:10E74000524629463046FFF7FDFE044613A8FFF760
:10E75000FAFA0028E2D0DFE76FF09204F6E76FF0F4
:10E760008604DBE710B586B005AC0294099C0194E1
:10E77000089C0094FFF780FF06B010BD2DE9F04F14
:10E780009BB00C46DDE9249A15469846834600283E
:10E790006AD0002968D0002A66D0002B64D0B9F175
:10E7A000000F61D0BAF1000F5ED0876817F0010743
:10E7B0005DD02022002101A806F039FA21462A4620
:10E7C000584601ABCFF76EFA044640BB09AD01AE27
:10E7D0000FCE0FC596E80F0085E80F00694609A81F
:10E7E000BBF800500094FFF7DEFA25F0FF03B3F505
:10E7F000824F014617D1413DEDB2012D13D90423BB
:10E8000009F1FF3908F8013B0023CDE90C3809F183
:10E81000030323F003030E9339B16FF092042046F3
:10E820001BB0BDE8F08F0027EEE7009B4B4521D8D9
:10E83000242211A806F0FBF911A8FFF77AFA0028A4
:10E84000EBD109AA01A911A8FFF7B2FC48B9009BB6
:10E850003B44CAF8003011A8FFF775FA0028DED053
:10E86000DBE76FF09204F6E76FF08604D7E76FF00E
:10E870008404D4E76FF08904D1E76FF08500704716
:10E88000FFF7C6BDFFF7F2BDCFF73CB8CFF740B9F1
:10E89000FFF7BEBDFFF7EABDCFF734B8CFF738B901
:10E8A00000F006B80121CFF7D9BA0021CFF7D6BAC8
:10E8B00000207047CFF7F2BACFF7A8BCCFF7E4BC7F
:10E8C000C9F756BCCFF712BD70B50C46154610B946
:10E8D000CFF776FD38B143682BB12A462146BDE813
:10E8E000704000681847232070BDF7B50D461646E6
:10E8F0001C4648B103B901AC87685FB12346324674
:10E9000029460068B84706E0CFF75AFD04B901ACC4
:10E910000028F1D1232003B0F0BD07B501228DF806
:10E9200007100DF10701FFF7CFFF03B05DF804FBFF
:10E930000B4601461846FFF7F0BF0EB403B503AA15
:10E9400052F8041B0192CFF76BFD02B05DF804EBA7
:10E9500003B07047D0F8243101221B6819B103F5C8
:10E9600080531A65704703F500531A65DA647047DF
:10E9700008B5D0F824311868FFF7AFF8002008BDBB
:10E980000068D0F824311B68DA6CD20708D5012161
:10E9900003F50052D1649B6C9B0601D500F083BA4D
:10E9A000704700207047FEE74FF4005300204B6093
:10E9B00070470020704707B5002001AB0190FFF7BA
:10E9C00094FF0198002808BF4FF0FF3003B05DF8B6
:10E9D00004FB10B514460020FFF776FF204610BD5B
:10E9E00080F84410704790F8440070472DE9F041DA
:10E9F00004460D460DF0E6FE94F851300646A5B1EA
:10EA000073B994F852700DF0D0FE054601213846D6
:10EA10000AF002FC28460DF0C3FE012384F85130B1
:10EA20003046BDE8F0410DF0C8BE002BF8D094F898
:10EA300052800DF0BAFE0746294640460AF0ECFB2C
:10EA400038460DF0ADFE84F85150E9E790F85100DA
:10EA5000704790F85400704713B504460DF1070154
:10EA6000007A0AF019FA9DF8073043B1636BD4E9D4
:10EA70000B020244934218BF184602B010BD302268
:10EA8000237A534303F1A04303F58023DB6EEEE7C3
:10EA900038B50446007ACAF761F92046CFF768FE18
:10EAA0000546207ACAF77AF9284638BD70B505467A
:10EAB00004680BF027FB02280AD14FF0FF31D4F88D
:10EAC000D0000BF02DFD4FF0FF31A06D0BF028FDB5
:10EAD000CFF776FC854202D10020CFF795FC94F960
:10EAE0004E00CFF75FFC94F94E00CFF72DFC94F960
:10EAF0004F00CFF757FC94F94F00CFF725FC94F85F
:10EB000054301BB1D4F8AC000BF0A4FCA06D0BF09A
:10EB10007DFDD4F8D0000BF079FD207A0AF09CF945
:10EB2000207ACAF79BF8CAF777F800232046C5E990
:10EB30000033C5E90433AB60236CBDE8704018476F
:10EB400092F8543010B514464BB10BF0DBFA023892
:10EB5000012804D80121D4F8AC000BF0C7FB002039
:10EB600010BD2DE9F04F8DB00446924698460891AD
:10EB70000BF0C8FA0228054616D14FF0FF31A06D00
:10EB80000BF0CEFC002840F003812046FFF780FF09
:10EB900050B194F854303BB14FF0FF332A46012175
:10EBA000D4F8AC000BF01EFC0023C8F80030D8F8F5
:10EBB0000050BAEB050600F09E80089B5D1900F03E
:10EBC0009A802046FFF764FF002840F0948020469A
:10EBD000FFF742FF616B88429CBFD4E90B03C0186A
:10EBE000401A94F84530864228BF0646002B40F074
:10EBF00095803246284606F025F8B14623E0616B41
:10EC00000B7803F0FD00112840F08580A06C814254
:10EC100005D1A3F111014B424B4184F84C3009F16D
:10EC2000FF39636BA16C01328B4203F1010308BF12
:10EC3000A36463639642E2D1D4E90B23A16C13442D
:10EC4000994200D1A264207ACAF788F80DF12F0109
:10EC5000207A0AF021F92046FFF7FEFE636B834617
:10EC6000984266D9E26AB5B293425AD1099304F147
:10EC70001C076368102238460021079305F0D7FF70
:10EC80003022079B013D2362099BC5F30A0563629D
:10EC9000237A2D01534327F0030703F1A04345F0E6
:10ECA000407547F0020703F58023E5611F67636B3A
:10ECB000D4E90B1233440A44934208BF0B469B45E8
:10ECC00063630AD194F8543023B10121D4F8AC0025
:10ECD0000BF040FB2046CFF795FD207ACAF75EF88F
:10ECE000B9F1000F07D0D8F800304B445345C8F8AD
:10ECF0000030FFF45CAF0BF005FA022802D1A06DE2
:10ED00000BF03EFCD8F80030002B14BF00201B2075
:10ED10000DB0BDE8F08F05F8013B82E7B146002257
:10ED200088E7A38BC3F30A12154465F30E13A3837C
:10ED3000BDE79DF82F30207A93B93023584300F176
:10ED4000A04000F58020426E436EC2F30A1223F405
:10ED5000FF43324423F0700343EA02134366A6E7FD
:10ED60000023CDE90333CDE90163012300935A4623
:10ED700063682168FEF719F93022237A534303F1BF
:10ED8000A04303F580235A6E22F480125A668EE760
:10ED90002846BDE72DE9F04704460D4616460BF020
:10EDA000B1F90228074621D094F844800DF00AFDFD
:10EDB00094F85030074673B1002384F8503094F82B
:10EDC00053A00DF0F2FC8146012150460AF024FACE
:10EDD00048460DF0E5FC38460DF0EFFC2E44B542F8
:10EDE0000ED101212046E36B984749E04FF0FF31F7
:10EDF000D4F8D0000BF094FB0028D5D0384644E07E
:10EE000094F845303BB30DF0DDFC07462046FFF794
:10EE10003FFEE8B92046FFF71FFEE16A013888424D
:10EE200038BF206BD4F848C03CBF00F1FF30401819
:10EE3000034663450BD013F80129112A01D0132A88
:10EE400025D1A2F111035A425A4184F84C20A06402
:10EE500038460DF0B2FC94F84C30002BBFD0B8F11E
:10EE6000000F06D02B780A2B03D10D212046A36B6F
:10EE700098472046A36B15F8011B98470028AED091
:10EE80000BF040F9022809D00020BDE8F087994234
:10EE900082BF236B03F1FF335B18CAE7D4F8D000BD
:10EEA0000BF06EFBF0E7F8B504460DF08BFC94F820
:10EEB0005030054603F0FF0693B931462046E36B18
:10EEC0009847012384F8503094F853700DF06DFC8E
:10EED0000446314638460AF09FF920460DF060FCA2
:10EEE0002846BDE8F8400DF068BC10B50446D0F8DF
:10EEF000242193695906FCD5002394F82D111A4654
:10EF000094F82C01CDF762F8002394F82F111A46DB
:10EF100094F82E01CDF75AF894F83431DA0707D572
:10EF2000002394F831111A4694F83001CDF74EF8C9
:10EF300094F834319B0707D5002394F833111A460F
:10EF400094F83201CDF742F8D4F824010021C36CC3
:10EF500023F00103C364FEF786FED4F828010021E4
:10EF6000CBF7BEFF002010BD08B5D0F82401FEF796
:10EF700089FE002008BDD0F82431DA6C19B142F0C6
:10EF80000102DA64704722F00102DA64012203F51B
:10EF900000539A6470470068D0F824319A6CD20705
:10EFA00008D5012103F5005291649B699B0601D5A8
:10EFB000FFF779BF704708B50DF0FFFCFA23B0FBEF
:10EFC000F3F080B208BD032000F01EB801207047A6
:10EFD00008B5D1F72BF858B1A0F15903042B06D886
:10EFE000042B04D8DFE803F00404040304005C20CD
:10EFF00008BD10B404460846114622465DF8044B8D
:10F00000D1F7F4B8D1F746B9D1F79EB9D1F7CAB95B
:10F0100070B504464518073549420D40A5F108066C
:10F02000304600F079F8A188331BC3F3CF03628820
:10F03000194489B2D21A25F8041C25F8062CA28896
:10F0400082B1A4EBC202D180518819445180E28878
:10F050007AB1D31A9BB204EBC20425F8023CA38018
:10F06000304670BD15F8082C42F0020205F8082C55
:10F07000EDE725F8022CF3E707B500224FF0FF314A
:10F0800001AB0192D0F716FA019803B05DF804FBCA
:10F0900013460A464FF0FF31D0F70CBAD0F7EABA60
:10F0A00070B50D461E46114693B1002333608DB1F5
:10F0B00080B1454332462846FFF7EAFF044628B9A7
:10F0C000306818B12A46214605F0B1FD204670BDD2
:10F0D0002224FBE72124F9E707B5002201AB0192C6
:10F0E000FFF7DEFF019803B05DF804FBD0F7BAB973
:10F0F00013B5002401AA21460194FFF7C9FF00B10E
:10F100000194019802B010BDD0F7B4BA0846FFF7D9
:10F11000B3BF0846FFF7C2BF00230380438083804C
:10F12000C380704708B5D0F72FF908BD002307B595
:10F13000684600938DF80430CCF730FC03B05DF8DE
:10F1400004FB10B50DF031FB04460AF007F8204629
:10F15000BDE810400DF024BB4FF4C870D0F77EBD61
:10F1600008B505F0A6F805F0C3F805F0CAF805F0F3
:10F17000DBF8BDE8084005F0E8B805F0B7B870471F
:10F18000012070472DE9F34112F00105044688463D
:10F1900022D110F0030525D12F465208BA4209D1D9
:10F1A000CDF736F80026B74204EB860008D1CDF73C
:10F1B0003FF811E054F8273001330CD10137EDE767
:10F1C000042258F826300DEB020101930EF0C4FB27
:10F1D00030B1CDF72DF83D25284602B0BDE8F081CD
:10F1E0000136E0E70125F7E7704708B50DF0F5FBBC
:10F1F000BDE80840E9F71CBF10B51446D1F714FA72
:10F200002146BDE810400DF0D7B808B5D1F70CFA8B
:10F21000BDE8084000210DF0CFB808B5D1F704FAD9
:10F22000BDE80840E9F73ABA08B5D1F7FDF9BDE8FD
:10F2300008400EF0ECBA08B5D1F7F6F9BDE8084081
:10F24000E9F718BA704708B50DF0C7FBFFF7FAFFEA
:10F2500005F0DAFABDE80840D1F720BA012070477E
:10F260000120704770472DE9F34104460D461646CC
:10F270001F46DDF820800DF08DFC3B4632462946C6
:10F280002046CDF8008005F0C0FA3B4632462946BC
:10F290002046CDF80080FFF7E5FF02B0BDE8F04161
:10F2A00002F0F6BC2DE9FF4704460D4616461F4600
:10F2B000BDF830809DF83490DDF838A00DF06AFC80
:10F2C0003B46324629462046CDE9019ACDF80080DA
:10F2D00001F03EFB04B0BDE8F04702F0D9BCF8B540
:10F2E00004460D4616461F460DF054FC3B4632467A
:10F2F00029462046D8F702FF044602F0C9FC204602
:10F30000F8BD70472DE9F34104460D4616461F46E9
:10F31000BDF820800DF03EFC3B4632462946204693
:10F32000CDF8008005F074FA33464246294620465F
:10F330000097FFF7E6FF02B0BDE8F04102F0A8BC7D
:10F34000704708B50DF026FC05F063FAFFF7F8FFEB
:10F35000BDE8084002F09CBC012070472DE9F04157
:10F3600004460D4616461F460DF014FC3B46324639
:10F3700029462046FFF7F0FF80463B4632462946A5
:10F38000204605F047FA02F083FC4046BDE8F081D4
:10F39000012070472DE9F04104460D4616461F46F0
:10F3A0000DF0F8FB3B46324629462046FFF7F0FFBA
:10F3B00080463B4632462946204605F02CFA02F0AC
:10F3C00067FC4046BDE8F081F8B504460D46164698
:10F3D0001F460DF0DFFB3B4632462946204605F02E
:10F3E0001BFABDE8F84002F053BC00207047F8B5A6
:10F3F00004460D4616460DF0CDFB32462946204602
:10F40000FFF7F3FF074632462946204605F005FA86
:10F4100002F03EFC3846F8BD38B504460D460DF006
:10F42000B9FB2946204605F0F9F9BDE8384002F05D
:10F430002FBC10B504460DF0ADFB204605F0EFF9EA
:10F440002046C7F79FFEBDE8104002F021BC704780
:10F45000F8B504460D4616461F460DF09BFB3B468D
:10F4600032462946204605F0F2F93B463246294607
:10F470002046FFF7ECFFBDE8F84002F009BC7047FA
:10F4800038B504460D460DF085FB2946204605F0AB
:10F49000DFF929462046FFF7F2FFBDE8384002F0C9
:10F4A000F7BB704770B504460D4616460DF072FB6B
:10F4B00032462946204605F0CDF9324629462046F7
:10F4C000FFF7EFFFBDE8704002F0E2BB704738B5D0
:10F4D00004460D460DF05EFB2946204605F0BCF9BA
:10F4E00029462046FFF7F2FFBDE8384002F0D0BBC6
:10F4F000704738B504460D460DF04CFB29462046B2
:10F5000005F0ACF929462046FFF7F2FFBDE8384088
:10F5100002F0BEBB70472DE9F34104460D46164686
:10F520001F469DF820800DF035FB3B4632462946AC
:10F530002046CDF8008005F092F93B463246294638
:10F540002046CDF80080FFF7E5FF02B0BDE8F041AE
:10F5500002F09EBB70472DE9F34104460D46164666
:10F560001F46DDF820800DF015FB3B46324629464C
:10F570002046CDF8008005F073F93B463246294617
:10F580002046CDF80080FFF7E5FF02B0BDE8F0416E
:10F5900002F07EBB704738B505460DF0FBFA2846F1
:10F5A00001F0A3F9044601462846DBF729FF02F0E3
:10F5B0006FFB204638BD38B504460D4605F051F9BD
:10F5C00029462046FFF7E6FF38BD704738B50546A7
:10F5D0000DF0E0FA2846D9F75FFC044601462846BC
:10F5E000DBF7F8FE02F054FB204638BD38B5044680
:10F5F0000D4605F037F929462046FFF7E6FF38BDEE
:10F60000704710B504460DF0C5FA204605F02BF9F9
:10F610002046FFF7F5FFBDE8104002F039BB704708
:10F6200038B504460D460DF0B5FA2946204605F0DA
:10F630001BF929462046FFF7F2FFBDE8384002F0EB
:10F6400027BB704770B504460D4616460DF0A2FA6A
:10F6500032462946204605F008F93246294620461A
:10F66000FFF7EFFFBDE8704002F012BB704738B5FE
:10F6700004460D460DF08EFA2946204605F0F6F8B0
:10F6800029462046FFF7F2FFBDE8384002F000BBF4
:10F69000704738B504460D460DF07CFA29462046E1
:10F6A00005F0E5F829462046FFF7F2FFBDE83840AF
:10F6B00002F0EEBA704770B504460D4616460DF0DE
:10F6C00069FA32462946204605F0D2F832462946E4
:10F6D0002046FFF7EFFFBDE8704002F0D9BA70474F
:10F6E00010B504460DF056FA204605F0C2F8204643
:10F6F000FFF7F5FFBDE8104002F0CABA7047F8B551
:10F7000004460D4616461F460DF044FA3B46324667
:10F710002946204605F0AEF83B46324629462046AB
:10F72000FFF7ECFFBDE8F84002F0B2BA704710B541
:10F7300004460DF02FFA204605F09DF82046FFF70D
:10F74000F5FFBDE8104002F0A3BA7047704770B5EE
:10F7500004460D4616460DF01DFA3246294620464F
:10F7600005F08CF8324629462046FFF7EFFFBDE84A
:10F77000704002F08DBA704710B504460DF00AFAD9
:10F78000204605F07CF82046FFF7F5FFBDE8104065
:10F7900002F07EBA704738B504460D460DF0FAF90E
:10F7A0002946204605F06CF829462046FFF7F2FF6F
:10F7B000BDE8384002F06CBA7047F8B504460D4613
:10F7C00016461F460DF0E6F93B46324629462046CE
:10F7D00005F061F83B46324629462046FFF7ECFF2C
:10F7E000BDE8F84002F054BA704770B504460D46C3
:10F7F00016460DF0CFF932462946204605F04CF862
:10F80000324629462046FFF7EFFFBDE8704002F080
:10F810003FBA7047F8B506460C4617461D460DF030
:10F82000B9F92B463A462146304605F036F83B46B4
:10F83000324629462046FFF7ECFFBDE8F84002F0CB
:10F8400027BA704710B504460DF0A4F9204605F01C
:10F8500025F82046FFF7F5FFBDE8104002F018BA82
:10F86000704738B504460D460DF094F929462046F8
:10F8700005F015F829462046FFF7F2FFBDE83840AD
:10F8800002F006BA704710B504460DF083F9204621
:10F8900005F006F82046FFF7F5FFBDE8104002F03E
:10F8A000F7B970472DE9F34104460D4616461F4649
:10F8B000DDF820800DF06EF93B46324629462046A1
:10F8C000CDF8008004F0EEFF3B4632462946204644
:10F8D000CDF80080FFF7E5FF02B0BDE8F04102F08F
:10F8E000D7B9704738B504460D460DF053F929468F
:10F8F000204604F0D9FF29462046FFF7F2FFBDE875
:10F90000384002F0C5B90E2070470E20704738B558
:10F9100004460DF03FF92046FFF7F7FF0546204665
:10F9200004F0C4FF2046FFF7EEFF02F0B1F92846CD
:10F9300038BD704710B504460DF02CF9204604F090
:10F94000B6FF2046FFF7F5FFBDE8104002F0A0B972
:10F95000002070470020704738B504460DF01AF9B2
:10F960002046FFF7F7FF0546204604F0A1FF20469A
:10F97000FFF7EEFF02F08CF9284638BD70472DE9FD
:10F98000F04F95B0CDE90F23249B9DF8785011934B
:10F99000279B9DF87C601293289B9DF880709DF8B2
:10F9A0008480229C9DF88C909DF894A09DF898B03E
:10F9B000CDE90D0113930DF0EDF8DDE90D01139B79
:10F9C000CDE903840A93129BCDE90167CDE908B321
:10F9D000119BCDF81CA0CDE90593DDE90F2300951F
:10F9E00004F067FFDDE90D01139BCDE903840A9361
:10F9F000129BCDE90167CDE908B3119BCDF81CA09E
:10FA0000CDE90593DDE90F230095FFF7B7FF15B0AA
:10FA1000BDE8F04F02F03CB9704708B50DF0BAF8F8
:10FA200004F063FFFFF7F8FFBDE8084002F030B9CB
:10FA300000207047CFF71EBE704770470B68DA7B17
:10FA40001AB9DB7C0BB9D1F7A9B881207047704790
:10FA50007047704781B14388828893429EBF1846A1
:10FA600013460246981A0A235843B0FBF1F0B0F54A
:10FA7000803F01D280B270474FF6FF7070471FB5CC
:10FA8000022344F20B0200934FF440710DF10E0378
:10FA900001F087FF10B10023ADF80E30BDF80E0065
:10FAA00005B05DF804FB1FB5022344F20C0200937D
:10FAB0004FF440710DF10E0301F073FF18B14FF6D2
:10FAC000FF63ADF80E30BDF80E0005B05DF804FB25
:10FAD00010B50446C088E8B1411E89B2E180A07B20
:10FAE000D1F7CEF8A2886388E18893420FD02388AB
:10FAF00020899A428BBFD31A9B1A4B434B438BBF2F
:10FB0000B3FBF0F3B3FBF0F3D21AD2186280B1FA70
:10FB100081F0400910BD7FB54FF44071054601F0FA
:10FB200034F800283ED02846D1F760F9022839D1B0
:10FB3000009044F20D024FF4407128460DF10E037F
:10FB400001F02FFF20B12846FFF799FFADF80E0016
:10FB50002846BDF80E40FFF7A6FF01230646009396
:10FB60000022082128460DF10E0301F01AFF10B102
:10FB70007F238DF80E309DF80E30012B0AD9FD2B16
:10FB80009FBF311B5943FE23B1FBF3F18EBF2646C5
:10FB9000711A8EB200223146284604B0BDE870408A
:10FBA000D1F7FEB904B070BD4FF6FF73F0B587B062
:10FBB0000225ADF814300023CDE9015305AB0093C5
:10FBC00044F2100240234FF44071044601F0DBFE82
:10FBD000002844D14FF6FF630DF11606CDE9015020
:10FBE000ADF81630072240234FF4407120460096AE
:10FBF00001F0C9FE98BB2046FFF741FF07462046AB
:10FC0000FFF751FFBDF81430BB4228D3834226D8FA
:10FC1000ADF8163021230722CDE900634FF440717F
:10FC20004023204601F069FEC8B930270DF11306C4
:10FC3000402308224FF440712046019700968DF82A
:10FC4000135001F05AFE402344F201024FF4407178
:10FC50002046CDE900678DF8135001F04EFE07B045
:10FC6000F0BD0868C37B83B9C37C0A2B09D8013B6C
:10FC7000092B0ED8DFE803F0130B170F1115191B12
:10FC80001D1F4B2B19D04C2B19D081207047D1F759
:10FC90009BBCD1F7D7BBD1F77DBBD1F7FDBCD1F76A
:10FCA0000DBBD1F797BAD1F73DBCD1F753BDD1F712
:10FCB000B1BDD1F71FBED1F79BBED1F7BBBED1F707
:10FCC0002DBF08B5D1F7A2FFBDE80840D1F7ACBF02
:10FCD000082808D84FF48B73C34013F0010F14BFEA
:10FCE0000020212070472120704700B589B000F026
:10FCF0005CFE0B3840F0100000218DF8130001204D
:10FD00000DF113030193CDE90211F323009005AA2D
:10FD100005918DF81C10DBF779FD09B05DF804FB47
:10FD200000234FF0FF3200B589B0059219461846FE
:10FD3000CDE90233CDE9003305AA8DF81C30DBF79D
:10FD400065FD09B05DF804FB2DE9F8430F46044654
:10FD500000218288384602F06FF8217CBD1C002902
:10FD600040F0CB802846A26802F06BF8BD1D237CD2
:10FD7000022B04BF637C05F8013B63689A0405D538
:10FD800028460021A28A02F057F80235636813F46E
:10FD9000804100F0BD802846A37D002100F8013B92
:10FDA000A26902F04EF8681D102204F11C0104F053
:10FDB00024FF153563685E062FD52E464FF00008E8
:10FDC00006F8018B94F82C30032B10D130462E46C8
:10FDD000082204F12E0104F010FF4146E28E05F1E5
:10FDE000090002F029F816F80B3B01332B7094F848
:10FDF0003830032B10D10822304604F13A0104F0C8
:10FE0000FCFE06F108000021B4F8422002F014F8CC
:10FE10002B780A3601332B70354663682E46D80599
:10FE20001DD50023A04606F8013B04F1180998F8F7
:10FE30002C30022B0FD130460021B8F82E2001F0D3
:10FE4000FBFFB01C0021B8F8302001F0F5FF2B7843
:10FE5000043601332B7008F10C08C845E7D194F83B
:10FE600044303370636803F01803182B16BF94F8FE
:10FE70004530751C7370626818BFB51C110405D538
:10FE800028460021120C01F0D7FF02356368DB031E
:10FE90002FD54FF000082E4606F8018B94F82C3031
:10FEA000032B10D130462E46082204F12E0104F017
:10FEB000A4FE4146E28E05F1090001F0BDFF16F8EF
:10FEC0000B3B0A332B7094F83830032B10D10822E7
:10FED000304604F13A0104F090FE06F108000021DA
:10FEE000B4F8422001F0A8FF2B780A360A332B70B1
:10FEF0003546E81B80B2BDE8F88302297FF437AFAE
:10FF000008222846A11804F078FE07F10A052EE71A
:10FF10009B067FF54FAF2846A26901F092FF04359A
:10FF200048E78B09C3F103035B01C207DBB24BBF98
:10FF300003F12000581D00F0E000C0B2EDF782BFD1
:10FF400007B5694604F0EDFB034650B99DF804205F
:10FF5000BDF802109DF80000D1F7E4FF03B05DF892
:10FF600004FB8120FAE7162808B506D1DBF7FAFF73
:10FF700018B9BDE80840F9F7DDBE08BD0868C37BC5
:10FF80009BB9C37C013B0A2B0FD8DFE803F00608BE
:10FF90000E0E0E0A0E0E0E0E0C00D2F713B8FFF75F
:10FFA000CFBFD2F79FB8D2F77DB981207047704795
:10FFB000F8B50E461D4604469DF8187008B9002095
:10FFC000F8BD022913D107F10F03DBB20B2BF6D9D1
:10FFD000002DF4D000220821284605F0B9FF0028A2
:10FFE000EDD12B6823606B686772636005E00029C0
:10FFF000E5D1D31D052BE2D9026001202672DFE78F
:020000040804EE
:100000007047704700207047137810B5032B0CD150
:100010005479CBB29C4208D19379B3EB112F04D120
:1000200053781B1A5842584110BD0020FCE77FB599
:1000300005460E4600246946E0B2DBF72DFA28B9E2
:100040006A4631462846FFF7DFFF18B901340A2C0B
:10005000F1D1002004B070BDFFF7E9BF0868C37B91
:100060009BB9C37C052B10D8DFE803F0030D070B09
:100070000905D2F7BDBED3F7F9B8D2F753BFD3F70E
:10008000A5B8D3F723B8D2F7F5BE812070471FB5C6
:1000900000240123224600934FF4A0610DF10F03C9
:1000A0008DF80F4001F07DFC30B99DF80F00431E24
:1000B0005842584104B010BD2046FBE71FB5FF234E
:1000C000044620208DF80F30D8F702FF112200904F
:1000D0004FF4A06120460DF10F0301F062FC9DF882
:1000E0000F0004B010BD70470868C37B1BB9C37C08
:1000F0000BB9D3F707BA81207047D3F7B3BB13B559
:100100000DF106010446D3F77BFB38B9BDF80610A4
:1001100009B1013989B22046D3F78AFB02B010BD7C
:1001200009B9D3F79FBB70470868C37B1BB9C37C71
:100130001BB1012B03D081207047D3F7C9BBD3F784
:10014000E3BB0020704718460099D3F7CBBC10B42E
:10015000012304461A46084621465DF8044BDCF7A5
:1001600021B808B5D3F724FCBDE808400120D3F737
:10017000FFBB7047002307B50A460093082100F033
:1001800014FB03B05DF804FBFFF7F3BF0868C37B03
:10019000C3B9C37C072B15D8DFE803F00406080AAF
:1001A0000C0E1012D4F72AB9D4F77AB9D4F7C0B923
:1001B000D4F712BAD4F750B9D4F798B9D4F7E4B950
:1001C000D4F726BA812070477047704700207047E7
:1001D000D4F7A8BA7047FFF7FDBF0B68DA7B5AB9AE
:1001E000DB7C012B04D0022B04D02BB9D4F716BF33
:1001F000D4F726BFD4F736BF812070470020704760
:1002000030B4DDE902451DB1029430BC00F072BA91
:1002100030BC70470246492A084604D814232721D7
:10022000D2B2FEF7E6BE704749280A4604D8C1B2EA
:1002300014232720FEF7E6BE7047152808B505D120
:10024000D4F72CFFBDE80840D4F7DABF08BD10B5DD
:100250000346026808684240FF2A17D858684A686F
:10026000504030F07F4011D11C890A8994420CD152
:100270001C780A78A24208D152B1DB68CA685340A0
:1002800033F07F430CBF0120002010BD0020FCE7AD
:100290000120FAE70020704713B500230C461A46E8
:1002A0000146CDE90033E0B2D5F77CFD02B010BDC8
:1002B00013B500231446019001220093E0B2D5F754
:1002C00071FD02B010BD0020704710B586B002A9C4
:1002D0000446DFF777F870B9059B20460193049B2D
:1002E0009DF80A200093BDF80810BDF80C30D6F731
:1002F000ABF806B010BD8120FBE713B501A9044699
:10030000DFF748F840B920469DF80620BDF80410F4
:10031000D6F748FA02B010BD8120FBE70868C37B1E
:10032000B3B9C37C062B13D8DFE803F004100C0A22
:100330000E080600FFF7C9BFD5F7B6BFD6F7D6BD82
:10034000D5F72EBFD5F79CBED6F7B2BCFFF7D5BF09
:10035000812070477047704770471FB56846DCF7CB
:100360007DFC009800F0010005B05DF804FBDCF7AF
:1003700061BC0020704700207047002070470020BB
:100380007047704701207047012070470868C37BA1
:1003900023B9C37C402B01D1D7F7CAB8812070475D
:1003A000002070470868C37B63B9C37C412B05D02C
:1003B000422B05D0402B05D1D7F7D0BAD7F774BA66
:1003C000D7F738BB8120704710B586B002A9044624
:1003D000DEF7FEFF70B9059B20460193049B9DF854
:1003E0000A200093BDF80810BDF80C30D6F72CF8A1
:1003F00006B010BD8120FBE713B501A90446DEF766
:10040000DBFF40B920469DF80620BDF80410D6F762
:10041000C9F902B010BD8120FBE70868C37B63B94E
:10042000C37C412B07D0422B03D0402B05D1FFF7D3
:10043000CBBFD7F73BBCFFF7DFBF81207047086811
:10044000C37B43B9C37C412B03D0422B03D1D7F7E5
:10045000BFBDD7F747BD81207047194491420ADCE0
:100460004218002003B9704712F8011D013B01EB4F
:100470000020DBB2F6E7002070472DE9F04F074679
:100480000E4614464FF0000A85B00093009B1A7880
:100490005FFA8AF39A4203D8002005B0BDE8F08FD6
:1004A000009A07EB040802EB430393F8019093F8DA
:1004B00002B019F0400309F03F0504D06319B342BC
:1004C00017DC2B4634E0042D07D865B1AB1E022B98
:1004D0000BD8DFE803F01F3746003E2D4DD03F2DEF
:1004E0005FD03D2D61D00320D7E7B4424FF0010526
:1004F000E7D319F0800F65D00E9B2A4603EB0B0063
:10050000002104F094FB3446002323449CB20AF1FA
:10051000010ABBE7A31CB342EBDC022332462146AF
:100520003846FFF79AFF0223ADF80A000DF10A08DA
:1005300001930E9B2A4603EB0B00414604F082FB1D
:10054000019BE2E7E31CB3423ADC03233246214637
:100550003846FFF782FF0425032303900DF10C08B2
:10056000E6E7231DB342C4DC042332462146384665
:10057000FFF773FF04230390F0E7731E9C421FDA1A
:100580000223324621463846FFF767FF4FF6FF73D6
:1005900080B298420EBF0223023083B21A199642EB
:1005A0000EDB0E9A42F80B80AFE7B44208D298F8FF
:1005B0000030FF2B0CBF01230133E218B242F0DD03
:1005C000042596E7022068E710B5144686B0188126
:1005D0001A460A9B0291CDE9034301230193099B2B
:1005E000014600930320BDF82030D7F7E7FD06B0A1
:1005F00010BD1FB500240294079C0194BDF818405B
:100600000094FFF7E1FF04B010BD2DE9F0410E4664
:100610001746054686B098B391B38AB34FF00008E9
:1006200002A95FFA88F0DAF737FF044640B99DF86F
:100630000830032B08D008F10108B8F10A0FEFD1F8
:10064000204606B0BDE8F0819DF809202B799A423A
:10065000F1D1BDF80A206B889A42ECD19DF80C309C
:10066000BDF80D006B7128812B4622464FF6FF71B5
:10067000CDE90067FFF7BDFF0028DCD00446DFE7C7
:100680002124DDE710B586B00A9C04949DF824402F
:100690000394BDF8204002940124CDE900341346B0
:1006A0000A4601460620D7F789FD06B010BDF0B511
:1006B000022805460E4614461F468BB00AD106A9ED
:1006C000F0B2DAF7E9FE98B99DF8193023719DF878
:1006D0001C306371119B224604930023CDE9023341
:1006E0000193109B3146009328463B46D7F766FDA1
:1006F0000BB0F0BD13B500240194049C0094FFF7E7
:10070000D6FF02B010BD2DE9F045064688461446D6
:100710009A46002701258BB006A9F8B2DAF7BCFE8D
:1007200020BB9DF81830012B19D19DF81920337981
:100730009A4214D1BDF81A2073889A420FD19DF8BD
:100740001C3032467371B9B2CDE9030ACDE901001C
:10075000434602200094D7F731FD054610B9013712
:100760000A2FD9D128460BB0BDE8F0850546F9E738
:100770000020704770B506461D46D8F783F804463A
:1007800008B9212070BD3046D8F784FD0028F8D084
:10079000A0682A46FF21FEF72FFD9DF810300020AB
:1007A00063719DF81430A371ECE713B59DF8104008
:1007B000CDE9003413460022FFF7DCFF02B010BD84
:1007C000002307B50093FFF7F0FF03B05DF804FBCB
:1007D00008B5D8F757F828B18068FF21FEF71DFD4E
:1007E000002008BD2120FCE70022FFF7F1BF1FB564
:1007F0000B466A4601461846DAF7B0FD6A460823FA
:10080000002032F8021B013B13F0FF0380EA0100D5
:10081000F7D1012838BF012080B205B05DF804FB94
:100820002DE9F04F87B0DDE9109B05468846484624
:1008300019461F461446BDF848609DF84CA0FFF7C6
:10084000D6FF042D0346ABF800001AD8022D1DD99F
:10085000042D07D04FF2F222A188914222D1E288E2
:1008600091071FD5E17A0022CDE9013720463346B2
:10087000CDE90392CDF800A0DBF704FA07B0BDE89C
:10088000F08F6A1F012A11D92120F7E70022414683
:10089000CDE9119228462246109707B0BDE8F04FE7
:1008A000DBF746BA4FF6FF760C21DCE7052D15D0B5
:1008B0004FF2F222A188914213D1E288920710D51B
:1008C000E17A0022CDE90137CDE903920091234678
:1008D000524641463046DBF779F9CFE70023E17A0B
:1008E000EFE74FF6FF760C21EBE7F0B585B0054654
:1008F000DBF77CFE48B16B88B3F5006F05D1681D4E
:1009000005B0BDE8F04001F033B9284601F044F9E4
:100910000446C8B9E7B269463846DAF7BDFD78B98A
:100920009DF8006066B929463846DAF7FFFD20B128
:1009300040F60443984207D08C26304605B0F0BDFF
:1009400001340A2CE6D1F7E78D26F6E7D7F7A4BEE7
:100950002DE9FF470D46044616461F46BDF8308078
:100960009DF83490DDF838A001462846DBF77AFD83
:100970003B46324629462046CDE9019ACDF8008013
:10098000D7F7CAFE3B46324629462046CDE90D9AA6
:10099000CDF8308004B0BDE8F04703F038BFDBF796
:1009A00025BEDBF737BEDBF797BEDBF747BED8F7D0
:1009B00023BAD8F7DBB9D8F7FFB910B50446DBF78F
:1009C000C7FD082201462046BDE8104004F015B9D5
:1009D000DBF7D0BD0021DBF7CDBDEAF715BBD8F7BB
:1009E00031BB70B506460C46154600F01FF860B1E5
:1009F0000CB9002070BD002DFBD0204601F01DF980
:100A0000013080B2A842F4D8F4E7304600F014F880
:100A100040B1002CEDD0012DEBD9204601F012F9A8
:100A20000230EEE73046D8F753FAEBE741380128B9
:100A30008CBF002001207047433801288CBF002064
:100A40000120704700207047002070470388B3F5ED
:100A50007C4F01D3FFF7F8BF0846FFF7F3BF10B58F
:100A60004A880488A2420DD1037B0C79234009D027
:100A7000B2F57C4F08D3FFF7E7FF0B891B1A5842EA
:100A8000584110BD0020FCE70120FAE738B50D8879
:100A9000D488A5420AD10388B3F57C4F08D2FFF76A
:100AA000D5FF13891B1A5842584138BD0020FCE776
:100AB0000120FAE710B51C46002386B0ADF81220DD
:100AC000BDF820208DF80C00ADF80E10ADF8142004
:100AD00000931A4602A903A802938DF81040D8F794
:100AE000C1FA029806B010BD2DE9F0410646002576
:100AF0004FF014080779E8B2874201D800241AE0C1
:100B000008FB05F0D6F800C00CEB00043CF8000030
:100B100081421AD132B1802A10D194F90CC0BCF1B3
:100B2000000F12DAB0F57C4F05D32046FFF78CFF9B
:100B3000834200D04BB92046BDE8F081402A04D161
:100B400094F80CC01CF0400FECD10135D3E7012123
:100B5000D8F7D0B908B513460022D8F7ADFB003856
:100B600018BF012008BD08B513464022D8F7A4FBE2
:100B7000003818BF012008BD08B513468022D8F7F9
:100B80009BFB003818BF012008BD08B54022002398
:100B9000D8F792FB003818BF012008BD0023D8F712
:100BA0008BBB0021D8F7A6B94022D8F7B9BB70B5E6
:100BB000044688B0012001F06DF8012C00F0C081DE
:100BC000FF2C00F06781022001F064F8022C00F095
:100BD000D481032001F05EF8032C40F0ED8106ADD6
:100BE00001237F222C212846FEF703FA00224FF032
:100BF000010C10230621CDE9023CCDE9042240235B
:100C0000CDE900250320D8F7F3FD0D2001F042F8CF
:100C10000D2C00F0D781FF2C00F04C810E2001F04C
:100C200039F80E2C40F0018201237F222F2106A8E3
:100C3000FEF7DFF9012610230025CDE9023606ABC9
:100C40002A460621CDE900530E204023CDE9045564
:100C5000D8F7CEFD33467F22302106A8FEF7C9F92A
:100C60002023029306AB2A460821CDE900530E202B
:100C70004023CDE904550396D8F7BAFD0F2001F0C3
:100C800009F80F2C00F0D781FF2C00F01F811320F2
:100C900001F000F8132C40F0018201237F22332160
:100CA00006A8FEF7A6F9012610230025CDE9023695
:100CB00006AB2A460621CDE9005313204023CDE997
:100CC0000455D8F795FD33467F22342106A8FEF758
:100CD00090F92023029306AB2A460821CDE9005360
:100CE00013204023CDE904550396D8F781FD142045
:100CF00000F0D0FF142C00F0D781FF2C00F0F28020
:100D0000152000F0C7FF152C40F0018201237F223F
:100D1000372106A8FEF76DF9012610230025CDE93D
:100D2000023606AB2A460621CDE9005315204023A2
:100D3000CDE90455D8F75CFD33467F22382106A85B
:100D4000FEF757F92023029306AB2A460821CDE986
:100D5000005315204023CDE904550396D8F748FDEC
:100D6000162000F097FF162C00F0D781FF2C00F022
:100D7000C580172000F08EFF172C40F0EC8106ADE7
:100D800001237F223A212846FEF733F9002210235F
:100D900001200621CDE90230CDE904224023CDE92E
:100DA00000251720D8F724FD182000F073FF182C19
:100DB00000F0D781FF2C00F0AD80192000F06AFF11
:100DC000192C40F0EC8108237F223C2106A8FEF775
:100DD00010F90126F0230025CDE9023606AB1022DA
:100DE0004FF4A061CDE9005319204023CDE904550B
:100DF000D8F7FEFC33467F223D2106A8FEF7F9F81E
:100E00002023029306AB11224FF4A061CDE90053D9
:100E100019204023CDE904550396D8F7E9FC1A20A0
:100E200000F038FF1A2C00F0C081FF2C7ED01B2070
:100E300000F030FF1B2C2BD108237F22402106A875
:100E4000FEF7D7F80125F0230024CDE9023506ABE3
:100E500010224FF4A061CDE900431B204023CDE9CF
:100E60000444D8F7C5FC2B467F22412106A8FEF793
:100E7000C0F82023029306ABCDE9004311224023A2
:100E80004FF4A0611B20CDE904440395D8F7B0FCD2
:100E900008B070BD002853D0022000F0FBFE0028EF
:100EA0006BD0032000F0F6FE00283FF498AE0D2032
:100EB00000F0F0FE002800F085800E2000F0EAFE31
:100EC00000283FF4B1AE0F2000F0E4FE002800F04F
:100ED000B280132000F0DEFE00283FF4DEAE1420C6
:100EE00000F0D8FE002800F0DF80152000F0D2FED0
:100EF00000283FF40BAF162000F0CCFE002800F0D5
:100F00000C81172000F0C6FE00283FF438AF1820EF
:100F100000F0C0FE002800F02481192000F0BAFE85
:100F200000283FF450AF1A2000F0B4FE002800F073
:100F30003C811B2000F0AEFE00283FF47DAFA7E708
:100F400006AD01237F222A212846FEF752F800220F
:100F5000102301200621CDE90422CDE90230CDE99C
:100F600000254023D8F744FC022000F093FE022C19
:100F700003D0FF2C7FF42DAE91E706AD01237F2235
:100F80002B212846FEF735F800224FF0010E1023E2
:100F90000621CDE9023ECDE904224023CDE900251A
:100FA0000220D8F725FC032000F074FE032C3FF448
:100FB00016AEFF2C3FF478AF0D2000F06BFE0D2C29
:100FC0007FF42CAE01237F222D2106A8FEF711F815
:100FD000012610230025CDE9023606AB2A4606215C
:100FE000CDE900530D204023CDE90455D8F700FC8E
:100FF00033467F222E2106A8FDF7FBFF2023029314
:1010000006AB2A460821CDE900530D204023CDE947
:1010100004550396D8F7ECFB0E2000F03BFE0E2C97
:101020003FF402AEFF2C3FF44BAF0F2000F032FE36
:101030000F2C7FF42CAE01237F22312106A8FDF76F
:10104000D8FF012610230025CDE9023606AB2A463B
:101050000621CDE900530F204023CDE90455D8F7F0
:10106000C7FB33467F22322106A8FDF7C2FF2023AB
:10107000029306AB2A460821CDE900530F204023F6
:10108000CDE904550396D8F7B3FB132000F002FE18
:10109000132C3FF402AEFF2C3FF41EAF142000F0DF
:1010A000F9FD142C7FF42CAE01237F22352106A8F4
:1010B000FDF79FFF012610230025CDE9023606AB80
:1010C0002A460621CDE9005314204023CDE90455DA
:1010D000D8F78EFB33467F22362106A8FDF789FF1D
:1010E0002023029306AB2A460821CDE900531420A1
:1010F0004023CDE904550396D8F77AFB152000F07C
:10110000C9FD152C3FF402AEFF2C3FF4F1AE1620C2
:1011100000F0C0FD162C7FF42CAE06AD01237F221B
:1011200039212846FDF765FF0126002210230621FC
:10113000CDE90422CDE90236CDE900254023162071
:10114000D8F756FB172000F0A5FD172C3FF417AE7B
:10115000FF2C3FF4D9AE182000F09CFD182C7FF432
:101160002CAE06AD01237F223B212846FDF741FF2F
:10117000002210230121CDE90422CDE90231CDE97D
:101180000025402306211820D8F732FB192000F053
:1011900081FD192C3FF417AEFF2C3FF4C1AE1A208D
:1011A00000F078FD1A2C7FF442AE08237F223E2106
:1011B00006A8FDF71EFF0126F0230025CDE9023623
:1011C00006AB10224FF4A061CDE900531A20402352
:1011D000CDE90455D8F70CFB33467F223F2106A802
:1011E000FDF707FF2023029306AB11224FF4A06105
:1011F000CDE900531A204023CDE904550396D8F7D2
:10120000F7FA1B2000F046FD1B2C3FF415AEFF2C17
:101210007FF43EAE90E6F7B505460F4616461C46EF
:10122000002B6DD01B7999076AD500216A46884248
:1012300008BF1546012F0091516035D1062E5FD1B0
:101240002288002A5CD12046FFF7FCFB38B95A06F9
:1012500005D43B462A467F212A20FDF7D3FE1B2FCB
:101260004ED1B6F5A06F4BD12388102B0DD120465F
:10127000FFF7E8FB002843D123795F0640D4082319
:101280002A467F214020FDF7BDFE2388112B37D150
:101290002046FFF7D7FB98BB23795E0630D40123A5
:1012A0002A467F21412010E0022F11D1062E27D19E
:1012B00022882ABB2046FFF7C5FB002853D15B06D6
:1012C000CDD401232A467F212B20FDF79BFE17E07A
:1012D000032F0FD1062E13D122888AB92046FFF79B
:1012E000B1FB0028BBD15806B9D401232A467F217F
:1012F0002C20EAE70D2F22D1062E03D1228892B1AD
:1013000003B0F0BD082EFBD12288002AF8D1204678
:10131000FFF798FB0028F3D15906A0D401232A46F1
:101320007F212E20D1E72046FFF78CFB0028E7D154
:101330005B06E5D401232A467F212D208DE70E2F61
:1013400049D1062E36D12288002AD9D12046FFF76E
:1013500079FB0028D4D15906D2D401232A467F2113
:101360002F20FDF74FFE1A2F7FF479AFB6F5A06F4F
:10137000C6D12388102B0DD12046FFF763FB002830
:10138000BED123795A06BBD408232A467F213E20AA
:10139000FDF738FE2388112BB2D12046FFF752FB10
:1013A0000028ADD123795B06AAD401232A467F21E8
:1013B0003F208AE7082EA3D12288002AA0D1204608
:1013C000FFF740FB00289BD15A0699D401232A46F7
:1013D0007F21302079E70F2F40F0EF80062E0ED1CD
:1013E0002288002A8CD12046FFF72CFB002887D1C9
:1013F0005B0685D401232A467F2131202DE7082E64
:101400007FF47EAF2288002A7FF47AAF2046FFF770
:1014100019FB00287FF474AF58063FF520AF012375
:101420002A467F21322018E7062E11D12288002A71
:101430007FF466AF2046FFF705FB00287FF460AF1E
:101440005A063FF55DAF01232A467F2133203CE752
:10145000082E7FF455AF2288002A7FF451AF204632
:10146000FFF7F0FA00287FF44BAF5B063FF548AF7B
:1014700001232A467F21342027E7082E7FF440AF3E
:101480002288002A7FF43CAF2046FFF7DBFA0028D1
:101490007FF436AF5F063FF533AF01232A467F2145
:1014A000362012E7152F6CD1062E12D12388002B7F
:1014B0007FF426AF2046FFF7C5FA00287FF420AF5F
:1014C00023795E063FF51CAF01232A467F21372092
:1014D000FBE6082E7FF414AF2288002A7FF410AFB9
:1014E0002046FFF7AFFA00287FF40AAF5C063FF50D
:1014F00007AF01232A467F213820E6E6062E7FF437
:10150000FFAE2388002B7FF4FBAE2046FFF79AFA4C
:1015100000287FF4F5AE237958063FF5F1AE01239C
:101520002A467F213A20D0E6192F7FF41CAFB6F56A
:10153000A06F7FF4E5AE2388102B0FD12046FFF774
:1015400081FA00287FF4DCAE237958063FF5D8AE47
:1015500008232A467F213C20FDF754FD2388112BC8
:101560007FF4CEAE2046FFF76DFA00287FF4C8AEB8
:10157000237959063FF5C4AE01232A467F213D2039
:10158000A3E6162F34D0172FB8D0182FCCD1062EA3
:101590007FF4B6AE2388002B7FF4B2AE2046FFF76F
:1015A00051FA00287FF4ACAE23795C063FF5A8AE73
:1015B00001232A467F213B2087E6132F3FF434AFD7
:1015C000142F7FF46FAF062E7FF457AF2288002AC6
:1015D0007FF496AE2046FFF735FA00287FF490AEF0
:1015E0005A063FF58DAE01232A467F2135206CE651
:1015F000062E7FF485AE2388002B7FF481AE204633
:10160000FFF720FA00287FF47BAE237959063FF5D7
:1016100077AE01232A467F21392056E60021D7F7ED
:1016200001BF10B504460121D7F7FCFE2046BDE8F6
:10163000104003F05BB9F8B516461F469DF8182018
:10164000BDF81C300546D7F737FE78B10421D7F72F
:1016500085FF044650B1284600F026FB3A46314645
:101660002846A047BDE8F84000F012BBF8BD2DE9C0
:10167000F74F1E46DDE90C9B074688461446BDF829
:1016800038302AB3B9F1000F22D00EB392F804A07B
:1016900099F80020504612F0080F0CBF802240221B
:1016A0006188D7F709FE98B10821D7F757FF05469B
:1016B00070B1504600F0F8FA3346224641463846AB
:1016C000CDE9009BA84703B0BDE8F04F00F0E0BAB9
:1016D00003B0BDE8F08FF8B5BDF8187016461A468D
:1016E0003B460446D7F7E8FDE0B177B90221D7F7CA
:1016F00035FF0546B0B1204600F0D6FA3146204607
:10170000A847BDE8F84000F0C3BA1021D7F726FF7C
:10171000054638B1204600F0C7FA3A463146204621
:10172000A847EEE7F8BD73B5BDF8184016461A464F
:1017300023460546D7F7C0FDB8B1C4B92021D7F775
:101740000DFF044670B1284600F0AEFA099B314601
:10175000009328469DF820309DF81C20A0470446A1
:1017600000F096FA204602B070BD8624FAE7002405
:10177000F8E72DE9F04186680446007800F094FA15
:10178000002514273279EBB29A4203D8BDE8F04124
:1017900000F07EBA7B4332682078D15A02EB03080E
:1017A00000F0CBF901214046D7F7D8FE034608B137
:1017B000207898470135E5E72DE9F04F1C4689B0C0
:1017C0009DF84C30BDF8488001939DF8503092460A
:1017D00002932246434607460D46D7F76DFD8DF826
:1017E00014700646ADF816508DF81840ADF81AA0E2
:1017F000ADF81C8018B9012009B0BDE8F08F05A92B
:10180000FFF72DF90028F6D000252F46A8462C46D4
:1018100034E00C231FFA85F903FB09F9318873685A
:10182000B1F57C4F33F8092003EB090B1AD333F8D9
:10183000090050452CD3019BA3422DD900F0B7F9E4
:101840009BF80200D8F758FA029B43B19BF804308A
:1018500013F0010F0CBF05200720D8F74DFA013413
:10186000A4B219E0ADF81A205946304605AA0393F0
:10187000FFF70CF9039B0028D9D101353289ABB2AF
:101880009A42C6D804EB0800C31B58425841B3E73C
:1018900008F101081FFA88F80137BFB2EDE72DE91A
:1018A000F04786B0BDF83880DDF83C909DF840A048
:1018B000CDF80080CDE9019A04460D4616461F4634
:1018C00000F035F9B8B1431EDBB2012B10D800236C
:1018D0000122811E48424841CDE90432CDE902A0EF
:1018E0003B46324629462046CDE90089D7F780FF9E
:1018F00006B0BDE8F0870120FAE730B500240125E5
:1019000087B0CDE9044503959DF82C5002950A9DBA
:10191000CDE90045D7F76CFF07B030BD30B50024E6
:10192000012587B0CDE9044503959DF82850009422
:10193000CDE901358023D7F75BFF07B030BD30B567
:101940000024012587B0CDE9044503959DF8285072
:101950000094CDE901354023D7F74AFF07B030BDE9
:1019600010B5012486B0CDE90444002403949DF809
:1019700028400294099C0194BDF820400094D7F7B8
:1019800037FF06B010BD1FB5089C03949DF81C409E
:101990000294069C019400240094D8F711F804B036
:1019A00010BD30B5002485B09DF820500394CDE9DA
:1019B000013500944023D8F703F805B030BD7047D7
:1019C0002DE9F84F0229074688460C9D04D84FF0B0
:1019D000000A5046BDE8F88F1BBB01240270D9F7FE
:1019E00079F84FF000099DF82830385504F1020AC3
:1019F00001343B550B9A5FFA89F3D45C002CE8D094
:101A0000732C18D82E464C2C56F804BB45D0532CBA
:101A10001DD0622C4DD1AC8805F1080600231A4672
:101A20001EE00429D3D942F0040243701B0A0324A8
:101A300002708370D3E7A4F17503032BC7D8763CFB
:101A40002E1D022C52D8DFE804F0565A58006A685E
:101A500005F1080694B2D2B2B2F1FF0318BF012318
:101A60000AEB040119448845B1DB504619460029A8
:101A700047D153441FFA83FA5CB1BBF1000FA6D0E3
:101A8000224607EB0A00594603F0DCF854441FFADB
:101A900084FA354609F10109ACE74FF6FF736A682D
:101AA00005F1080694B222469C4214BF022300238B
:101AB000D6E76C2C05D1584600F0C4F8841CA4B2BB
:101AC000ACE7732C04D1584600F0B7F8441CF6E795
:101AD000A4F13003DAB2092A01D89CB29EE7A4F13E
:101AE0004103062B3FF673AF373CE8E701230024A0
:101AF0002A68A346B4E70223F9E70323F7E70423A0
:101B0000F5E700F1010C01393A54C9B2120A1FFA83
:101B10008CF0ACE70020D8F761B80023D8F76EB896
:101B20000022D8F791B80023D8F7A4B87047012055
:101B300070470120704701207047704700207047B0
:101B40000020704700207047002070470020704739
:101B50000020704701207047012070470020704727
:101B6000002070470020704700207047FF2070471A
:101B70008420704770470020704700207047002085
:101B80007047002070470020704700207047704762
:101B90000E207047002070470020704770470020DB
:101BA000704770470020704770470020704738B575
:101BB0000546C0B2D8F7A0F80446280AD8F79CF822
:101BC00014B1002808BF0024204638BDF8B50546EA
:101BD000C0B2D8F791F80446C5F30720D8F78CF8BF
:101BE0000746C5F30740D8F787F80646280ED8F70A
:101BF00083F824B12FB136B1002808BF0024204655
:101C0000F8BD3C46FBE73446F9E710B4CC189442E3
:101C100003DC5DF8044BFEF720BC00205DF8044BAC
:101C200070470423FFF7F1BF0323FFF7EEBF08B5AA
:101C30000223FFF7EAFF80B208BD0078FF2808BF43
:101C40000020704708B502220021FFF7F0FF4FF691
:101C5000FF73984208BF002008BD8368585C704736
:101C600082898068FFF7E3BF82898068FFF7DCBF65
:101C700082898068FFF7D5BF82898068D8F768B805
:101C8000806808447047003818BF01204000704742
:101C90000020704708B5FEF75AFFFF284FF0FF30CD
:101CA00018BF0020C0B208BD08B5FFF7F3FFFF283A
:101CB0000CBF2120002008BDF8B506460C4615468D
:101CC0001F4600F00CF810B12544AC4200D1F8BD1D
:101CD0003946304614F8012BD8F7ACF8F5E7012067
:101CE000704737B50546D6F747FA044601950CB953
:101CF00081201CE0237823B12046D6F745FA04461C
:101D0000F5E72B6862685B889A42F5D1A368EA7BA5
:101D100099B272B12A8A9142EED16A7DB2EB134F29
:101D2000EAD10020E36801A998478128E4D003B0F4
:101D300030BD4FF6FF72EEE738B5044643680846FB
:101D40000D469847B4F90830002B02DB2B78042BA2
:101D500006D1002320466360BDE83840D8F7FCBBBD
:101D600038BDFFF71EBFFFF7F9BE1FB502230022E3
:101D7000009303210DF10E03FFF713FE38B9BDF8F0
:101D80000E00003818BF012005B05DF804FB0020EC
:101D9000FAE708B5DAF7E6F820B9DAF79DFC08B9F2
:101DA000D3F7F6FBFFF7F3FEBDE80840FFF7FCBEF4
:101DB0000020D8F7BFBE0021D8F75CBF0022D8F7BB
:101DC0001BBF1FB5D2880B4612F0200F4FF6FD71D6
:101DD0000CBF52244924ADF80610510544BF083CFD
:101DE000E4B2110544BF083CE4B2120444BF023C13
:101DF000E4B2032805D8DFE800F0020F161CADF8A6
:101E00000630BDF80600FFF7B1FEFF281CBF241AFC
:101E1000E4B2204604B010BD02AA0DF10601D8B20A
:101E2000D9F796FEEDE7D8B2D9F76AFBADF8060010
:101E3000E7E7013CE4B2E4E742540844120A427086
:101E400070474254130A08444370130C120E8370F7
:101E5000C2707047F8B5064617460D4681B10C783A
:101E6000FF2C0BD00846FFF7E8FEB84228BF3846E3
:101E7000C4B22246691C701C02F0BFFE3470F8BD6B
:101E80000C46FBE770B5044615460E4611B9417085
:101E9000017070BD0B78FF2B05D14B78FF2B02D161
:101EA00003704370F5E73046FFF7CCFEA84228BF29
:101EB000284685B22A46B11CA01C02F09EFE257061
:101EC0002D0A6570E5E7F0B523B9013A531C2FD10F
:101ED000002020E0042AFBD800231C46551E6E1C5F
:101EE0001AD1042A10D00121D200501E01FA00F0AC
:101EF00020421EBF914049420C4318421EBF4FF082
:101F0000FF3101FA02F213439C4216DCB4BF4FF0DA
:101F1000FF30002040B2F0BD40B1465DEF00BE4052
:101F200034434E5D013DBE403343D8E70646F5E7F6
:101F30008C5C20B1835CA34202D90120EBE703460D
:101F4000A34202F1FF32C1D24FF0FF30E3E728385D
:101F500007288CBF00200120704700200021704717
:101F6000F7B59DF820400546082C104619469DF807
:101F7000246036D8002213462C44AC4208D106F027
:101F8000FD04382C0ED10096FFF7E7FF03B0F0BD3B
:101F900014F8017D1B0243EA12631202BA1843F1DE
:101FA0000003EAE7392E10D107EE100A07EE902A57
:101FB000B4EEE77AF1EE10FACCBF77EE677A77EEFF
:101FC000C77A002117EE900AE0E7824273EB010422
:101FD00003D2801A61EB0301D8E7101A63EB010109
:101FE000D4E700200146D1E72DE9F0411C46054623
:101FF0000E4617469DF81880D8F7FAFF2070434622
:102000003A46314628460694BDE8F041D8F7FABF73
:1020100000207047CDF70ABA08B5E5F713FB002892
:1020200040F6124018BF002008BD70477047704747
:102030007047704770477047014610B5044611F865
:10204000010B04F1800205F0F7F8C4F8000110BD9F
:10205000038813B1012B04D0704741790079FDF753
:10206000C5BA817C0430FDF7A6BA10B5044605F068
:10207000BDFC206010BD10B504460078F1F744FCAB
:10208000606010BD014610B5044611F8020B05F062
:102090009EFC206110BD10B504460078F1F70EFCDF
:1020A000608010BD014610B5044611F8020BF1F72F
:1020B00053FC206110BD0388022B02D0032B06D0F5
:1020C0007047017A00F109024068FDF78EBB90F875
:1020D000202000F1210300F10C010430FDF76DBB5D
:1020E000038807B50B2B0FD00C2B13D00A2B08D16C
:1020F000037C0093C288417900F108030079FDF761
:102100000AFA03B05DF804FB406803B05DF804EB25
:10211000FDF777BA8179808803B05DF804EBFDF7AD
:102120007FBA014610B5044611F8040BF7F7D4FB4B
:10213000E06410BD10B50446F7F726FC207310BD0F
:1021400010B590F8303086B00593C36A0446049306
:1021500000F11903039300F118030293C38A011DD0
:102160000193838A0093438A027C0068F7F77CFF1F
:1021700084F8340006B010BD1FB5B0F892300446A4
:10218000039390F89130021D029300F11203019322
:10219000437C0093037C4178007806F0DDFAC4F8B4
:1021A000940004B010BD00B503888DB00F3B092B1F
:1021B00027D8DFE803F005292F37434A515A6974BD
:1021C00000F1A8030A9300F12603099390F8253043
:1021D000089390F824300793036A0693037F0593CE
:1021E00083690493C37D0393837D0293437D0193AD
:1021F000037D00938279417900F108030079FDF7AE
:10220000BEFB0DB05DF804FB80880DB05DF804EBFB
:10221000FDF766BA827B811D80880DB05DF804EB06
:10222000FDF710BA00F12903009390F8283000F16F
:102230001402811D0079FDF716F8E2E7C1880079E4
:102240000DB05DF804EBFDF724BA018940680DB0CC
:102250005DF804EBFDF70BBA017E00F119020430C2
:102260000DB05DF804EBFDF726BA00F11B030293F5
:10227000837E0193038B00934289017A00F10C0362
:102280004068FDF70FF8BCE7017E00F1980300F10C
:10229000190204300DB05DF804EBFDF795B890F825
:1022A00085304179821D00790DB05DF804EBFDF7B2
:1022B000CFB8014610B5044611F8020B221DF1F704
:1022C000BDFCE06010BD034610B5044633F8960B24
:1022D00086B0049304F117030393A37D0293A38AAA
:1022E0000193A37C009322796188A31DEEF772FA13
:1022F000C4F8980006B010BD10B500F1960386B082
:10230000049300F117030393837D04460293838AA9
:102310000193837C0093038AC289017BEEF79AFACA
:10232000C4F8980006B010BD1FB50346044613F864
:10233000920B221D029304F113030193A37C0093DB
:10234000238A6188EEF7CAFAC4F8940004B010BD7D
:102350000388193B042B1AD8DFE803F003080E1199
:10236000150090F905100079FDF78AB890F913204F
:10237000817C0430FDF796B80430FDF7DBBA816844
:102380000079FDF7A4B881798088FDF7B2B870476D
:1023900010B50446EAF7BEF8207010BD014610B52E
:1023A000044611F8020BEAF789F8A06110BD10B5D8
:1023B0000446E8F703FE207010BD014610B5044640
:1023C00011F8020B637E94F91820E9F775FBE061C0
:1023D00010BD10B50446007804F0DAFB606010BD53
:1023E00010B50446E9F7F6FC606010BD10B5044670
:1023F0000078E9F795F8606010BD10B504460078E4
:10240000EAF78EF8606010BD10B5027A04464168A4
:102410000078E7F743FCE06010BD10B5044604F017
:10242000CEF9206010BD038807B51F2B10D0202BDC
:1024300019D01E2B09D100F11D030093037F4179B0
:1024400000F108020079FDF72DFA03B05DF804FBF6
:10245000027F00F11D0300F10801007903B05DF86F
:1024600004EBFDF74CB98268411D007903B05DF8BB
:1024700004EBFDF76CB910B590F8813090F880202E
:1024800090F87F100446E7F793FDC4F8840010BD70
:1024900010B590F8FE100446E7F7FAF8C4F800010A
:1024A00010BD0388212B02D0222B03D07047007966
:1024B000FDF762B9017B0430FDF76DB910B5044634
:1024C00000F05FFD206010BD10B5044603F04BFD29
:1024D000206110BD10B50446F0F7FCF9E06010BDB6
:1024E00010B504460088F0F7D3F9606010BD10B550
:1024F0000446F0F7F5FAE06210BD10B50446E6F7C1
:102500007FF9206010BD10B504460078EFF79EFB00
:10251000606010BD038807B5232B08D100F10803C4
:102520000093C379827941790079FDF714F803B0FB
:102530005DF804FB10B50446FFF76CFD208010BD6C
:1025400041680078F7F7DABE03882A2B05D02B2BD9
:1025500006D0292B07D1FDF760BA4068FCF769BFA8
:102560008088FDF7E4B8704710B50446008803F092
:1025700082FA606010BD10B50446D8F725FD2060D2
:1025800010BD10B50446E6F73DFE206010BD10B545
:10259000011D0446E6F708FAE06110BD10B50446D7
:1025A00003F041FD208010BD10B5044603F058FD36
:1025B000208010BD10B5044603F001FD207010BD51
:1025C00010B500F108010446E6F770FDE06010BDAB
:1025D00010B50446E6F7B0F9207010BD10B50446FA
:1025E000D8F7FCFC206010BD10B504460078E9F770
:1025F00085F8606010BD10B50446F2F75BFAA06084
:1026000010BD10B504460088F2F73EFA606010BDB8
:1026100010B50446007803F0E0FC606010BD10B512
:10262000044690F9000003F0A1FC606010BD007842
:10263000E6F730B90078E6F7CDBD10B50446E6F709
:1026400083F9207010BD4178007800F097B80388B6
:1026500007B52C2B07D1038A811D0093C37B827B96
:102660008088FCF74FFE03B05DF804FB10B504460C
:102670000088F2F703FA606010BD10B50446DAF77F
:10268000EDFE606110BD10B500F114010446DAF7EB
:102690001DFF84F8240010BD10B500F108010446A8
:1026A00000F0B7FAA06110BDDAF7F4BB70477047CD
:1026B00070477047704703882D3B032B17D8DFE81E
:1026C00003F00207101300F114010430FDF7C9B83C
:1026D00090F8301000F1440300F132020430FDF7AD
:1026E00099B84068FDF7AEB80430FDF7CCB8704734
:1026F0000078F8F747B90068F8F7FCBB0068F8F70E
:10270000FFBBF8F7A9BB10B50446F8F7DBFB207058
:1027100010BD06F038B910B500F11001044606F0FE
:10272000D2F8A06310BD06F05CBA10B5044600787C
:10273000F8F7CEFB606010BD007806F0F0B810B579
:1027400004460068F8F724F9606010BD06F020B96F
:1027500010B51C4603F0B3FA0AF055FA0023C0F393
:1027600040202370400010BD002208B50B461146E2
:10277000FFF7EEFF023818BF012008BD7047704711
:10278000B1FA81F0400970470120704770477047E7
:102790000020704770470020704770470E20704738
:1027A000012070477047012070470120704737B5FE
:1027B000427B0446D0070D4605D56078EDF7C6FB91
:1027C000C8B103B030BD930731D5C2F38003100701
:1027D0004FEA8313ADF806300DF1060248BF43F40B
:1027E000806304F1040048BFADF8063004F041FDF9
:1027F00008B92D20E5E708222946201D02F0FDF941
:102800002B7C00202373AB89590642BF627B42F0C8
:10281000040262735A0542BF627B42F0080262738F
:102820001B0742BF637B43F002036373C9E70120C8
:10283000C7E77FB5102201AB02A9019200F03EFC70
:1028400050B902A805F088F880F00100C0B200F08D
:10285000010007B05DF804FB0020F8E730B5427BCB
:10286000044612F001058BB015D0002128226846DD
:1028700002F0DDF96946607800F07CFB48B9DDF8CC
:102880001D306360DDF82130A360637B43F00203F9
:1028900063730BB030BD930701D42D20F9E7D2004C
:1028A000012102F08002043000F06DFBFF2860700F
:1028B000F3D0637B284643F001036373E9E7704775
:1028C00008B500F00DFC003818BF012008BD07B5A1
:1028D0000378072B0FD1407800F5403000F50070E9
:1028E000102201AB019200F0E9FB003818BF012073
:1028F00003B05DF804FB082B05D1407800F54030AB
:1029000000F54070ECE72620F2E730B50378044686
:10291000072B0D4687B019D1437803F5403000F5F9
:102920000070059000F0DCFB1023CDE9015301237A
:1029300000934FF4105140F20133226905A800F0D2
:1029400092FB003818BF012007B030BD082B05D11D
:10295000437803F5403000F54070E2E72620F3E7C6
:1029600037B543780446FF2B12D1002501212A46B2
:102970000430CDE9005500F006FBFF2801D060705F
:1029800006E02A460121684600F0FDFAFF28F6D14C
:102990001A2003B030BD73B505460E46FFF75EFF43
:1029A0000446E0B96B7B9B070ED46878102200F5D3
:1029B0004030314601AB00F5807000F07FFB50B134
:1029C0000124204602B070BD02460821281D03F0F4
:1029D000BFFA0028E9D0304604F0A0FEF1E72D242C
:1029E000EFE7102310B590B0CDE901130023009359
:1029F0004FF410510269044640F2013305A800F07B
:102A000032FB014648BB25220DF11B0002F00FF9F5
:102A10006368627BCDF83530A36812F0040FCDF8FF
:102A20003930059B06A807934FF001038DF81A3043
:102A30000CBF8023C023110748BF43F48063ADF867
:102A40001830930742BFBDF8183043F00803ADF8C3
:102A50001830EDF711FA10B010BD0120FBE710B5EA
:102A60008AB00C4601A9FFF7A2FE40B96B461022BE
:102A70002146069800F022FB003818BF01200AB05A
:102A800010BD10B58AB024220446002101A802F02E
:102A9000CEF80023ADF80230637B590744BF4022D3
:102AA000ADF802201A0742BFBDF8022042F480624E
:102AB000ADF80220DB071CD5607801A9EDF746FAD6
:102AC00010B12D200AB010BD01AB03CB637B606059
:102AD00043F00203A160637304A9201D04F0CBFB43
:102AE0000028EED0069800F0FBFA003818BF01204D
:102AF000E8E70DF1020201A9201D04F0BAFB00284D
:102B0000EAD1DEE710F1870F06D030B110F1950F52
:102B10000CBF2C200120704721207047D8B1D1B1C3
:102B20004388C3B90378013B082B14D8DFE803F0CE
:102B30000507090B0D0D0F0F1100DAF711BADAF7BF
:102B4000A3BAFFF74EBFFFF70BBFDAF715BBFFF7CE
:102B5000DCBEDAF74DBB2120704738B50D4639B3DE
:102B600030B30378013B082B20D8DFE803F0050DD4
:102B70001013161619191C00DAF74CFA04462846E9
:102B800004F0CCFD204638BDDAF7B6FAF6E7FFF7D9
:102B900066FFF3E7FFF7FFFEF0E7DAF7D9FAEDE7B4
:102BA000FFF795FEEAE7DAF73FFBE7E72124E6E7E0
:102BB0002124E7E770B586B0064601A80C46154605
:102BC000DAF768F904238DF804301CB120686168D5
:102BD00002AB03C3294601A88DF80560FFF79EFFED
:102BE00006B070BD70B586B0044601A80D46164605
:102BF000DAF750F90323206861688DF8043002ABDE
:102C00008DF8116003C3294601A8FFF787FF06B0BE
:102C100070BD0022FFF7E6BF30B585B00D466946AE
:102C20000446FFF79AFF20B92A4621466846DAF79C
:102C300051FB05B030BD10B5044686B01123062205
:102C4000012001A9E5F7A4FDA3789DF814209A427C
:102C500007D08DF8143006221123002001A9E5F7D2
:102C600097FD11230222012001A9E5F791FDE378E8
:102C70009DF814209A4207D08DF8143002221123B7
:102C8000002001A9E5F784FD06B010BD30B5437BF7
:102C9000044613F001020D468BB007D0407801A91D
:102CA000EDF754F970B12D200BB030BD9B07FAD56C
:102CB000ADF8022001A90DF10202043004F0D9FAA6
:102CC0000028F0D000210E22A81C01F0B0FFBDF8B2
:102CD00010302B80039BAB60BDF81230AB819DF8A8
:102CE0001430237301AB03CB6060A1600020DBE7ED
:102CF00070B5437B0446DB070E468AB003D42D250E
:102D000028460AB070BD6946407800F033F90546A0
:102D10000028F4D1DDF81D300E226360DDF821308B
:102D20000146A360637BB01C43F00203637301F0B0
:102D30007EFFBDF80030069A43F004033380059B04
:102D4000B2607360DCE70B4610B504461022002128
:102D5000184601F06CFF2278032A09D0042A0DD00E
:102D6000022A11D101462046BDE81040DAF70EBC18
:102D700001462046BDE81040FFF788BF01462046C7
:102D8000BDE81040FFF7B4BF262010BDF8B50546DA
:102D900008460C461F461646DAF77CF804232370D3
:102DA00025B108222946E01801F027FF637B43F094
:102DB000020363734EB932460121284600F0E3F85E
:102DC000FF28607007D12D20F8BD31462046FFF75F
:102DD000C4FE0028F7D1637B43F0010363730DB990
:102DE0000020F1E7002FFBD039462046FFF7ABFF6C
:102DF000F6E7F8B50C460746084616461D46DAF7CC
:102E000049F803232046394600F8043B082201F024
:102E1000F4FE637B314643F0020320466373FFF701
:102E20009CFE08B12D20F8BD29462046FFF78BFFF8
:102E30000028F8D0F6E7F8B5074608460C461646CF
:102E40001D46DAF727F803232370637B314643F0EE
:102E50000103204667706373FFF77FFE08B12D20E2
:102E6000F8BD29462046FFF76EFF0028F8D0F6E7A8
:102E700018B18022012100F086B8FF20704700239E
:102E800007B51A4619460093EEF714FDB0FA80F024
:102E9000400903B05DF804FB70B50D4604461922E5
:102EA000FF21284601F0C3FE7E2C96BF1923A4F112
:102EB0007F0222462846BDE8704091BF194619237B
:102EC0001A21D2B2FCF795B87E2894BF19237F3817
:102ED0000A468BBF19230146C1B2184688BF1A2083
:102EE000FCF790B830B589B00D46FFF7C1FFFF2859
:102EF00004460DD001A9FFF7CFFF2868696801AB30
:102F000003C3204601A9FFF7DFFF002009B030BD51
:102F10002D20FBE7704770470020704770470F2057
:102F2000704770479DF8000070470F2070470F20D2
:102F30007047002070470F20704700207047002026
:102F4000704784B08DE80F00002004B07047002067
:102F500070477047704700207047704700207047E7
:102F6000704700207047012070477047002070476D
:102F7000012070470E207047FF20704700207047E7
:102F800070470E207047FF20704770477047002041
:102F9000704770477047704710B50024E3B210B90E
:102FA000C3F10303DBB20134042CCA544FEA1222EA
:102FB000F4D110BD10B50B784C788A78C97828B94F
:102FC00010462246044608461946034642EA0120B6
:102FD00043EA042343EA004010BD2DE9F0471546BB
:102FE00082460C469846089E9DF824900A9FFBF75F
:102FF00072F9B5F5885F024621D1B9F1000F1ED1F3
:103000004A4649462046FBF75BF9F20448BF46F4BE
:103010008066B304258025F0FF0548BF46F40066AE
:10302000B5F5824FC4E9026807D04FF6F8739F42A6
:103030008ABF4FF6FF7367806380BDE8F08749461B
:103040002046FBF73DF9B9F1010FDED1DAF8003087
:1030500062686361D3B2002BD7D122F0FF0242F045
:1030600001026260D1E72DE9F04304468BB00D46C2
:10307000DDE9138916460021182204A81F4601F035
:10308000D6FDC4B1B8F1000F15D04FEAC9030293C1
:103090009DF848302A462046CDE9007304A93346FE
:1030A000FFF79BFF23464A46414604A800F0C6FAB4
:1030B0000BB0BDE8F0836FF08600F9E710B421B1E2
:1030C0001BB15DF8044B00F06CBB6FF086005DF83F
:1030D000044B704709B100F082B96FF08600704769
:1030E000DBF7C6B810B51C46002386B005934AB17D
:1030F00044B105AB02931023CDE90043DBF7C8F9D7
:1031000006B010BD6FF08600FAE710B51C4600232C
:1031100086B005934AB144B105AB02931023CDE9C3
:103120000043DBF797FA06B010BD6FF08600FAE7B0
:103130002DE9F04F9B468BB09DF85040179B0746FA
:10314000884618465946924622469DF858909DF862
:10315000545001F052FD03464FEA094101F47C113D
:1031600041F0A8612E1B09AA41F480710BEB040009
:1031700006EB090C23440692BAF1000F16D0CDE9F4
:10318000043CCDE902060D2342463846CDE900B4A1
:1031900000F045FB10F1950F04D16FF094000BB0D7
:1031A000BDE8F08FB8B16FF08600F8E7CDE90436DE
:1031B000CDE9020C0D2342463846CDE900B400F0BB
:1031C00004FC10F1950FE8D00028ECD1099BB34224
:1031D000E9D10020E3E7099B4D442D1B9D42F7E711
:1031E00070470120704708B5FFF7FBFF20B108F0DA
:1031F000AFF8003818BF012008BD10B5044608B16B
:10320000DAF738FB2046BDE81040FBF747BF00F473
:10321000E040B0F5805F04D0A0F50053584258411B
:1032200070470120704741F2052398421AD8B0F543
:10323000905F09D241F2010398420CD0B0F5885F4B
:1032400009D06FF0850070472923A0F5905080B217
:10325000C340DB07F5D511F0070F0CBF00206FF05E
:1032600086007047B0F5105FEBD121F04003802B52
:1032700006D0B1F5807F0CBF00206FF0860070474C
:103280000020704770B5046A05460E463CB901201F
:10329000FBF722FF286228B120466E6270BD6FF0F6
:1032A0008A00FBE76FF08C00F8E7F8B50F4611468F
:1032B00006461546FFF7E6FF044620B92A4639467A
:1032C000306A01F0BFFC2046F8BD2DE9F041089DB1
:1032D00088461F46048802B32046FFF798FFE0B1F6
:1032E0002B680BB9D3002B6020462968FFF79BFFA2
:1032F000044678B9CE1DB2EBD60F11D1069B9A4287
:1033000011D84146384601F09DFC2B68079A0733D7
:10331000DB0813602046BDE8F0816FF08504F9E713
:103320006FF08604F6E76FF08904F3E72DE9F04FBC
:10333000456885B02D0A0446DDE90E678946924648
:103340009B46DDF8408006D0012D18D06FF0860036
:1033500005B0BDE8F08FCDE901780096FBF78DFA56
:1033600010F1860FF4D15B46524649462046CDE91E
:103370000F780E9605B0BDE8F04FFFF7A6BFCDE978
:103380000F780E9605B0BDE8F04FFBF775B910B594
:103390000446006A10B1616AFFF72FFF0020C4E9FC
:1033A000080010BD38B50546FFF7F1FF2B7E044637
:1033B000012B0ED0023B012B0ED8EB69012B18BF5D
:1033C0006FF0960428220021284601F030FC2046A8
:1033D00038BDEB69002BF2E76FF09604F2E773B5A6
:1033E000054608460C4600F0F9FB002328461A461D
:1033F00001A9DAF723FE50B9019E35460FCD0FC45F
:1034000095E8030084E803003046DBF719FB02B0BF
:1034100070BD70B5144602881D461046049EFFF725
:10342000F6FE68B944F2010322F44050984207D0F6
:1034300002F44F42B2F5824F02D0B2F5844F0ED162
:10344000B4420FD82246284601F0FCFB0021321B73
:10345000281901F0ECFB0020059B1C6070BD6FF08B
:103460008500FBE76FF08900F8E72DE9F04F0E4685
:103470000027844615468FB008AC88460FCE0FC48F
:1034800096E803003B4684E803003A4660462F6016
:1034900004A9CDE90477CDE90677DAF7CFFD044634
:1034A00058B9049B5869FAF718FF049C064670B98E
:1034B000A3689B070BD46FF084040598DAF7C0FE6D
:1034C0000498DBF7BDFA20460FB0BDE8F08FB8F8DE
:1034D00000302BB122889A4202D06FF08604ECE7CC
:1034E000B8F8022063880AB19A42F6D1ADF82230CA
:1034F000DDF82CA02388D4F80C9051464A46184693
:10350000ADF820300393DAF707FA0746DDF830B05C
:10351000D4F81080039B424659461846DAF7FCF966
:103520002FB9BAF1000F02D0B9F1000FD5D128B9E7
:10353000BBF1000F02D0B8F1000FCED1A2680A9BF8
:103540000C90134005A906AA08A8CDE90A37DAF7B6
:1035500015FE04460028B0D1002E3FD1059B5A68C5
:10356000049B5B681B0AB3EB122F02D06FF085043B
:10357000A3E7099B1B0A39D007A908A800F032FB72
:103580000446002899D107990598FFF77BFE044669
:10359000002892D1DDE904305A68120AE6D1D3E955
:1035A0000812099C036A240A012C50F8246F94D154
:1035B000CDE9006008A8FBF7D5F8044600287FF4A1
:1035C0007CAF29460598DAF7A7FD044600287FF46A
:1035D00074AF0498DBF734FA044674E7099B1B0ABE
:1035E000CAD1049B5B681B0A7FF465AF049B0598F6
:1035F000D3E90812FFF759FEDFE7002370B506464E
:1036000015460C46C2E9003351B101212046FBF7B3
:1036100063FD286030B1224631466C6001F012FB38
:10362000002070BD6FF08C00FBE710B50446006809
:10363000FBF734FD0023C4E9003310BD2DE9F04150
:103640001E4600238AB0054617460846CDE90433D6
:1036500007923360002A73D0B2F1005F73D239460B
:1036600008AAFFF7CAFF044618B108A8FFF7DDFF54
:1036700017E0284605AA04A9DDF82080DAF77EFDC8
:1036800004460028F1D1049B1A6AEAB96B681B0A48
:1036900013D0012B09D0079208A8FFF7C6FF6FF0DF
:1036A00086040498DAF7CCFD46E0284607A9079778
:1036B00000F098FA04460028D7D107990498FFF73C
:1036C000E1FD04460028D0D1049B41465A88284693
:1036D000069206AA029203F1240201925A6A00920B
:1036E0001B6A3A46FFF722FE04460028BDD1049823
:1036F000069B428852B943804FF6F872934208D92C
:1037000008A8FFF792FF6FF08504CAE79A42C3D179
:10371000F2E72B8813B102889A42BDD16B8813B1AE
:1037200042889A42B8D13146DAF7F6FC044608A836
:10373000FFF77BFF002CB4D120460AB0BDE8F08132
:103740006FF08604F8E76FF08504F5E7002370B5A5
:10375000C2E90033064614460D46936039B1012193
:103760002846FBF7B9FC606018B1A5602660002010
:1037700070BD6FF08C00FBE7416810B5044651B195
:10378000006858B1A2680AB101F05CFA6068FBF702
:1037900085FC002363600020A06010BD6FF09600E0
:1037A000FBE770B51E46002386B00C461546CDE9F2
:1037B0000333059382B30122336002A9DAF73EFC9A
:1037C000E8B92046294603AAFFF7C0FF044650B9CE
:1037D0000298049B4468D0E90812240A11D0012CF5
:1037E00015D06FF086040298DBF72AF9054603A886
:1037F000FFF7C2FF18B9002C14BF2046284606B0B8
:1038000070BDCDE90056FFF704FE0446EBE7CDE9B5
:103810000056FAF7B3FFF8E76FF08900EFE72DE9FC
:10382000F04F1D46002399B01746289A8046136032
:1038300008460C46CDE90F33CDE91133CDE91333FA
:10384000CDE915331793DAF78BFBDDF89C9006462C
:10385000002840F08D8023464FF4807240460EA928
:10386000DAF7ECFB0646002840F08280294638460D
:103870000FAAFFF7C2FE0646002867D1DDE9220144
:103880000F9B11AA0B93FFF7B8FE064600285DD1E7
:10389000DDE9240113AADDF844A0FFF7AEFE0646D9
:1038A000002853D14946269815AADDF84CB0FFF7F9
:1038B0004DFF0646002849D129462046DAF73EFB4F
:1038C0000646002842D10E9FDDF858807B68D7E974
:1038D00008121B0A012B62D0022B4DD0002B71D194
:1038E000289B3846CDE90793259BCDF81880CDE974
:1038F00004B3239B0195CDE902A30B9BCDE90C12E8
:1039000000932346FAF7C4FFDDE90C1210F1860F8D
:10391000064612D1289B3846CDE90793259BCDF862
:103920001880CDE904B3239B0195CDE902A30B9B3D
:103930000093234600F032F906463EB1B9F1000F7C
:1039400004D04A460021404601F071F90FA8FFF764
:103950006CFE11A8FFF769FE13A8FFF766FE15A815
:10396000FFF70AFF002818BF06460E98DBF768F835
:10397000304619B0BDE8F08F289B3846CDE9079353
:10398000259BCDF81880CDE904B3239B0195CDE9A3
:1039900002A30B9B00932346FAF77AFFCCE7289B00
:1039A0003846CDE90793259BCDF81880CDE904B3BF
:1039B000239B0195CDE902A30B9B00932346FAF7C5
:1039C0005FFFB9E76FF08606B8E72DE9F04F1D46B7
:1039D000002399B01746289A8046136008460C4683
:1039E000CDE90F33CDE91133CDE91333CDE91533EB
:1039F0001793DAF7B5FADDF89C900646002840F0F8
:103A00008D8023464FF4007240460EA9DAF716FB6C
:103A10000646002840F08280294638460FAAFFF764
:103A2000ECFD0646002867D1DDE922010F9B11AAB3
:103A30000B93FFF7E2FD064600285DD1DDE9240186
:103A400013AADDF844A0FFF7D8FD0646002853D19D
:103A50004946269815AADDF84CB0FFF777FE0646D2
:103A6000002849D129462046DAF768FA0646002898
:103A700042D10E9FDDF858807B68D7E908121B0AF7
:103A8000012B62D0022B4DD0002B71D1289B3846E0
:103A9000CDE90793259BCDF81880CDE904B3239B8E
:103AA0000195CDE902A30B9BCDE90C1200932346AF
:103AB000FAF7F0FEDDE90C1210F1860F064612D17E
:103AC000289B3846CDE90793259BCDF81880CDE992
:103AD00004B3239B0195CDE902A30B9B00932346DE
:103AE00000F06CF806463EB1B9F1000F04D04A462A
:103AF0000021404601F09BF80FA8FFF796FD11A8A2
:103B0000FFF793FD13A8FFF790FD15A8FFF734FE0C
:103B1000002818BF06460E98DAF792FF304619B013
:103B2000BDE8F08F289B3846CDE90793259BCDF85B
:103B30001880CDE904B3239B0195CDE902A30B9B2B
:103B400000932346FAF7A6FECCE7289B3846CDE93A
:103B50000793259BCDF81880CDE904B3239B0195ED
:103B6000CDE902A30B9B00932346FAF78BFEB9E73E
:103B70006FF08606B8E71FB504460DF10A030391FE
:103B80000093104621460DF10B0303AADAF716FE47
:103B9000002808BF6FF0850004B010BD08B541884B
:103BA0001A460088FFF7E7FF38B9079A099B9A423F
:103BB0008CBF6FF089006FF0850008BD08B54188A3
:103BC0001A460088FFF7D7FF38B9079A099B9A422F
:103BD0008CBF6FF089006FF0850008BD18220021AE
:103BE00001F025B8426870B5120A0588438806D0EE
:103BF000012A56D000236FF086000B6022E005F406
:103C0000E042B2F5805F02D0B2F5005F05D1073324
:103C1000DB0840D16FF0850014E005F44F42B2F5A7
:103C2000844F03D10733DB080AD1F3E747F20102DF
:103C3000954208D15B080133DB0803EBC3033B3338
:103C400000200B6070BD44F20102954202D1DB08F6
:103C50001033F5E747F20202954204D1DB0803EB8B
:103C600043035A33ECE744F20202954204D1DB08E5
:103C700003EB43034A33E3E725F0FF05B5F5E24FD5
:103C8000D0D0B5F5824FC5D10733DB085B000133D7
:103C9000012BD5D1BEE725F0FF05B5F5824FCFD179
:103CA000F6E705F4E046DC1DB6F5805F25F0FF027F
:103CB0004FEAD40002D0B6F5005F06D100284AD002
:103CC000B2F5824F07D1034640E005F44F46B6F502
:103CD000844F02D190B3C31C32E047F20106B542D3
:103CE0000DD15B080133DB0803EBC3033B33033324
:103CF000800723F0030335D1072C23D132E044F2AF
:103D00000106B54202D1DB081033F0E747F20206A4
:103D1000B54204D1DB0803EB43035A33E7E744F22F
:103D20000206B54204D1DB0803EB43034A33DEE766
:103D3000B2F5E24FCED0B2F5824F05D00B68033317
:103D400023F003032C337BE743000133012B00D125
:103D50000B68013BCBE7B2F5824F0B6806D003330B
:103D600023F00303B2F5824FECD102E0023323F0DB
:103D700003030433E6E7037E022B06D1C3695A1C12
:103D800003D00133C361002070476FF09600704785
:103D900003466FF040420846591E914207D338B19E
:103DA00003F1404393428CBF002001207047012063
:103DB0007047034668B1017E8A1E012A0BD8032989
:103DC000C26903D1012A01D1FFF7ECBA1AB1013A55
:103DD000DA61002070476FF096007047002070474E
:103DE000C0B2FF280CBF6FF086000020704707B5F7
:103DF00000216A46FAF779FA8C3018BF012003B027
:103E00005DF804FB13B500216A460446FAF76DFA23
:103E10008C3002D1002002B010BD00212046C9F72D
:103E200089FB014610B16FF09800F4E76A4620461E
:103E3000FAF75BFA8C30EDD0F5E72DE9FF41074644
:103E40001446884600293FD0002A3DD0B2F5005FD5
:103E50003DD202F1240631460120FBF73DF905462B
:103E6000C0B303463A4621464046DAF707FE7F696B
:103E700000243846FFF7BBFF01281FD021462B4600
:103E8000324638460094C9F789FA0146C8B938461F
:103E900002AAFAF72AFA044620B9029B9E4205D0EC
:103EA0006FF0980438460021C9F744FB3146284694
:103EB000FFF7A3F9204604B0BDE8F0816FF08A0453
:103EC000F4E76FF09804F1E76FF08604F2E76FF023
:103ED0008D04EFE76FF08C04ECE7FFF78EB92DE966
:103EE000F047D0F814A086B0814688461746504661
:103EF000002104AAFAF7F9F9044610BB049E012038
:103F00003146FBF7E9F80546002837D021465046F0
:103F100004AA0394FAF7E9F9044670B903AB024620
:103F20002146CDE9005350463346C9F7A7FA039B13
:103F300004469E4209D06FF0980431462846FFF7A8
:103F40005CF9204606B0BDE8F0870028F5D13B4675
:103F5000424631462846CDF80090DAF7ADFD0446DA
:103F60000028EAD1D8F800302BB13B68002B08BFFD
:103F70006FF09104E1E76FF09104DEE76FF08C04DD
:103F8000DFE76FF01B00704770479A4238BF8854D4
:103F9000704770472DE9F84F9846DDE90B490D9BB6
:103FA00015469A0706460F4623D02A460A9B03EB7E
:103FB000040A1444A24220D10D9B9B0705D5A2EB15
:103FC000050AD14505EB0A0420D82046BDE8F88F44
:103FD000434639462020B0470AF1010ACA450AEB98
:103FE0000B02F5D3A9EB04024C4588BF00222A44FA
:103FF000DCE7A246A5EB040BF0E702F1010B434618
:1040000039461AF8010DB0475A46D3E743462246CF
:1040100039462020B0470AF1010AD2E72DE9F047DE
:104020009E46DDE90D3CDDE90874DDE90B651CF019
:10403000020F9DF828801FD10CF001094BB1B9F196
:10404000000F06D0B8F1000F02D11CF00C0F00D009
:10405000013B4FF0300A02E007F804A00134A5420A
:1040600001D9202CF8D1B9F1000F05D04FF030095B
:10407000A34201D9202C1BD11CF0100F15D01CF429
:10408000806F32D1C4B1AC4201D09C422DD1651EAB
:1040900012D0102E3FD11CF0200FA4F1020456D1F3
:1040A00078263E5530266C1C7E55202C29D00DE0FC
:1040B00007F804900134DBE7102E10D11CF0200F1C
:1040C0002FD178243C7030247C700224B8F1000F8A
:1040D00031D02D253D55013414E06224F2E7022E43
:1040E000FBD030243C700124F0E7102E1BD11CF0D3
:1040F000200F2AD1202C04D07826651C3E55202D77
:10410000D0D12024CDE90A3CCDE908747346BDE83E
:10411000F047FFF73FBF022EC4D162247C55013522
:10412000EDE75824CEE7022E03D1202CE9D0254616
:10413000F3E72546E3E71CF0040F01D02B25C9E780
:104140001CF0080FDED02025C4E7202CD9D058263B
:10415000651CD3E72DE9F04391B0189D1A9F1D9E71
:104160002DB926F0100416F4806F264622D116F0E1
:10417000200F14BF4FF0410E4FF0610EAC460025EA
:104180000DF12008AEF10A0EBCFBF7F907FB19C9C7
:104190005FFA89F4B9F1090F94BF30347444E4B282
:1041A000BC4508F8014B05F10105BCFBF7F401D350
:1041B000202D10D11C9C069605941B9CCDE9037400
:1041C0009DF86440CDE9015408AC0094FFF726FF48
:1041D00011B0BDE8F083A446D6E72DE9F04F95B0C5
:1041E000CDE90A23DDE91E76DDE9229B57EA0603C5
:1041F000CDE90801269C05D124F0100314F4806F4A
:104200001C4637D114F0200F14BF41236123002531
:104210000DF1300AA3F10A0831464A465B4638469A
:10422000DBF7C4FDD2B2092A94BF303242444F4575
:10423000D2B276EB0B0605F101050AF8012B01D38A
:10424000202D14D1259B06940593249BDDE90801BC
:10425000CDE903939DF88030CDE901530CAB009379
:10426000DDE90A23FFF7DAFE15B0BDE8F08F074657
:104270000E46D1E70025E5E708B100F014B8704715
:1042800010B1D1E900311847704738B5441E14F811
:10429000015F25B90A2000F006F8284638BD2846F7
:1042A00000F001F8F3E701460020FAF736BBF8F713
:1042B00078BD08B5CAF72EF8C3F798FDFAF7FAFAF1
:1042C000C9F7E6FEFAF7ECFAFAF7F6FAC3F784FD57
:1042D000C3F760FFC3F7C0FECAF7BCFC05F0F8FEE9
:1042E000C6F7FCF9BDE80840CBF750BC05F01ABF93
:1042F00008B5C4F733F8C4F769F9BDE80840F8F722
:104300006EBE08B5F8F74BFDCBF7C6FDC9F7D6FE74
:10431000CBF734FBCAF722FAC8F780FEDAF736F893
:10432000BDE80840C8F7C6BA08B5C8F7B7FAF9F744
:10433000CCFCCCF737FBCCF7E3FBCCF733FACCF76C
:1043400075FABDE80840F9F7B7BCC3F729BDDAF73D
:104350001FBFDAF765BF07B500920B46027D818962
:104360008068FCF78AF8003818BF0120C00103B04C
:104370005DF804FB2DE9F041047D8389E71CBB4215
:1043800006460D46C0F0C7802146FDF76DFCBCB265
:10439000B389271DBFB2BB422860C0F0BF8043076E
:1043A00040F0BC8021463046FDF762FC3C46B389B4
:1043B00004F10807BFB2BB42686005F1080805D3E5
:1043C0002B6803F00703022B00F0AB800023AB60E7
:1043D000C8F80430B389671CBFB2BB42C0F0AC80E0
:1043E0002B6803F00703022B40F0A68021463046DD
:1043F000FDF733FC3C462874B38904F10807BFB2CB
:10440000BB4205F1110809D32B68D80606D413F076
:10441000600300F09380602B00F090800023C5F8CB
:104420001130C8F80430B389A71CBFB2BB42C0F03A
:1044300091802B68D90600F18D8013F0600302D0C3
:10444000602B40F0878021463046FDF709FC3C4652
:10445000B389A71CBFB2BB4268837ED32B68DA0640
:104460007BD403F06003202B01D0402B75D1214673
:104470003046FDF7F5FB3C46B389671CBFB2BB4233
:10448000A8836DD32B6803F01803082B68D121464D
:104490003046FDF7E2FB3C46A877B389271DBFB243
:1044A000BB425FD32B6858045CD521463046FDF7EC
:1044B000DFFB3C46B38904F110081FFA88F8434536
:1044C000286205F1240702D32B6819044DD4102269
:1044D0000021384600F0ABFBB389A71CBFB2BB423A
:1044E00051D32B68DA034ED521463046FDF7B8FB91
:1044F0003C46B289631C9BB29A42A88646D32B687D
:104500009B0343D521463046FDF7A7FB85F83600CF
:104510000020BDE8F0814FF0FF3039E74FF0FF3069
:1045200045E721463046FDF7ABFB03683C46AB60F0
:104530004368C8F804304DE7FF205CE72146304669
:10454000FDF79EFB03683C46C5F811304368C8F888
:10455000043068E74FF6FF707AE74FF6FF708BE79D
:10456000FF2099E74FF0FF30A4E721463046FDF7E2
:1045700087FB00F1100350F8042B984247F8042BF6
:10458000F9D14446A8E74FF6FF70B2E7FF20BDE738
:10459000F8B5077D83897C1CA34206460D4640D3AF
:1045A0003946FDF75AFBC3062870A4B224D1214630
:1045B0003046FDF75DFB7C1D2F46686017F8083B11
:1045C00003F01F03022B1AD00023AB607B602B7813
:1045D00003F00703022B1DD121463046FDF73DFBBA
:1045E0000134A4B22B78287403F01803082B13D0DD
:1045F000FF2068740020F8BD4FF0FF30DCE7214653
:104600003046FDF73DFB03680834AB604368A4B255
:104610007B60DCE7FF20E5E721463046FDF71DFB28
:10462000E7E78020E7E7F7B50D46017D83894E1C5B
:10463000B34204465CD3FDF710FBB1B22870A389E6
:104640008E1CB6B2B34255D32046FDF709FB314666
:10465000A3894E1CB6B2B34268804ED32046FDF704
:10466000FCFA31462871A3890E1DB6B2B34246D377
:104670002B785B0743D12046FDF7FAFA3146A38930
:1046800001F10806B6B2B342A86005F10C0704D3E5
:104690002B7803F00703022B34D00023EB607B6000
:1046A0002B7803F00703022B35D14E1C2046B6B2FF
:1046B000FDF7D3FA31462875A3894E1CB6B2B34232
:1046C0002BD32046FDF7C9FA31466875A068A68944
:1046D00008440191FDF7B1FA01990844013086427E
:1046E0001DD32046FDF7C8FAA861002003B0F0BD35
:1046F000FF20A3E74FF6FF70AAE7FF20B2E74FF0D5
:10470000FF30BCE72046FDF7BBFA03683146EB609B
:1047100043687B60C4E7FF20CDE7FF20D5E780201A
:10472000E4E7F8B5047D8389671CBB4206460D4665
:1047300017D2FF230B7021463046FDF791FA023461
:10474000A4B2B289631C9BB29A42688013D32B78BF
:10475000DB0610D521463046FDF77FFA2871002090
:10476000F8BD2146FDF779FA82072870BCB2E2D481
:104770004FF6FF70E5E7FF20F0E77047704708B598
:104780000020D4F79FF80020D5F78AFF0020CCF74F
:10479000FBFC0020CDF788FB0020FBF7E2FC0020AB
:1047A000D0F72AF80020D0F785FD0020D1F788FB4C
:1047B0000020D2F7A5FCBDE808400020D2F790BE4B
:1047C00008B50120FBF77DFA0120CDF76DFBBDE8B0
:1047D00008400120FBF7C5BC08B50220D4F72CFB2C
:1047E0000220D6F70DF90220CDF75EFB0220CFF7AD
:1047F0008FFF0220D0F75EFD0220D2F7FFFCBDE85C
:1048000008400220D3F760BE7047FCF79FB870479E
:10481000704770477047704770477047704710B5D2
:104820000446D3F79FFD2046FBF79DFB2046CEF7BD
:104830009BFF2046FBF7C8FC2046D0F7BDFA204678
:10484000FBF7FBFC2046BDE81040D2F75DBD70478A
:10485000FBF722BDFBF72CBDD1F73CBB704770477F
:104860007047704770477047704770477047704790
:10487000704770477047704708F08BB970477047B2
:1048800038B504460D46FBF7A0FC29462046BDE896
:104890003840D2F7EFBB704770477047704770479A
:1048A000D2F706BEFBF74FBCCDF728BE7047704766
:1048B00070472DE9F0419DF818409DF81C509DF877
:1048C00020609DF824709DF82CC09DF834E09DF880
:1048D0003880CDE90867CDE90DE8CDE90645CDF88A
:1048E0002CC0BDE8F041CDF71DBF70477047F7F70A
:1048F00047BEFDF746B9704730B4BDF80840BDF873
:104900000C50CDE9024530BCCDF79CBDFDF73BB95D
:10491000FDF745B90B4601461846DBF787BD7FB565
:104920000024102315461268CDE902340368CDE94E
:1049300000449E696B46B0479DF8043003F00603BF
:10494000062B05BF009B012020462B6004B070BDE4
:10495000009890420CBF06200120704710B5044615
:10496000DAF772FD08212046FAF7CEFB204610BD8B
:104970002DE9F041DDF818801F4606461546DDE9B1
:104980000834984507D1079900F0BBF818B1657154
:104990000020BDE8F0813946304600F0B2F800282A
:1049A000F6D00123C4F800802571A371F0E738B573
:1049B00015461C4600F0A5F820B108232560E360E9
:1049C0000623237138BD2DE9F04105460C461646F5
:1049D0001F4600F096F848B9032F07D823683246DF
:1049E000294620465B69BDE8F0411847BDE8F081E3
:1049F00002680346D20705D4427802B1FFDE0120E7
:104A0000587070470020704701230360704710B54D
:104A10000446DAF723FD0C212046FAF775FB204601
:104A200010BD2DE9F041DDF8188006460F46154609
:104A300090451C460BD0B0682A4639460368CDF82D
:104A400018801E6A2346B446BDE8F0416047194607
:104A500000F057F80028EED00620BDE8F0812DE9DF
:104A6000F14F0D461946814617469846DDE90A4B37
:104A7000DDE90CA600F045F890B1002D34603771E7
:104A800009DB2C44A24514BF01240624B471002084
:104A900001B0BDE8F08F0235F9D10123B371F6E71B
:104AA000544506D15946484600F02BF808B17771B5
:104AB000EDE7D9F808003A4629460368CDE90CA687
:104AC000CDE90A4BDC694346A44601B0BDE8F04F8E
:104AD00060472DE9F04107460C4615461E46FFF794
:104AE00066FF48B9B8682A46214603689F6933467D
:104AF000BC46BDE8F0416047BDE8F081704700204A
:104B00007047814208B50ED0406803782A2B0CD03C
:104B100049680B782A2B08BF013100F0A8F8B0FAD9
:104B200080F0400908BD0120FCE70020FAE72DE9EC
:104B3000F8430746884614460026D4E90195B9F1A2
:104B4000010905D52468002CF7D13046BDE8F8836B
:104B5000AB89012B07D9B5F90E30013303D02946B3
:104B60003846C04706436835E9E770B50C46B1F9E9
:104B70000E1096B0154600291E460CDAA3890021B6
:104B800013F0800F14BF40234FF480630020316086
:104B90002B6016B070BD6A46DBF712FC0028EDDB17
:104BA000019901F47041A1F50053594259414FF464
:104BB0008063EBE70139034610B532B111F8014FBC
:104BC000013A03F8014B002CF7D11A44002193421B
:104BD00000D110BD03F8011BF9E70139024410B5FB
:104BE000904201D1002005E0037811F8014FA34263
:104BF00001D0181B10BD0130F2E7884210B501EB5F
:104C0000020402D98442234607D8431EA14208D099
:104C100011F8012B03F8012FF8E7024401468A42FC
:104C200000D110BD13F8014D02F8014DF7E7024421
:104C30000346934200D1704703F8011BF9E7704720
:104C4000704770470A44431E914200D1704710B527
:104C500011F8014B914203F8014FF9D110BD034601
:104C600013F8012B002AFBD1181A0138704710F8ED
:104C7000012B11F8013B012A28BF9A42F7D0D01A24
:104C80007047B1F90C202DE9F041170705460C4695
:104C900056D44B68002B02DC0B6C002B3DDDE66A22
:104CA000002E3AD0002312F480522F68216A2B6024
:104CB00025D0626DA389580705D56368D21A636B46
:104CC0000BB1236CD21A216A0023E66A2846B0474A
:104CD000411C24D00023636023692360A389DA0484
:104CE00000D56065616B2F60B9B104F1440399424E
:104CF00002D02846FAF70DFA002363630DE0012382
:104D00002846B047461C0246D4D12B68002BD1D090
:104D10001D2B01D0162B2AD12F6000202EE02A68EF
:104D2000B4F90C3042B11D2A01D0162A21D100233A
:104D3000636023692360D5E7626022692260CEE761
:104D40000F69002FE9D093070E680F600CBF4B6905
:104D50000023A6EB07088B60B8F1000FDDDD4346AA
:104D60003A46216A2846A66AB047002808DCB4F90A
:104D70000C3043F040034FF0FF30A381BDE8F081D9
:104D80000744A8EB0008E7E738B50B6905460C4671
:104D900013B90025284638BD18B1036A0BB9DBF7F3
:104DA000F7FAB4F90C30002BF3D0626ED00704D4BC
:104DB000990502D4A06DFFF743FF28462146FFF76F
:104DC00060FF636E0546DA07E4D4A3899B05E1D44E
:104DD000A06DFFF736FFDDE710B50C46B1F90E10F8
:104DE000DBF754FB0028ABBF636DA3891B1823F4CA
:104DF0008053ACBF6365A38110BD2DE9F0411F4610
:104E00008B8905460C46DB05164605D50223002294
:104E1000B1F90E10DBF728FBA3893246B4F90E1066
:104E2000284623F48053A3813B46BDE8F041DBF7DD
:104E30003FBB10B50C46B1F90E10DBF715FB431C58
:104E4000A38915BF606523F4805343F48053A38185
:104E500018BFA38110BDB1F90E10DBF7F5BADCF76E
:104E6000B5B838B504460D4600F097F850B129465C
:104E70002046E1F769FE30B929462046BDE83840B2
:104E8000DCF76CB80E2038BDDDF76EB908B5E1F778
:104E900085FC18B1BDE80840DFF786BF08BD70B5D6
:104EA00016460C4607F081FC314605462046DFF7E2
:104EB000DFFA0446284607F073FC204670BD00F078
:104EC0002CB970B504460E46DCF78AFFDDF7DEFF2D
:104ED000D4F8F0503DB1002331462046AC46BDE841
:104EE00070401A4660472B4601223146204600F0AA
:104EF0004CF9284670BD38B5044648880D46DDF7A4
:104F0000C5FFD4F8F0302BB929462046BDE838401B
:104F1000DCF7DAB9022038BDDDF7CABF00F04FB9BF
:104F2000DBF7B6BEDEF784BA07B5ADF80630134638
:104F30000DF1060200F08DF920B9BDF8060003B0AE
:104F40005DF804FB0020FAE700F0B3B9DDF796BE88
:104F5000C0F8EC1000207047DCF7D4BB70B51446E5
:104F600005460E4686B0122200210DF10600FFF71D
:104F70005EFE2368694628460093ADF8046000F0A1
:104F800064F9009B236006B070BD10B4BDF8044006
:104F900001945DF8044B00F087B80346408A18B1CD
:104FA000188A003818BF0120704700F0C3BADEF736
:104FB000FFBC0847022A01D800F017BA2120704729
:104FC000022A01D800F022BA21207047022A01D813
:104FD00000F02EBA21207047DDF740BA0846DDF711
:104FE0005BBADDF7A5BA002070470020704701309A
:104FF00001D1DEF771BF212070477047D0F894309F
:1050000003F06003402B0DD0602B03D0203B5842AF
:105010005841704749B10B68012B06D9486940F0E7
:105020000100704740F20110704700207047F7B54B
:1050300004461046D4E954C7DDE908268CEA020587
:1050400087EA06010540194085EA0C057940C4E964
:105050005451002523F4004106EA010320F0010029
:1050600043F40073024043F00203CDE90055E0F73A
:10507000C9F994F824309A0713D5D4F854319B0514
:105080000FD54FF48811204600F05DFC94F82430D1
:10509000024665F3410384F8243020460B46DBF7D3
:1050A00013FE002003B0F0BDF0B587B01C461746D4
:1050B000BDF830601AB90024204607B0F0BD002BBF
:1050C000F9D00029F7D001AADDF7D8FD0028F2D0E9
:1050D000BDF80630A2199A42BDF80850C4BF9B1B08
:1050E0009CB2B54212D90399AD1BADB23144A54271
:1050F0000391ADF808500DD22A463846FFF7A2FDBD
:105100000499621B7819FFF79DFDD5E70499761B7A
:105110003144049122463846F5E70846DFF714B9D2
:105120000220DEF72FBC08B5D0F8E4304BB11A6886
:10513000022A06D993F825204AB1186AB0FBF2F08A
:1051400008BD40F602424C210020E1F749FD002055
:10515000F6E7D0F8E42008B57AB11368022B0CD931
:10516000536A13F47F4FC3F3072106D0126ADBB2F0
:1051700053438B42B3FBF1F006D2002040F62142AC
:105180004C21E1F72DFD002008BDF7B504460F4680
:10519000694616461D46FFF7C1FE9DF800103A46C7
:1051A0002046C7F79BFA01462EB92A462046DCF76F
:1051B000F9F803B0F0BD2046DCF720F9F9E7034623
:1051C000D0F830010860B3F8343100208B8070478C
:1051D00090F830310C2B14BF90F82B00FF20704753
:1051E00038B50C464FF400610546E1F707FA70B197
:1051F0007CB195F81E3173B94FF480724FF4807111
:105200002846E1F7E7F9003818BF012038BD22022F
:10521000F4E72246F2E70020F8E74FF48071E1F767
:10522000EDB908B54A024FF40071E1F7D3F9002057
:1052300008BD08B58A024FF48061E1F7CBF9002080
:1052400008BD4FF40071E1F7D9B9062300208B7136
:1052500070472DE9F0410D4615F003080746144646
:10526000194623D112B310883F281FD9B0FA80F015
:10527000C0F11902D2B2062A01D8192814D0062A80
:1052800028BF06220126931DDBB29E40B6B2B14272
:1052900028BF314628462680DDF7A0FA23883D62E4
:1052A000BB824046BDE8F0814246EBE74FF0210863
:1052B000F7E7F8B511F0030607460D46144621D16D
:1052C00002B313883F2B1DD9B3FA83F3C3F119013D
:1052D000C9B2062901D8192B12D0062928BF0621E8
:1052E00001238A1DD2B293402846238000F003F99F
:1052F00023883846FD617B82DDF782FB3046F8BDAE
:105300003146EDE72126F9E738B5148811F0030599
:105310004FEAC4041ED13F2C1CD9B4FA84F4C4F162
:105320001903DBB2052B01D8192C11D0052B28BF8E
:10533000052301240633DBB204FA03F3C3F3CF04DD
:105340001480816104824387DDF75AFB284638BD0B
:105350002B46EEE72125F9E710B514460846012152
:10536000DEF7C4FE2046BDE810400121DEF7BEBED8
:10537000F8B504460E46174607F017FA3A460546B2
:1053800031462046DFF7A2F90446284607F008FA1E
:105390002046F8BD0220704703207047DEF7EABAC6
:1053A00010B50023DCF72AFD044608B9E0F75EFAE1
:1053B000204610BD70B504460E46154600F0AEF806
:1053C0003146204600F06BFA00F0A8F82946204646
:1053D000DBF7B4FC00224FF400312046E1F7FAF885
:1053E000002070BD8021E1F709B97FB5531C05AAE3
:1053F000ADF81410029202210022DBB2CDE90021A7
:105400001146E1F705F907B05DF804FB7FB5531CC1
:1054100005AAADF81410029204210222DBB2CDE9F4
:10542000002100220121E1F7F3F807B05DF804FB49
:105430001FB5531C029100220821CDE90021012251
:10544000DBB21146E1F7E4F805B05DF804FB38B5CE
:105450000546DBF76DFC04462846DBF747FC0728CA
:1054600011D1D5F8E03024F47F41DB6921F0080147
:1054700003B15B7841EA032141F020012846BDE8F1
:105480003840DBF75BBC24F02001F7E770472DE9DB
:10549000F74F01251C469DF83030064601930368FE
:1054A000174603F0070306339D4005F1FF380B460E
:1054B000A1B1416804EA080BA5EB0B0A41F00059C1
:1054C000524509EB0B0114D952461846FFF7BAFBB7
:1054D00049467A1B5A445044FFF7B4FB019B2BB159
:1054E0003C4448EA050804EA0804F46003B0BDE857
:1054F000F08F1846F0E74FF03A4301225A6741F621
:10550000FF72D96418651A67704737B500251446CD
:105510000095FFF7BCFF204603B030BD08210120F5
:10552000DDF766BC10F0FD0F14BF4FF0FF30002018
:10553000C0B2704708B5DEF785FBBDE80840DEF76E
:10554000A9BB38B50446FFF7F5FF0546FFF7F2FFA4
:10555000431BA342FAD338BD38B50D460446DEF7E7
:1055600071FB35B1844200D90139204601F00301B5
:1055700038BD844238BF0131F7E708B50121FFF794
:10558000EBFFBDE80840DEF785BB08B521B192000E
:10559000FFF758FB002008BD2120FCE700F06F4317
:1055A000B3F1804F02D0B3F1204F02D120F0704010
:1055B000704700F06043B3F1204F08BF20F08050E7
:1055C00070470B0C23F48053B3F5284FF7B50D4605
:1055D0008FB2064699B216D04AF60103994214D00A
:1055E0004AF60203994212D0B1F5204F14BF0424A9
:1055F0000324D6F8E0300BB1196851B9D6F8DC3085
:1056000093B928680EE00024F3E70124F1E70224AF
:10561000EFE7234668463A46DEF7AAFBDDE90003DA
:10562000002BEBD103B0F0BD19680029E9D0234667
:1056300068463A46DEF79CFBDDE90003002BE0D12B
:10564000F0E708B5F8F743FB08BD0204C0F389137F
:1056500007D56FEA83536FEA935313F5007F18B2AF
:1056600006D0A3F1C8006FF4FF739842B8BF184684
:1056700070470020DEF7DEBE0120DEF7DBBE00EB68
:105680008023C0EB831353FA81F303EB8322C3EB34
:105690008213C1F30722134403EB8322C3EB82136B
:1056A000C1F30742134403EB8322C3EB821303EBE2
:1056B0001160704738B50D46144604B938BD55F829
:1056C000041BFFF7DCFF013CF7E70E207047E0F713
:1056D000D5BAE0F7D3BAE0F7D1BAE0F7CFBA08B558
:1056E0000846E0F7E3FE08BDE0F7C8BA00228A42A8
:1056F00002D14FF0FF30704750F8223093FAA3F3F5
:105700000BB90132F3E7B3FA83F000EB42107047B4
:10571000022070470020704701207047002070472A
:10572000002070470120704700207047DCF7B4BDAF
:1057300008461146012200F088B870B505460C46AF
:1057400011461A46E0F7DAFF06682B462046B446B3
:10575000BDE87040604710B5E0F7D0FFBDE81040ED
:1057600083681847FFF71CBEDCF766BCFFF779BB00
:10577000DCF70AB94942FFF7FBBF70B504460D4696
:1057800016464FF4881100F0F3F8324629462046B9
:10579000BDE87040DCF77ABF7047431E012B03D988
:1057A000031F58425841704701207047DDF72EBB58
:1057B0004FF4D8720021FFF73ABA70B50446DCF70F
:1057C0008DF90546A8B9A169F1B1238AD3B1204664
:1057D00004F11002FFF798FD48BBE16929B3638A21
:1057E000A3B1204604F11202FFF763FD78B105462C
:1057F00003E00023A3612361E36100232846636182
:10580000236270BDA061E8E72082E6E7E361216AD8
:105810000029F2D0A38A002BEFD02046E38A04F1BE
:105820001402BDE87040FFF714BD6182EFE76582A6
:10583000E561DCE721B1CB6813B18B68D88970478B
:105840004FF6FF707047DBF759BA10B50C4611469A
:10585000DBF77AFADCF720FD012801D1002010BD2A
:10586000002CF7D10520FAE7FFF75DBCFFF771BC0C
:1058700070B500232425D0F8DC00C4689C4201D117
:10588000212070BD826805FB0322D6898E4202D892
:10589000128A8A4201D20133F0E70020F1E7F8B51D
:1058A00006460D46E0F79AFFD8B94FF6FF734FF062
:1058B000240CEF68C1B28F4208D81C4621463046FE
:1058C000E1F742F9DDF72AFB2046F8BDAA680CFB98
:1058D0000122D4899C4202D2002CEFD02346013011
:1058E000E8E70024F0E7C08D70470A7838B5054630
:1058F0001046FFF752FF60B14C782046FFF74DFF8E
:1059000038B12243530704D42846BDE83840DBF7BA
:10591000A3BC212038BD10B504460878FFF73DFF31
:1059200058B14A781046FFF738FF30B1042A04D046
:105930002046BDE81040DBF7ADBC212010BDFFF7CD
:1059400076BBDBF787BF38B505460C4606F02DFF62
:10595000D5F890301C40D5F88C302343C5F88C30F6
:1059600006F01EFF211E18BF01210020490238BD8C
:1059700038B504460D4606F018FFD4F890301D40A7
:10598000D4F88C3023EA0505C4F88C5006F008FFE3
:10599000284638BD38B504460D464FF48811FFF748
:1059A000E7FF29462046BDE83840DCF797BE73B5CF
:1059B0000D7806460C4635B304238DF80430237960
:1059C000304601A98DF80530FFF7A5FF0546B8B9A7
:1059D0002278A37952BB8DF80430E379304601A9CF
:1059E0008DF80530FFF781FF054648B923783BB1B4
:1059F00061883046DBF74CFE01213046FFF7F0FBB3
:105A0000284602B070BD2946FFF7EAFB294630461A
:105A1000FFF707FC29463046FFF70BFC2378002BE5
:105A2000CAD123798DF804306379C9E702228DF851
:105A30000420D3E7FFF7F5BBFFF703BC0020704756
:105A4000704710B50446E1F717F921460020E1F749
:105A50006BFFBDE81040002000F03CB9704701200A
:105A6000704708B5E2F766FD80F00100C0B208BDDE
:105A7000FFF79BBA70470020704710B50C4606F040
:105A8000AFFB048010BD38B50C46154606F0A8FBE8
:105A900003881DB11C43A1B2018038BD23EA040173
:105AA00089B2F9E708B506F09BFB008808BD08B588
:105AB00006F096FBC07808BD08B506F091FB00889B
:105AC00000F00C0008BD08B506F08AFB008800F065
:105AD0000C00031F5842584108BD38B5054606F072
:105AE0007FFB04462846FFF7EEFF30B904F11000B3
:105AF00007F089F800F4406038BD4FF40060FBE720
:105B000038B5054606F06CFB04462846FFF7DBFF78
:105B1000014648B910342046042206F0A1FA204478
:105B2000BDE8384007F06FB8A08838BD10B50C4606
:105B300006F056FB848010BD38B5054606F050FBD4
:105B400004462846FFF7BFFF014608B1201D38BDB7
:105B500010340422204606F083FA2044F7E738B5D3
:105B6000054606F03DFB04462846FFF7ACFF30B97A
:105B700004F1100007F047F800F4404038BD4FF43E
:105B80000060FBE738B5054606F02AFB04462846C8
:105B9000FFF799FF014648B910342046062206F067
:105BA0005FFA2044BDE8384007F02DB8A08838BD22
:105BB00038B5054606F014FB04462846FFF783FF78
:105BC000014608B1201D38BD10340622204606F0DB
:105BD00047FA2044F7E708B506F002FB007A08BD53
:105BE00008B506F0FDFA90F9090008BD08B506F001
:105BF000F7FA807A08BD08B506F0F2FAC06808BD69
:105C000010B50C4606F0ECFA047210BD10B50C4647
:105C100006F0E6FA447210BD10B50C4606F0E0FA44
:105C2000C46010BD2DE9F8430F468046002107F1FE
:105C300010001646994606F047FB0446D0B106F020
:105C4000CFFA0546204606F0E7FA0021024628462C
:105C5000FEF7EDFF00232046AB7049F00401FFF78B
:105C60000CFFA5F804802EB13A46314605F110002C
:105C7000FEF7E8FF2046BDE8F883F8B505460F4675
:105C80001020002106F020FB0446B0B106F0A8FA6F
:105C90000646204606F0C0FA002102463046FEF7CE
:105CA000C6FF002339462046B370FFF7E6FE25B154
:105CB0002A460121204606F0DFFA2046F8BD08B545
:105CC00006F08EFA103008BD08B506F0A5FA1038B7
:105CD000C0B208BD0020E1F753BD70B51D469DF868
:105CE00010300C46002B10460A4614BF08218821AC
:105CF000059EFFF7C2FF024640B100202B46214619
:105D0000CDE90460BDE87040E1F7C8BD012070BD79
:105D100008B5E1F78DFF002008BD4088C0F30C00F6
:105D20000330800840000430704770B50E460546C9
:105D30001146304606F0C8FA044635B128B106F0DF
:105D40004FFA32462946FEF758FF204670BD0088BC
:105D5000B0FA80F04009704738B505880022044643
:105D600007F02DFD05B1258038BDF8B507460D4675
:105D700000880021164606F06BFAB042044605D1B1
:105D800029463846BDE8F840FFF7E6BF0021204627
:105D900006F05EFAB04205D02046002106F058FA1F
:105DA0000446F3E72A462046002106F065FA32460B
:105DB0002846BDE8F840002106F05EBA38B5044632
:105DC00038B1002107F0F5FC002301465D1C09B93C
:105DD00098B238BD204607F010FD2B460146F5E786
:105DE000F8B5058807467DB1CCB22146284606F0B5
:105DF0002FFA8542064609D100233B800022214626
:105E0000304606F039FA35462846F8BD214606F0F8
:105E10001FFA21460246284606F02EFAEEE72DE943
:105E2000F04707888246884614465FB3384606F036
:105E3000F3F93D460646E4B22146284606F008FA44
:105E40004045814616D1214606F002FA2146024617
:105E5000284606F011FA474504D1454508BF0025FC
:105E6000AAF8005000222146404606F005FA3046C6
:105E7000BDE8F0878742FAD006F0CEF930444D46AF
:105E800086B2D9E73E46F2E700220123C0E90023AB
:105E90007047F8B504460127002606F093FC2368F6
:105EA0003BB906F08AFC00226368012B0ED16360C7
:105EB000F8BD1D691F61266006F07FFC012DF2D040
:105EC0002B462D691E61012DFAD1E6E719691A6189
:105ED0000B46EAE7036823B94068012803D0E2F7DC
:105EE000C9BB002070474FF0FF307047F8B505463A
:105EF00006F063FD012306460027A8602B7306F019
:105F000061FC2B6802467BB11C692169A1420CBF70
:105F10002F6019612761104606F04FFC012C08D054
:105F2000204663689847EAE76C68012C04D106F0C4
:105F300044FC00232B73F8BD6169711AB1F1004F65
:105F4000F5D8216969602361E5E770470020704753
:105F50000144884201D10120704710F8013B93426F
:105F6000F7D0002070470821FCF756B870B50146FD
:105F7000064692B00020E1F7ADF8044670B9FCF790
:105F800047F8054601466A462046E1F7EFFB6A46B8
:105F9000294620468DF80260E1F798FE204612B0AF
:105FA00070BD00B593B0FCF733F86A460146002097
:105FB000E1F7DCFB9DF9020013B05DF804FB00B5CE
:105FC00093B0FCF725F86A4601460020E1F7CEFBC6
:105FD0009DF8000013B05DF804FBE1F78BBB7FB5C3
:105FE0004FF6FF7101AAE2F7FFFD20B1BDF80C00EA
:105FF00007B05DF804FB4FF6FF70F9E708B507F04E
:106000003BFC003818BF012008BD08B51046E4F776
:10601000F9F9BDE80840E4F7B3BA70477047704734
:10602000704770477047002100B593B06A46084634
:10603000E1F79CFBBDF8060013B05DF804FB0021FE
:1060400010B592B004466A460846E1F78FFB00217E
:106050006A460846ADF80640E1F738FE12B010BDBA
:10606000002100B593B06A460846E1F77FFBBDF812
:10607000040013B05DF804FB002110B592B0044693
:106080006A460846E1F772FB00216A460846ADF809
:106090000440E1F71BFE12B010BD70472DE9F74335
:1060A0000F4601218146164606F0D2F8054658B142
:1060B00002F011F9308088B9284606F0ADF868B1D1
:1060C000192003B0BDE8F083484606F0A5F8FF2F7D
:1060D000A0EB0704E4B214D014B934800020F0E738
:1060E0002A4621462846FFF720FE80460028E7D0B2
:1060F0003B464A462946009402F0FCF8A6F8008088
:10610000ECE70120DDE708B5FFF7D9FD437803F0A0
:1061100001001A074CBF10300830DB0644BF0830BE
:10612000C0B21030C0B208BD10B50C4606F074F80D
:10613000A04234BF0020012010BD7FB5144600915D
:10614000024641F2092141F609209DF820601D46D2
:10615000002E18BF0146099B0020E3F763F8ADF855
:106160000E0010B9002004B070BD01232A4621465C
:106170000DF10E00E2F7E6F90028F3D1BDF80E00AC
:10618000F1E738B50546FFF7BEFF04462846FFF79E
:1061900096FD43785B0707D521462846F2F77EFB3C
:1061A000013004EB4004E4B2204638BD1FB5ADF821
:1061B0000E0006F031F80446BDF80E00FFF7E1FFCF
:1061C00000F10E03DBB2E4B2BDF80E200146E01A86
:1061D00080B20090104602F08DF8A4F10E0189B251
:1061E0000DF10E0002F05EF804B010BD42780346D7
:1061F00012F0080006D0D20702D403F1080070475D
:1062000003F10900704737B505460C46FFF757FD07
:10621000437813F0100212D09CB103F001021B0767
:106220004FF000032946009320464FF0080354BF67
:106230001832203207F05AFB012003B030BD10465F
:10624000FBE72046F9E773B505460C46FFF737FD37
:10625000437813F0100211D094B1012603F001022B
:106260001B0729464FF00803204654BF183220323E
:10627000009607F03BFB304602B070BD1046FBE7CE
:106280002046F9E700F00303012B08D0C30606D42B
:1062900000F00C000C2814BF0820092070470220D1
:1062A0007047034611F0030005D003F00303022BEF
:1062B00014BF022003207047F8B507460D46F2F7D9
:1062C000EDFA0646FFF7DEFF330604460AD541190C
:1062D00089B23846F2F7E2FA01463046FFF7E1FFAD
:1062E0000444E4B22046F8BD70B506460D46FFF7FB
:1062F000E3FF294604463046F2F7D0FA82060FD56E
:106300006119304689B2F2F7C9FA00F01803082B78
:1063100014BF05340634E4B2830644BF0834E4B243
:10632000204670BD38B50546FFF72BFF04460146F1
:106330002846FFF7D9FF2044C0B238BD2DE9F0430D
:1063400087B005460C46FFF7BAFC804606F05BFCBA
:1063500007462846FFF715FF064601462846FFF781
:10636000ABFF0022034600922946324602A807F0FE
:10637000BDFA9DF8086006F00C030C2B06F003092B
:106380000BD0B9F1010F59D0F10657D49DF809305F
:106390000DF10A050020637107E0FF230DF10900EC
:1063A000637106F030FC0DF10B05208198F8013087
:1063B000DA0704D508F1020006F025FC2081B9F1C6
:1063C000010F5FFA89F83DD0F3063BD4284606F06A
:1063D0001AFC6080A81C06F016FC053515F8013C77
:1063E000208023712B78B006A37206F0400348BFCB
:1063F00043F02003390627D543F40073F80448BF5F
:1064000043F48063390548BF43F400633206E380F8
:1064100011D56A7812F003020DD06FEA43436FEA98
:106420005343A978B8F1020FE3800B4611D1EB7802
:1064300041EA0321218107B0BDE8F083FF230DF17C
:106440000905A7E7FF23CCE77A0648BF43F480732A
:10645000D4E7012A04BF0B029BB22381EBE7F0B51E
:1064600087B09DF83C40BDF84070BDF844C0029430
:1064700005460E9C084611461A46BDF83430CDE953
:10648000037CCDE90034BDF830309DF84860E3F777
:1064900027F8044670B10146002310220120F8F7C6
:1064A00079FF40B132462146284607B0BDE8F040AA
:1064B000E3F782B8192007B0F0BD70B50646E3F7E0
:1064C00045F804463046E6F7EFF822460346002139
:1064D0003046F1F777FD0546C0B1FFF7F0FB044603
:1064E000284605F07DFEE21D121A002329460820E9
:1064F000D2B2F8F74FFF0138C0B2012806D82946BA
:106500003046BDE870400122E3F756B870BD13462F
:1065100010B50A4600210446F1F72EFD014628B1C8
:106520002046BDE810400222E3F746B8012010BD26
:1065300007B5009313460A460021F1F797FC28B1EE
:10654000002103B05DF804EBEFF752BA012003B06D
:106550005DF804FB2DE9F04F85B00C4690460746E8
:10656000FFF7AAFA0546661C304606F04CFB042DE0
:1065700040F08A803846FFF7A2FB0378092203F037
:106580000303012B4FF00101204614BF4FF0020B13
:106590004FF0030B05F064FD09220021054620465B
:1065A00005F05EFD21788DF80F00013900222046AC
:1065B00089B2FFF7BAFB04EB08098246D0B12A463C
:1065C00001460DF10F035846F8F7E4FE0228054690
:1065D00026D1504605F020FE00222070C0B2431E96
:1065E00000929BB201225146304607F07FF9237892
:1065F000013323703846FFF755FA020424D499F882
:10660000013021789B071FD50139A1EB08013A46DB
:106610004846C9B2E7F7FAFD23781844207013E022
:1066200020B92070284605B0BDE8F08F032809D1B5
:10663000484606F0E8FA20F4007189B2484606F0B0
:10664000E4FAD7E70428D5D1012500222046217895
:10665000FFF76BFB07460028E4D000230146012228
:106660001846F8F797FE022819D1384605F0D4FDF0
:106670000022C3B2013B207039460092304601220D
:106680009BB207F033F9CDE780F0800520F0800061
:1066900081B23046C5F3C01506F0B7FAD5E7002839
:1066A000C0D12070BEE708B50020FFF7DAF980F00E
:1066B0000100C0B208BD0A4608B501460020E2F755
:1066C0007BFFB0FA80F0400908BD0020E1F726BC4E
:1066D00000210846E1F7D8B80020FFF7C0B970B52F
:1066E000044606F090FA042200210646204605F0F2
:1066F000B7FC204406F087FA032205460021204615
:1067000005F0AEFC204406F07EFA4FF6FF7305401C
:10671000ADB29D4214D1F30712D5062200212046C6
:1067200005F09EFC204406F06EFA0446E2F7E2FF14
:10673000844214BF02240624E2F7D6FF204070BD35
:106740002046F9F709F9C400E4B2F5E708B5FFF708
:10675000C6FF003818BF012008BD01207047012086
:10676000704700221A210320E5F7F4B9F4F724BAA0
:1067700010B50446F4F7B2FB08B9F4F7B5FB03050E
:106780000FD40C231B2B01D1002009E020FA03F1C8
:10679000C90703F1010206D5DBB2E31A584258419A
:1067A00010BD0B23F9E71346ECE710B50C4609883A
:1067B00019B90846F1F7C0FB2080012010BD08B5CB
:1067C000F1F75EFF002008BD08B5104600F0ECFAB6
:1067D000BDE8084006F0A8B970B504460D46164657
:1067E00092B06A46E0F7C2FF6A46294620468DF815
:1067F0001F60E1F76BFA12B070BD00B593B06A4646
:10680000E0F7B4FF9DF81F0013B05DF804FB10B56E
:106810000C46E3F7CDFC2046BDE81040E3F7DEBBB5
:106820000129F8B505460C461DD003291ED00529BF
:1068300020D0072922D00026002400270120E0F7DD
:10684000D9FE304485421DDA0320E0F7D3FE204410
:10685000854219DA0520E0F7CDFE38448542B4BF01
:1068600007200520F8BD6FF00406E5E76FF004048B
:106870000526E2E700266FF00407DFE7002405277E
:106880002646DBE70120EDE70320EBE738B50546B8
:1068900000242046E0F7AEFE0134A842E4B202D95B
:1068A000062CF6D10724204638BD38B1437949007B
:1068B00023F00C0301F00C010B434371704710B53A
:1068C000044678B141794088490801F00601013158
:1068D000000AFFF7A5FF024601462046FFF7E5FF45
:1068E000104610BD0722FBE738B50D46E3F74EFC16
:1068F000044608B9002038BDFFF7E1FF002DFAD1AA
:10690000237913F00703F5D0984238BF1846C0B278
:10691000F1E7037923F00703194301717047037905
:1069200003F00F0343EA0113037170470022E3F7FA
:10693000D1BF0021012208B5E3F7CCFF401A18BFF0
:10694000012008BD38B51546FFF7F0FF044628467C
:1069500006F0A8FF84B1FF2804D0626822FA00F391
:10696000DB0701D5012038BD012383401343636059
:10697000E3780133E370F5E72046F4E7E4F71EBA65
:1069800010B505F02DFC00F11004204606F03BF98F
:1069900020F4007189B22046BDE8104006F035B9F8
:1069A0000146102307220120E1F7F2BE2DE9FF4145
:1069B0001546019101218DF80D301B0A8DF80E301E
:1069C0009DF82C308DF80C008DF80F3028460423EC
:1069D000009103AA9DF828809DF830709DF83460DE
:1069E000FFF7ABFB044670B12946FFF79FF8B8F1FB
:1069F000000F02D12046FFF7C3FF2FB146B9314641
:106A00002046EEF7F5FF0024204604B0BDE8F081F3
:106A1000002220461146E4F753F9F4E74FF47A7068
:106A2000E4F7A6BAF0B5064687B010461C460F46F6
:106A30001546FFF744F99DF83030184443789CB16F
:106A40006178012211F0020F0CBF03210021002008
:106A5000CDE90142CDE903100722394630460095C1
:106A6000E4F722FB07B0F0BD22462146EFE708B568
:106A7000E1F714FEBDE808400020E4F751BD1FB562
:106A800004466846FFF78CFF54B100238DF80530AB
:106A90001023072269460020E1F77AFE04B010BDFA
:106AA000FFF7C1FAADF80600FFF7DAFAADF800001B
:106AB000EEE700B58BB06846FFF772FF009BBDF8AC
:106AC000060004A90693E4F7DDF90BB05DF804FBBA
:106AD0001FB504466846FFF763FF02AB03CB206097
:106AE000616004B010BD1FB5062304468DF80C305C
:106AF000E4F788FE00238DF80D00CDE90033012175
:106B00000223204603AAFFF718FB04B010BDF8B516
:106B10000E460746FFF7D3F8054606F074F800F472
:106B20004040B0F5404F14BF0022062202F10A0394
:106B3000EB5C0B325C0004F00E045B08144403F0C1
:106B4000380338461C44FFF7BFF8844208D2001BC4
:106B5000C2B20F2A28BF0F2230462919FEF772F859
:106B60002046F8BD13B5EFF7E5F96946044601F094
:106B700060F858B1FFF757FA40B1E1F785FE28B148
:106B80000023022269462046ECF7CCFD02B010BD7E
:106B9000FF224FF6FF71E6F7F9BD37B505460C4603
:106BA0000823092269460120E1F7F2FD15B19DF89D
:106BB00006302B700CB1009B2360BDF8040003B0BD
:106BC00030BD07B500210DF10700FFF7E6FF9DF886
:106BD000070003B05DF804FB07B508238DF8060035
:106BE000ADF804100092694609220020E1F7D0FDBB
:106BF00003B05DF804FB13B5044601A90020FFF7BC
:106C0000CCFF019A01462046FFF7E6FF204602B07E
:106C100010BDF0B50F46002187B004460846164661
:106C2000FFF7BBFF012305460DF10A008DF8084070
:106C30008DF80930FFF74CFF092C1DD131460DF1BD
:106C4000120005F0E2FF05AB002102AA9B1A2846BC
:106C5000CDE90011DBB26421FFF76FFA0546E0B120
:106C6000092C15D1E6F758FF044688B12846E6F707
:106C700067FF204607B0F0BD31460DF113008DF8D7
:106C800012704FF6FF7505F0C0FF0DF11503DBE73D
:106C9000284600F02EF80446EBE70446E9E77FB506
:106CA0000D461646ADF80E0005F0B6FA841BE4B2A8
:106CB000BDF80E20631B9BB2104629460093731942
:106CC00001F018FB21460DF10E0001F0EBFA04B0C3
:106CD00070BD38B504460D4606F001FE40B1AC4229
:106CE00006D0204605F09CFCBDE8384001F034B8E1
:106CF00038BD10B50446FEF7E2FF023005F083FF11
:106D00004FF6F7739842204603D9BDE81040E7F7E5
:106D10009FB8E7F7E9F8B0FA80F0400910BD00220B
:106D2000E6F7B4BF70B50546FEF7C9FF064628462C
:106D3000FFF727FA01462846F1F7B0FD044628463A
:106D4000FEF7DEFE4FF6F773984208D8337803F06B
:106D50000303012B05D1A31E5842584170BD0120E9
:106D6000FCE70020FAE741F2033330B585B00D4669
:106D7000ADF808300446FFF756F98DF80A00FFF722
:106D800052F90021000A8DF80B0005232046CDE9B9
:106D9000001102AA8DF80C50FFF7CFF910B121466F
:106DA000FFF7BDFF05B030BD70B504460D46D9B143
:106DB0003F294FF0000600D135462046FEF77CFE05
:106DC000082813D10121204605F042FA064605F0B5
:106DD00023FA0446304605F003FA2A460146E0B29B
:106DE000BDE87040D5F7C4B90126E6E72046FEF7B6
:106DF00063FE024630B9BDE870404FF6FF710120D6
:106E000005F0CABE2046FEF768FEB0F5006F0ED151
:106E10002046FEF775FE4FF6FF739842014617D0E5
:106E2000002D0CBF03200520002205F0B5FE2946E9
:106E30002046E4F703F868B929462046E8F7D8FC6D
:106E400040B9324629462046BDE87040E7F706BB08
:106E50000120E9E770BD37B54FF6F675FBF7DAF8B4
:106E6000431E9BB2AB420446F8D8E3F78FF90028E3
:106E7000F4D169462046E2F73FF90028EED02046DB
:106E800001F038F80028E9D12046FFF752FD00282C
:106E9000E4D12046E8F714FD0028DFD1204606F0B3
:106EA0001EFD0028DAD12046F2F746F90028D5D198
:106EB000204603B030BD73B504460E46E8F700FD2A
:106EC000054688B92046E8F755FD21462B460D2298
:106ED0004FF6FD70009500F056F83146204602B09E
:106EE000BDE87040E8F708BD02B070BD37B5054693
:106EF00014460C2914D8DFE801F02C132C131313BB
:106F000007131313132424006946E2F7F5F818B9A0
:106F100001216846ECF7CCFF41202946F3F706FA39
:106F2000D4B12046FEF7CBFE023005F06CFE4FF6E2
:106F3000F773984210D9204603B0BDE83040E7F718
:106F40009DB940F6144040F613430B2908BF18467C
:106F5000E3E7F0F76FFBE3E703B030BD1FB503468F
:106F6000084603218DF80D308DF80C100123002107
:106F7000ADF80E20CDE9003103AA0423FFF7DDF8B8
:106F800005B05DF804FB2DE9F34106460F461446B3
:106F90001D469DF82080FFF746F8B04207D1002239
:106FA0002146384602B0BDE8F041FFF79FBF3A46A0
:106FB00031462046FFF7D2FFADF8060060B10D2C38
:106FC00005D100224FF6FF71282005F0E5FD35B907
:106FD000BDF80600FFF78DFE02B0BDE8F081012389
:106FE000424629460DF10600E1F7ACFABDF806303D
:106FF000002BEDD1F0E7F7B50C460546FEF75FFE36
:10700000611C06462846F1F749FCA11C07462846A4
:1070100001F083F9014604463846D4F707FD0D2FE9
:1070200034D12046E8F74CFC78B1301D05F0EBFD7B
:1070300004462846F679FEF7A5FD3146024620466D
:1070400003B0BDE8F040FFF77DBCB01C05F0DBFDF0
:107050004FF6F773984202D92846E7F70FF9204612
:10706000E8F788FCFEF7DFFFA04205D1002003B05F
:10707000BDE8F040E8F7C2BC6B46B068F16803C3F6
:1070800069462046E8F738FC03B0F0BD2A46394689
:10709000204603B0BDE8F040FFF728BF14220021CE
:1070A000FDF7C5BD2DE9F04F11F00F0704460E4660
:1070B00015468FB05CD10120D5F744FF09A8D5F75C
:1070C000E9FE092309A88DF82430D5F7EFFE09A8B9
:1070D000D6F750F901A909A8FBF73FFD26F00F08E4
:1070E000A84404F1100904F10F0A454511D12369A0
:1070F00001A93344236109A8FBF710FD0020D5F74F
:1071000021FFB6F1005F28BF272738460FB0BDE842
:10711000F08F05AA234696469446186859680833A6
:10712000ACE803004B456246F6D12B46224605F1FA
:10713000100B53F8041B5B4542F8041BF9D1714650
:1071400009A8FBF7EBFC09A8D6F714F9224621465B
:107150000120D6F7A5F9013D631E13F8012F15F89C
:10716000011F534582EA01021A70F6D15D46BCE761
:107170000227CAE7F0B5174685B005460C4610222F
:1071800000216846FDF753FDBFB3C4B30F2C04F0D4
:107190000F0608D924F00F043A4621462846FFF787
:1071A00081FF40BB2744324639466846FDF74AFD19
:1071B00080222F6906F1100337446B44B7F5005F56
:1071C00003F8102C2F61C6F110061AD3062E1FDD0E
:1071D000FB001A0E8DF80A201A0C5BBA8DF80B20F2
:1071E000ADF80C306A4610212846FFF75BFF0020FF
:1071F0002B69103B2B6105B0F0BD3E46D8E7264613
:10720000D6E7022E04DDFB005BBAADF80E30E9E7ED
:107210006A4610212846FFF745FF2B691022A3F18B
:107220001004002168462C61FDF701FDB7F5005FF1
:107230004FEAC403CDD2E7E770B50E46054686B0E7
:1072400001A81446FFF72AFF3246294601A8FFF796
:1072500091FF2246054601AB05AE1C4603CCB44265
:1072600010605160234602F10802F6D1284606B0AC
:1072700070BDE8F761BC0A460021E8F75DBCF0B5D7
:107280008BB00C4601A9E8F757FC054680B32522D0
:107290000021E01CFDF7CBFC0123A3700E23BDF8F9
:1072A00010702380FA0510D523464FF4877206AE7E
:1072B00023F8042B0DF1280C324603CA62451860EE
:1072C0005960164603F10803F6D13B0605D523881D
:1072D00043F080032380069B636001AB03CB039BD9
:1072E000C4F81D00C4F82110A361E9F7A5FE606190
:1072F00028460BB0F0BD30B505460C4687B001A856
:10730000D5F7C8FD2868696802AB03C39DF8113042
:1073100043F002028DF8112074B12288510644BF57
:1073200043F006038DF81130530542BF9DF811302C
:1073300043F008038DF8113001A8FBF7A2FBB0FA67
:1073400080F0400907B030BD70B58AB00D4600220C
:1073500001A90446E8F7F0FB88B1204604A9FFF72D
:10736000CAFF60B1BDF81060FEF75DFE38B9720665
:1073700001D5730503D529462046D4F771FF0AB01D
:1073800070BD2DE9F3410F460546164604F044FF53
:107390004FF00008C41BE4B2294623463A46304663
:1073A000CDF8008006F0A2FA0121284604F050FF33
:1073B00088B10121284604F04BFF074604F02CFF5A
:1073C0000546C3B2424630193946CDF8008006F072
:1073D0008DFA2544ECB2204602B0BDE8F0812DE9DB
:1073E000F04F85B00C46054691461F464FF0010A06
:1073F000DDF838809DF83CB004F00EFF22463B4695
:1074000029460646CDF800A0484606F06FFA5146D8
:10741000284604F01DFF3C4418B35146284604F0AA
:1074200017FFF6B2B442814610DAE7B2F31BDBB2C3
:10743000404622462946CDF800A003935F4406F05B
:1074400055FA039BBF1B984407F0FF0B0123002252
:107450000E9349465B46404605B0BDE8F04F06F046
:1074600045BA5B4622462946CDF838A0F3E72DE918
:10747000F041002686B0074608460C461546984659
:10748000CDE9026604968DF8146004F0C5FE411B38
:10749000CBB20D2B28BF0D232A462146009602A809
:1074A00006F024FA424602A93846E8F7B5FD06463A
:1074B000294620469DF80820F1F704FA304606B028
:1074C000BDE8F0812DE9F04F0F461546ADF5057D7D
:1074D0000DF1100881464246294638469A46FFF784
:1074E00050FF041FE4B2F82C04D900200DF5057DEF
:1074F000BDE8F08F5545F8D8B9F1000F36D0AAEBAA
:107500000506F6B2B4420ED904230193A5EB0A0393
:107510002344DBB208EB06020093012100238E987E
:107520000292D5F7A5FF4FF0040B0DF5887A33468C
:1075300042460121CDE9004B8E98CDF808A0D5F741
:1075400097FF5A468F990AEB0400FDF746FB034666
:107550000028CAD1B9F1000F06D0024629463846A4
:10756000CDE90084FFF73BFF0120BFE72646DAE7BD
:107570002DE9F04F0E46CBB00121054617461C46BB
:1075800004F066FE23463A462946814606A8FFF7E0
:107590006EFF0DF1280A00EB070B524631462846D4
:1075A0005FFA8BFBFFF7EDFEB34503D200204BB033
:1075B000BDE8F08FABEB06085FFA88F808F104032A
:1075C0009842F3DB331F18440423C4B20193A31B76
:1075D000DBB20093524643460021CDF808A006A82E
:1075E000D5F746FF0028E1D1A4EB0B040AEB080312
:1075F000E4B2524628463146009301944346FFF7D1
:10760000EEFE39462846F1F749F9394600F0F8020E
:107610002846F1F757F90121284604F019FE002801
:1076200018BF4D462846ADF8165004F0F5FD011F71
:10763000C9B20DF1160000F035FE0120B7E72DE9C3
:10764000D8410646FEF79DFD411C044689B23046EE
:10765000FEF76AFD90B321463046F1F71FF900F0BE
:107660000C03042B074629D000F00308B8F1020FE1
:1076700000D11BBB3846FEF705FE3B060444A4B20E
:1076800016D5611C304689B2FEF74EFDB0B12146D9
:107690003046F1F703F9B8F1010F014600F003039A
:1076A0000CD0032B0AD03846FEF7FBFD03199CB221
:1076B00021463046BDE8D841FEF736BD0020BDE882
:1076C000D881F8B50646FEF71EFD0546044630464D
:1076D000FEF7F5FA43785B0718D5AC1CA4B2214637
:1076E0003046FEF721FDB8B129463046F1F7D6F80D
:1076F0000746691C304689B2F1F7D0F81FB18742BE
:1077000001D8FF2808D104EB4704A4B22146304633
:10771000BDE8F840FEF708BD0020F8BD13B50446EB
:1077200001A8E8F787FEBDF80430DA0710D49B07FC
:1077300007D410220021204602B0BDE81040FDF71A
:1077400076BA224621461020FFF776FD0028F0D1B8
:1077500002B010BD024608B5E8F798FE510544BFD7
:107760000838C0B2130544BF0838C0B208BDF0B530
:10777000D30705460C468BB04AD50088FEF701FDBD
:1077800000230646029314B9CDE9034403AC00225A
:1077900008212046FEF7DCFBA8B12888FEF78FFA07
:1077A000023005F030FA21460746E1F7A5FC50B15A
:1077B000002240231146384600F02BFA40F60945D6
:1077C00028460BB0F0BD31462888F1F767F810F075
:1077D000030F0CBF01260026E8F7F2F946EA400045
:1077E000C0B200900021204602AB05AAEAF762F879
:1077F0000546E8F7E5F90028E2D0002DE0D00021A9
:107800002046009602AB05AAEAF754F80546D7E7EA
:1078100040F60A45D4E701461A2308220120E0F782
:10782000B7BF00231A46E9F7A1BF30B58BB005AD4D
:1078300004462846D5F72EFB0223284601A98DF8D9
:107840001430FBF78AF9234601AA144603CCAC4254
:1078500018605960224603F10803F6D10BB030BD21
:1078600008B50023024619461846E9F77FFF0120B4
:1078700008BD37B504466846E9F7EEFF054648B14E
:10788000082221466846FDF7A8F9B0FA80F04009C1
:1078900003B030BDFF2208212046FEF759FB034606
:1078A00028B106212846FFF7BCFF0120F0E7224659
:1078B0000146E9F75BFFF8E707B56846E9F7CCFF53
:1078C00010B16846FBF7DBFA00F0010003B05DF889
:1078D00004FB0120EAF7EABC704737B504460846C6
:1078E000FEF72AF90546FEF79EFB002301460093AA
:1078F00022462B460120EFF7C1FF03B030BD30B563
:107900000124054689B003A8D5F7C4FA01A88DF86B
:107910000C40D5F793FB9DF806209DF80730AA424E
:1079200009D0AB4209D103A88DF80D40D5F722FD4F
:10793000012009B030BD0024F5E70020F9E700225E
:1079400008B511461046EBF70FF8BDE808400021D6
:107950004FF6FF70FFF765BF00221021FEF7F8BA5F
:107960007FB50D4602460D2317216846F7F741FB08
:107970006B462A4602AE1C4603CCB44210605160EE
:10798000234602F10802F6D12068106023791371B2
:1079900000236B7304B070BDF0B585B06C4606462D
:1079A0000B46224601F10807254618685968083336
:1079B00003C5BB422C46F7D11868314628601B79B5
:1079C00017202B710D23F7F71DFB05B0F0BD38B55F
:1079D00004460D46D3F76CFBA04205D92046294644
:1079E000FFF7BEFF002038BD2820FCE730B500249B
:1079F00085B08DF80040D3F75BFBE5B2A84204D810
:107A0000ECF7BAF8002005B030BD69462846FFF70C
:107A1000C3FF0134EFE738B50446002004F0D0FD81
:107A2000FF2805460FD004F053FE10F0010009D0E6
:107A3000284604F04DFE400840EAC17080F0010085
:107A400000F0010038BD04F00100FBE70146F8B585
:107A500006460020EBF7CAFFFF2801D00120F8BD41
:107A6000D3F716FB00240546871CD3F715FBE3B2BA
:107A7000984201D80020F2E735F82430B34203D110
:107A800017F82430002BE9D10134EEE738B50D4664
:107A90000121044604F0DCFB30B10121204604F052
:107AA000D7FB2880012038BD20462C80FEF73AFC09
:107AB0000130C0B2F7E72DE9F04788B007468946A4
:107AC00010460DF10A011D469046FFF7DFFF4FF00B
:107AD000000ABDF80A6004463046CDE905AACDF893
:107AE0001BA004F099FB031BDBB20B2B28BF0B235D
:107AF00022463146CDF800A005A805F0F7FE48F271
:107B00001F039D4243D00BD885F40043012B15D9A8
:107B100023464246494628460097FBF706FA33E0DB
:107B200048F23A039D42F3D1FEF77DFAB8422BD0DA
:107B30002246414605A8FBF729FA25E09DF81430B6
:107B400013BBBDF81D40DDF81500DDF8191003ABBF
:107B500003C3204603A9D5F74DF90122204603A906
:107B6000E7F780FFA74206460ED0012103A8ECF7F5
:107B70009FF948F201039D4206D12EB933463246A1
:107B80003946204600F05AFE08B0BDE8F0879DF85F
:107B90001450002DF8D12F469DF815800234EAB21A
:107BA0004245F1D2D200D2B222440823314692B2E9
:107BB000009703A8CDE9037705F098FE03A8EEF738
:107BC000E9F904F02DFD00F0C7F80135E7E708B545
:107BD000E0F764FDBDE80840ECF7AEBB10B500244B
:107BE000418084800480C280038110BD13B5BDF83C
:107BF0001040CDE900340023ECF706FD02B010BDC3
:107C000013B5BDF8104001900094ECF7FDFC02B0F4
:107C100010BD07B500930123FFF7F2FF03B05DF835
:107C200004FB0121EDF7E4BE01464FF6FF70EDF7CE
:107C300007BE10B50C4604F0F3FCFF2808D0EEF7A1
:107C400091F920B10368236043680120636010BD8F
:107C50000020FCE710B50446FDF73FFFB0F5006FCC
:107C6000204605D1FDF74CFFBDE8104004F0D8BC1C
:107C7000FDF762FFBDE8104005F02DBE08B504F029
:107C8000CFFCFF280CD004F023FD10F0010309D035
:107C9000400840EAC17080F0010000F0010008BD1A
:107CA0000020FCE71846FAE71FB502460B2301A89F
:107CB0001821F7F79EF99DF80E0005B05DF804FB5A
:107CC00030B589B001F0010503A90446EEF764FD63
:107CD0009DB190B9204604F0FBFC10F0010109D0E1
:107CE000204604F0F5FC430843EAC17383F0010326
:107CF00003F0010103A8ECF7DBF82046EFF7E0FC06
:107D00009DF81430294600932046BDF8162003AB99
:107D1000D3F78CFC09B030BD30B585B00C460546B4
:107D2000EEF708F9A04215D04FF6F7739C4211D830
:107D30000B232A46182101A8F7F75BF929461820DA
:107D40000B2301AAADF80C40F7F75CF92146284651
:107D5000EEF742F905B030BD10B50446D3F7AEF9E1
:107D6000A0420FD92046EEF7E5F84FF6FF73984290
:107D700008D020460021FFF7A3FF2046BDE81040B1
:107D8000EEF762BD10BD10B50446FEF74CF90021B8
:107D900002462046BDE81040EEF7AEBE2DE9F041A8
:107DA00014460F4605469846FDF789FF06460430FF
:107DB00004F029FF20802846FDF7E4FE6080B379B7
:107DC000791CE372C9B22846F0F768FDB91CA072AD
:107DD000C9B22846F0F762FDFE1C2072F6B2B8F177
:107DE000000F18D03146284600F097FA0537FEB24A
:107DF0003146A080284600F090FAB11CE080C9B25C
:107E00002846F0F74BFD6072217AA0880122BDE878
:107E1000F041EFF791BB2088EAE72DE9F04186B009
:107E200090461E4604460D46FEF7FDF84FF6F773E2
:107E30009845074632D80523A0428DF80C304FF004
:107E4000010214BF012300234FF0000118BF8DF879
:107E50000D30CDE9002114BFADF80E008DF80D30C6
:107E6000284614BF0423022303AAFEF766F9054639
:107E7000A0B1A7421AD0FDF722FF074621460430E1
:107E8000803E04F0C2FE2046FE7104A9FFF7D1FE39
:107E900040B9204604A9E0F747FE18B9002006B013
:107EA000BDE8F081284604A9FEF7CDF941462846F1
:107EB000FEF735FFF3E7037923F00303194301F0DD
:107EC0003F010171704707B50DF10701EFF7DAF9CE
:107ED00003B05DF804FB08B5FFF7F5FF18B1BDE886
:107EE0000840EFF71FBA08BD00224FF6FF70114699
:107EF000EFF722BB10B50446FFF7E5FF024638B99D
:107F000001462046EFF718FB003818BF012010BDCE
:107F10000120FCE7F8B5174604460E46FFF7D3FFED
:107F20000546386068B1037903F00303337023B961
:107F30003A68137903F03F0313713B685C8820466D
:107F4000F8BD01462046FEF7CFFC074628B1E2F710
:107F50002BFB874201D83570F1E731462046FAF70E
:107F6000DEFF0028EBD003234FF6FF743370E6E703
:107F700007B501AA0DF10301FFF7CCFF9DF803300F
:107F800053B9019828B1037913F0300F14BF0120C1
:107F9000002003B05DF804FB0020FAE72DE9FF4163
:107FA0000646104688461546EDF7F4FF0746FEF7ED
:107FB0003AF8044648BB4FF6FF739E4225D09F42D5
:107FC00006D00146384604B0BDE8F041E5F7EEBC06
:107FD00007238DF804302B680246CDF805306B6816
:107FE000092101A8CDF80930FDF79FFE024618B916
:107FF000192004B0BDE8F081012341463046EAF77C
:1080000045FE0028F4D02046F3E70220F1E72DE9F1
:10801000F04390460F4606464FF0010991B00BA879
:1080200003ADD4F737FF07AC29460BA8ADF82C9069
:10803000FAF793FD95E80F0084E80F004B46002205
:1080400039463046CDE90048EAF738FF11B0BDE8BF
:10805000F0832DE9F04F002785B081460C467E2045
:1080600039469846BDF83CB09DF844A0BDF84C5048
:108070000192ADF80E7004F027F90646002800F0D2
:10808000AA8004F0ADF839467E22FCF7D0FD3046D8
:1080900004F0A6F80090304604F0A2F8B9F1FF0F02
:1080A0000CBF274644F003073B0A14F440620770F4
:1080B00043705FD14FF00808C31C1846424601992F
:1080C000FCF79BFD034604F44044434484B1790625
:1080D00006D419464FEA1B2201F802BB5A700B4620
:1080E000B4F5004F56D0A4F5404254425441E40048
:1080F000224618460E99FCF780FD009A034620445C
:10810000A0EB02085FFA88F89DB14FF47C521A5335
:10811000841C284604F064F88346284604F07CF862
:10812000C5B22A4659462046FCF78CFD6019023537
:10813000EDB2B9F1FF0F2FD05246109900F8019B14
:10814000FCF780FD08F101015AFA81F1294430461B
:10815000E0F78EF90C210022FF0007F0800710469F
:108160003943FDF78AFDADF80E00E8B9002005B0EF
:10817000BDE8F08FB2F5006F80F803804FEA182851
:1081800080F8048000F1050314BF4FF008084FF099
:10819000020892E70224ABE708EB0A0129443046C3
:1081A000E0F766F90821D6E7304604F019F80446EE
:1081B000304604F031F80123024621460DF10E004D
:1081C000E0F7C0F90028D1D10121BDF84820BDF861
:1081D0000E0004F051F8BDF80E00C8E710B50C46CB
:1081E000098821B90846EFF7A7FE208008B10120D1
:1081F00010BD0220FCE72DE9F04780460F460646F9
:10820000002402F1FF39BC4202D219F8015F25B9FE
:10821000A6EB080080B2BDE8F0879A46A5F13102CE
:10822000012A5AF8041B10D83246322D02F8011BDD
:1082300006D10134A4B2A74232D30912B21C717024
:10824000013453461646A4B2DDE7342D0CD1033475
:10825000BC42DDDA0B0A317073700B0C090EB3707F
:10826000321DF170A4B2EBE7A5F13302062A0DD856
:10827000303DADB22B19BB42CADA2A463046013C2A
:10828000FCF7BBFC15FA84F47219EBE7A5F1410287
:10829000062A01D8373DECE79D8803F1080AE9E793
:1082A0001646B5E770B5054600880C4603F0B4FFE6
:1082B000A04228880AD203F0AFFF0023221A1946F1
:1082C0002846BDE8704092B2E0F73CB92146E0F79D
:1082D000CFF8002070BD38B5054603F081FF044695
:1082E000284603F099FF002201462046BDE83840A9
:1082F000FDF71BBDF8B516460C461D46BDF81870B7
:1083000003F06EFF0444304603F06AFF3A46411919
:108310002046BDE8F840FCF770BC70B50C46013152
:1083200089B20646F0F7BAFA214605463046F0F71C
:10833000B5FA00EB052080B270BD1FB50123ADF882
:108340000C2000930A460223014603A805F0CEFA4A
:1083500005B05DF804FB2DE9F0410C46013189B20E
:108360000646F0F79BFA214607463046F0F796FAA4
:10837000E11C054689B23046F0F790FAA11C804610
:1083800089B23046F0F78AFA05EB072500EB0820A2
:1083900005EB0040BDE8F08173B504460D46402072
:1083A0000021164603F090FFADF8060003F018FF19
:1083B000BDF8063013B9002002B070BD402133462D
:1083C0002A462044FFF717FF211889B20DF1060055
:1083D000FFF768FF0028EED1BDF80600ECE710B407
:1083E0001446091B1A462044019B89B25DF8044BD0
:1083F000FFF701BF08B410B585B007AC54F8043BD3
:1084000000940394FFF7EBFF05B0BDE8104001B006
:1084100070470EB403B503AA52F8041B0192FFF78C
:10842000BBFF02B05DF804EB03B070472DE9F341E8
:1084300006460F4615460AB90DF1070501213046DB
:1084400003F006FF20B13046012103F001FF06468C
:10845000002130462970FFF760FF10F0400F2B78A5
:1084600002D1B0F5804F0CD2042F14D10333D9B20E
:10847000297010F4406F00F0F2803046FFF74DFF96
:1084800017E00124991CC9B2012F297005D130468B
:10849000F0F704FA0DE00024F4E7D91CC9B2022F6A
:1084A000297000F44062E4D032B9032F12D14FF0AA
:1084B000FF3002B0BDE8F081591DC9B2032F297009
:1084C00003D1B2F5006FD8D0F1E7B2F5006F05D156
:1084D00007332B70042F06D12978CEE7B2F5406F11
:1084E000F8D10D33F5E714B12B7802332B70052F3B
:1084F00000F4404003D1B0F5004FD8D1ECE7B0F51F
:10850000004F2B7810D102332B700D2F2C7810D008
:1085100030462978F0F7C2F9030611D4062F8046B9
:1085200015D02978013119E0B0F5404FEDD108336D
:10853000EAE7304603F070FE8442E9DB0020B8E74A
:1085400030462978FFF7E9FE062F804601D14046E4
:10855000AFE710F0800F2978E4D00231C9B20D2FB7
:10856000297022D1304603F057FE2B788342E5D2A2
:1085700008F03C020C2AE1D140F2037218EA020F23
:108580002FD104332B7008F4E063B3F5007F08BFEC
:108590002B7808F4805804BF01332B70092F2BD19E
:1085A000B8F1000F83D0297807E040F20373072F5A
:1085B00008EA030307D1002BC0D1304602B0BDE862
:1085C000F041FFF7C8BE13B92B7804332B70082F86
:1085D000D9D108F4E060B0F5007F7FF468AF297866
:1085E00055E708F4E062B2F5007F08F4805804BF54
:1085F00001332B701FFA88F8B8F1000F02D02B78E6
:1086000004332B700A2FEAD00D2F0DD1304603F022
:1086100003FE2C78A04291D90134E4B22C70B8F159
:10862000000F13D1012044E72B780B2F03F1010336
:108630002B703FF43CAFB8F1000F3FF438AF304639
:1086400003F0EAFD011FC9B22970B6E7304603F016
:10865000E3FD03348442ACBF0020012029E7FF235F
:108660002B7024E700280CBF8121012100B5137A6B
:108670008FB0022B8DF8041020D10C238DF805301B
:10868000FF238DF807308DF80830136805A9CDF861
:1086900009305368CDF80D308C238DF811308223CA
:1086A0008DF81230537A8DF8133001A8091A002280
:1086B00089B2FDF73AFB0FB05DF804FB08218DF895
:1086C0000510EBB91368FF228DF8072023B96FF06E
:1086D000724303A90293E8E76FF0E6420292802218
:1086E0008DF80C201A0A8DF80D308DF80E201A0C1A
:1086F0001B0E8DF80F208DF810300DF11101D4E70D
:108700000DF10701D1E7024600B589B05168006854
:1087100004AB03C390680DF10A021860002303A89C
:108720001946F0F783FBA0B103F05AFD0022BDF813
:108730000A101430FDF7F9FA40B1009000219DF8BD
:108740001C309DF80D0004AAF0F7AAFC03A8F0F76E
:10875000C7FB09B05DF804FB70B506460D4610680E
:10876000516886B002AC03C490682060CEB101228B
:108770008DF814309DF830308DF804208DF81530C8
:10878000BDF834309DF828200B9901A88DF80550CC
:10879000ADF81630F0F7E4FBB0FA80F0400906B00F
:1087A00070BD01A8F0F79CFB80F00100C0B2F6E7B5
:1087B00038B5037A05460C463BB90A7AEAB900682F
:1087C0000B68C31A5842584138BD022B15D10B7A99
:1087D000022B12D10822FCF700FA70B96B7A607A8A
:1087E00083420CD0013BDBB2FD2B08D80138C0B26C
:1087F000FD2894BF00200120E6E70020E4E70120E7
:10880000E2E7036898B218B14FF6F8729A4312D1B2
:10881000B0EB134F80EA134205D04FF6F87022F008
:108820000701814204D19BB223B1083A90B270474C
:108830001046704707207047F1F7D6BD0BB1F1F72E
:108840003FBE0AB9F1F7B8BEFF21F1F7E1BD70B53F
:108850001646FF2204460D46FDF77AFB024610B18C
:1088600046B9022070BD29462046FDF771FB00285D
:10887000F6D1F7E720466908BDE87040F9F7CCBBB0
:1088800070B50646144608461A4608211D46FFF7ED
:10889000DEFFA0B92A4602213046FFF7D8FF70B9A3
:1088A0002278531EDBB2FD2B0AD80120904020F025
:1088B000FF6020F4FF20003818BF0120400070BD89
:1088C00019232370FBE7002230B58DB00346CDF8A5
:1088D00026200846CDF82A20ADF82E2041F6063293
:1088E00000F12504ADF8042001F115020DF1060197
:1088F00052F8045BA24241F8045BF9D10DF1160273
:1089000003F1100153F8044B8B4242F8044BF9D1A8
:1089100000F042F901A8EAF7E3F80DB030BD0021FC
:10892000002814BF012202220846FDF755BF37B5C3
:1089300004466846FEF7CCF808226946201DFCF77D
:108940004CF9D0B92588FDF78BFB854215D1FEF790
:1089500038F90246607B131A002BB8BF5B42C82B64
:1089600013460CDD824228BF0346DBB29A4204D094
:10897000FEF741F9A078E2F7C1FE03B030BD8242B4
:1089800038BF0346F1E710237F221D21F6F731BBE4
:10899000024610237F211D20F6F734BB08B5F1F7FE
:1089A000BBFF012806D0022806D0032814BF0220EE
:1089B000062008BD0420FCE70520FAE730B515467F
:1089C00089B00022FDF7B1F90446E0B10146002369
:1089D00007220920F6F7DEFCB8B1FDF741FB03469C
:1089E00000200122CDE901304FF6FF73CDE90502E9
:1089F00000934CF621422B46FF21CDE90304FDF7FD
:108A00002EFD09B030BD1920FBE740F60140F8E724
:108A100073B5002315460C4606460A4600930146E8
:108A20000823281D04F062FF04F108013046C9B292
:108A3000EFF734FF04F109016873C9B23046EFF76C
:108A40002DFF04F10A01A870C9B23046FFF765FC9A
:108A5000288002B070BD00B58BB0684600F07AF88F
:108A600001209DF80430984080B20BB05DF804FB03
:108A700010B50446FFF7EFFF2040C30B0DD10E23C6
:108A80005A1C01D1FF2007E020FA03F1C90703F1C6
:108A9000FF3204D558B2C0B210BD0F20FBE7134619
:108AA000EEE7024610237F211D20F6F7ABBA1FB573
:108AB000102368467F221D21F6F79BFA9DF80E00D1
:108AC00005B05DF804FB2DE9FF410E4615461C4636
:108AD0000746BDF8288018B14FF6F77399421DD8A4
:108AE000B5F57F4F1AD214B1B8F57F4F16D21023C7
:108AF0007F221D216846F6F77CFA6846ADF80470BF
:108B0000ADF80660ADF80850ADF80A40ADF80C803D
:108B1000FFF7C7FF002004B0BDE8F0810120FAE7AD
:108B20001FB5102368467F221D21F6F762FABDF8B3
:108B3000000005B05DF804FB1FB5044610237F223A
:108B40001D216846F6F755FA68460094FFF7A9FF1D
:108B500004B010BD10B590B004467F221E2106A8B7
:108B60002823F6F746FA002323609DF81C3001A85D
:108B70002371D4F78FF9052301A8E1188DF804308B
:108B8000F9F7EBFF062304F1150101A88DF8043075
:108B9000F9F7E3FF10B010BD002310B590B00693B5
:108BA000037906AA04467F218DF81C301E20282355
:108BB000F6F728FA01A8D4F76DF901A8D4F776F9E9
:108BC000052301A8E1188DF80430F9F7A7FF062363
:108BD00004F1150101A88DF80430F9F79FFF10B0DA
:108BE00010BD1FB57F221D2168461023F6F701FA3C
:108BF000009B684643F480730093FFF752FF05B073
:108C00005DF804FB431C08BF0020D8F79DB90000A5
:108C10000B4A1168086806C881F30B88022181F3AA
:108C20001488203080F30988BFF36F8F4FF0000065
:108C300080F31188104700BFAFF30080AFF30080CE
:108C400098750020000000000000000000000000F7
:108C500007480068006880F3088862B661B6BFF311
:108C60004F8FBFF36F8F02DF00BF00BFAFF30080F5
:108C700008ED00E00000000000000000000000001F
:108C8000EFF309801EF0100F08BF20ED108AEFF3FC
:108C90000B82734620E9FC0F114A116808604FF0FF
:108CA000300080F31188BFF34F8FBFF36F8F02F056
:108CB0002FFA4FF0000080F31188094A1168086804
:108CC000B0E8FC0F13F0100F08BFB0EC108A82F36D
:108CD0000B8880F309881847AFF30080AFF300805A
:108CE0009875002000000000000000000000000057
:108CF0001EF0040F0CBFEFF30880EFF30980044966
:108D0000084700BFAFF30080AFF30080AFF30080EF
:108D100093CE0408034B5868C0F30800003818BF0E
:108D20000120704700ED00E0014B1868704700BF5C
:108D3000EC9900200A4B1B6F03F00703013B032B48
:108D400003D8DFE803F00A030608FEE7054B1868BE
:108D50007047054BFBE7054870470548704700BF63
:108D600000800050EC990020F499002080D5430247
:108D7000002D310108B5FFF7DDFF054B1B6FC3F375
:108D800003330133B0FBF3F0024B186008BD00BFA2
:108D900000800050E89900200048704700B4C404E7
:108DA00000487047002D3101014B1868704700BF23
:108DB000F49900200048704780D543024FF4002208
:108DC000184B5A664FF0B4439868C0F304400C281F
:108DD0000AD8DFE800F00B09090909090721190978
:108DE0001B1D1F0010487047002070479B6803F050
:108DF0004073B3F1807F11D0B3F1007F10D00B4AE4
:108E0000002B08BF10467047094870470948704753
:108E10000948704709487047094870470948704732
:108E20000948704700900050405DC60000093D00B1
:108E3000C0EA210180BA8C010048E801005A6202B0
:108E40000024F40080841E0040420F00014B18688B
:108E5000704700BFF09900200A4A08B5127852B155
:108E600007280AD8084A02EB00131B7B3BB1C3F763
:108E70008DF9002008BD0548FCE70548FAE70548DC
:108E8000F8E700BF4E8F002034490020028000F038
:108E9000018000F0078000F00B4A10B512780C46F4
:108EA00062B107280CD859B1084A02EB00131B7BAA
:108EB00043B1C3F77DF92070002010BD0448FCE7E2
:108EC0000448FAE70448F8E74E8F002034490020B0
:108ED000028000F0018000F0078000F00B4A10B51E
:108EE00012780C4662B107280CD859B1084A02EB37
:108EF00000131B7B43B1C3F773F92060002010BD42
:108F00000448FCE70448FAE70448F8E74E8F0020DD
:108F100034490020028000F0018000F0078000F05A
:108F20000122437801789A4030235943014B5A502B
:108F3000704700BF40D00350034B5A68D20702D598
:108F4000DA69002AF9D1704700800A5008B9014B4C
:108F50005964704700900A5008B9014B5964704732
:108F600000A00A5008B9014B1964704700A00A50CC
:108F700010B9024B186C70470020704700800A50EF
:108F800048B911B1012903D07047044BD86C704720
:108F9000024B186D70470020704700BF00800A50D8
:108FA00040B911B1012903D07047034BDA6470470F
:108FB000014B1A65704700BF00800A5010B9024B80
:108FC000586D70470020704700800A5008B54FF078
:108FD000FF31054803F050FC28B94FF48062034B81
:108FE0009A66BFF34F8F08BD2C51002000900050AF
:108FF0004FF48062024B03489A6603F059BC00BFED
:1090000000A000502C51002010B5044600283DD08F
:10901000FFF7DCFF002838D1204603F0F5FB94F879
:10902000203043B94FF098435A6CD202FCD55C6DA6
:1090300004F4702412E04FF09844A36D43F002034F
:10904000A36501F05FF8022810D0A36D23F002039E
:10905000A3654FF4A0220E4B1C681A60FFF7C8FFEF
:109060009CB12046BDE81040F4F735BE094B4FF0E7
:10907000FF31186E01F046FBA36D23F00203A365D8
:109080000028E6D0FFF7B4FF012010BD2120FCE747
:10909000209A0020C850002007B500F0C5FC6A46A1
:1090A00000F004FD18B14821034800F007F8DDE99D
:1090B000000103B05DF804FB50E0040838B5044635
:1090C0000D460B46024607490020F5F736FC03F033
:1090D00084FC03F06EFB29462046BDE8384003F0CF
:1090E00071BC00BF0AE404080329F8B598BF124B0D
:1090F00005460E468CBF00245C5C032805D8DFE8DB
:1091000000F002080B0E44F002040C4B1F684FB92C
:10911000F8BD44F00804F8E744F02004F5E744F013
:109120008004F2E77B681A68144203D0314628466F
:109130005B6898473F68EAE77EEA0408B05200207F
:10914000054B1A782AB95B78002B0CBF032002204C
:1091500070470120704700BF688F002038B5104D60
:109160002B78ABB10F4C23781BB100F035FA0023FC
:109170002370002000F058FA0B4C50B100F05EFA5A
:109180000023012120782B70FFF7AEFF012323700D
:1091900038BD0122054B1A702278054B1A70F7E78B
:1091A000638F0020618F00206A8F0020648F002071
:1091B000658F00200C4A1378FF2B01D158B17047FE
:1091C0000BB908B9704730B101331370074B1B78E6
:1091D000012B03D87047013B13707047044B1B7879
:1091E0000BB9FFF7BBBF7047688F00206A8F002064
:1091F000648F002010B503F0D8FA064B04461B78A4
:109200001BB1BDE8104003F0CBBAFFF7A7FF204623
:10921000F7E700BF608F00202DE9F8432D4A0138A1
:10922000135CFF2B03D100294AD0BDE8F8831BB99A
:109230000029FAD0012303E0002941D00133DBB239
:10924000254F135439780129EFD9FFF779FF012809
:10925000044638D803F0A9FADFF88880054698F864
:10926000003013B31D4E33781BB9012232701C4AF3
:109270001370DFF8749099F8003023B100F0ACF966
:10928000002389F80030284603F08AFA012000F014
:10929000CBF903F08AFA337805461BB100F0CEF91A
:1092A00000233370002388F80030284603F078FA52
:1092B0003878A042B9D02146FFF716FF3C70B4E7DA
:1092C000013B1354B1E70329F2D10228F0D103F096
:1092D0008AFBEDE7688F00206A8F0020608F0020F6
:1092E000648F0020638F0020618F00202DE9F04FF4
:1092F00085B0EFF3108772B6AFF30080F9F773FF14
:10930000002870D0814EDFF83082337823B10020FE
:10931000FFF750FF00233370FFF712FF04460028C9
:1093200069D0841EE4B2012C6CD9FFF709FF012833
:109330000546774CDFF8049200F28E802078854253
:1093400040F0C680207800F015F999F8003013B18C
:10935000704B1B782370AFF30080384603F03EFB60
:10936000EFF3108772B66C4B1A7852B100221A7064
:10937000684B20781B78984203D101212170FFF7B8
:10938000B3FE664800F0D4FAD4F740FA0546002848
:10939000BBD1634BDFF89481187098F80030ABB103
:1093A00089F80000DFF88C9199F800301BB100F0CB
:1093B00013F989F80050002000F036F9002800F079
:1093C0009A8000F03BF9002388F80030337823B10D
:1093D0000020FFF7EFFE0023337000212078FFF715
:1093E00083FE00232370AFF30080384605B0BDE84C
:1093F000F04F03F0F3BA3378002B96D0FFF7DAFE84
:10940000347092E7002003A900F0DEFA0446002839
:109410008BD1D8F80030039A9A4205D80120FFF783
:10942000C9FE0123337080E73E4B1D6800F050F900
:10943000039B05449D42F1D200F044F98200039958
:1094400042F0020292B2CDE900422346364A491B5D
:10945000324803F0C9FA68E7344BDFF8C4A01B7840
:1094600003F0FF0B2BBB00F09BF8207885422FD137
:109470009AF800307BB92D4D2B78002B7FF462AF2A
:109480002B4B1B7823B900F0A1F80122294B1A704D
:1094900001232B7056E7022DEDD18AF800B014E0BD
:1094A0002378022B24D100238AF8003004F06DF9D0
:1094B0001EE0207885420BD19AF80030002BDAD0DC
:1094C000022DD8D100238AF8003004F05EF9D2E7EB
:1094D0000023DFF84CA08AF8003099F8003013B967
:1094E0002946FFF701FE9AF800302570002BD7D1EE
:1094F000012DC0D826E7012000F03CF8384603F0E3
:109500006DFAEFF3108772B655E700BF628F002047
:109510006A8F0020658F00205E8F0020BC520020E3
:10952000668F0020B4520020F5910408638F00205C
:10953000678F0020618F0020B8520020648F0020C8
:1095400038B503F032F9094B05461B78012B04D8D6
:1095500003F026F90024204638BD054B1C6800F0B6
:10956000B7F80444284603F01BF9F4E76A8F00209B
:10957000B452002002280AD003280BD001280CD1B5
:10958000064A136923F00403136130BF70470020BB
:10959000C2F7BCB90020C2F7DFB9704700ED00E0A8
:1095A000074A0849D2F8203103F007030B60D2F8CC
:1095B0002831054A03F007031360F4F74BBA00BFE4
:1095C00000800050F0520020EC5200200122014B9C
:1095D0001A7070476D8F00200F4B10B51B7883B148
:1095E0000E4C2378A3B90E4B9A6DD10302D5DA6DD8
:1095F000920702D49B6DDB0704D54FF48032094BF0
:109600009A6210BDC4F788FD4FF48032054B9A6210
:1096100000232370F5E700BF6F8F00206C8F0020C0
:109620000040005A0050005A034B1B780BB1C4F79E
:1096300019BE0120704700BF6F8F002008B5F4F7F6
:109640000AFA174B1B7833B10122164B5A60164A9F
:109650009369DB07FCD5154B15491A6F096822F091
:1096600007020A431A671349D3F82021096822F038
:1096700007020A43C3F820210F49D3F828210968BB
:1096800022F007020A43C3F828210C4B1B781BB1B8
:109690004FF480320A4B9A62BDE80840FFF76ABB7C
:1096A0006E8F002000D0015000C00150008000509B
:1096B000E4520020F0520020EC5200206F8F002076
:1096C0000060005A014B1878704700BF6F8F002070
:1096D00008B5054B187818B1C4F792FD00EBD0001F
:1096E000024B1B68184408BD6F8F0020E052002019
:1096F00008B5164B1A7822B300221A70144B1A6F51
:1097000022F0070242F001021A67D3F8202122F06A
:10971000070242F00302C3F82021D3F8282122F0E7
:10972000070242F00302C3F828210A4B1B7833B129
:109730000122094B5A60094A53689B07FCD4FFF782
:1097400019FB0122064B5A6708BD00BF6D8F002030
:10975000008000506E8F002000E0015000C00150DA
:109760000060005A0D490B68A0B10022A3B18342EA
:1097700003D1836822B90B6003E01A469B68F5E7C2
:10978000936083680BB9002070475A6941690A44A5
:109790005A61F8E72220704702207047FC520020EF
:1097A00038B500F07DFA0025084B094C1A6823688B
:1097B000C31A2AB123B15169994203D3C91A51611D
:1097C000206038BD55615B1A9268F2E7FC520020B8
:1097D000F852002038B5154D2B682BB35B69A3B147
:1097E000134A022014681C4403F066F9204600F076
:1097F00097FA00230F492A680B7022B1D08880079E
:109800000AD501230B70002038BD022003F054F963
:10981000022000F0D3FAECE79268002AF3D05069F6
:109820000344012BEAD9EEE72220EDE7FC520020A9
:10983000F8520020718F0020C38870B504460D4691
:109840003BB9FFF77DFE8542064602D2F5F779FC6B
:1098500035460E4965610B688BB90C60A3600DE05D
:10986000AD1A9A68184665616AB113465A69AA42E8
:10987000F6D930B18460521BA3605A6170BD0020DC
:10988000F4E70C60F7E79C60A260F7E7FC52002069
:10989000F8B515469DF81C20BDF820700271069A97
:1098A0000446026000220E46C0E903358260C7808C
:1098B000ADB900F0F5F93044A0615EB13546062F30
:1098C0001FD1194A2846936A43F00803936200F0B7
:1098D000EFF902E0E36866617BB90020F8BD00F0B3
:1098E000DFF92844A061002EE8D1E3686661002B0F
:1098F000E5D0204621689847E1E72046216898474F
:10990000EBE702F052FF0646FFF74AFF29462046E2
:10991000FFF792FF054B1B68A34201D1FFF75AFFE7
:10992000304602F03DFFD8E70040005AFC520020CC
:1099300038B5C3880446062B01D100F047FA02F07F
:1099400034FF0546FFF72CFF0F4B20461B68A34250
:1099500008D0FFF707FF044680B1284602F020FF39
:10996000204638BDFFF7FEFE04460028F5D1FFF77C
:1099700031FF222802D1022000F00AFA284602F024
:109980000FFF0024ECE700BFFC52002038B50C4666
:109990000546A8B1A1B100230B7002F013FF01210D
:1099A000084B1B6833B902F008FF002038BD9D4208
:1099B00004D121702278002AF9D0F4E79B68F1E7FE
:1099C0002220F3E7FC520020F8B506460F4602F0CD
:1099D000F9FE00250446124B1B6823B9204602F00D
:1099E000ECFE1B2011E05A691544DA88B2420DD111
:1099F00000F056F90B4E3368C01AA8420AD3002370
:109A000020463B6002F0D9FE0020F8BDFF2EEFD0CB
:109A10009B68E2E700F044F933682B441B1AEFE738
:109A2000FC520020F852002070B502F0CBFE064632
:109A300000F036F9084B044601201D6803F027F8B2
:109A400018B100F02DF904460135304602F0B5FE9C
:109A50002046294670BD00BF04530020014B186802
:109A6000704700BF005300200F4B10B51A689AB121
:109A70004FF47A71531E1342A0FB01010ED1B2FACA
:109A800082F2C2F11F04531CD243E04001FA03F3F7
:109A9000184321FA02F20243104610BD0023D6F704
:109AA00085F90246F8E700BF0053002038B5154B92
:109AB00014468342144B8B4121D3144B1A68F2B1E4
:109AC0004FF47A75A0FB050305FB0131531E1342C9
:109AD00011D1B2FA82F2C2F11F05531CD24301FA2E
:109AE00003F3E84021FA02F218431043E940C4E9C5
:109AF0000001002038BD0023D6F758F9F7E72120F0
:109B0000F8E700BFEFA7C64B37894100005300209C
:109B100008B5084B1B7803F0FF004BB102F0A7FF1C
:109B2000054B1B689B69C01A02288CBF00200120CE
:109B300008BD00BF718F0020FC520020014B18703F
:109B4000704700BF708F0020C2072DE9F84304461C
:109B500007D5444A136801331360FFF721FEFFF76E
:109B600039FEA3077CD502F02DFE4FF00008054614
:109B70004646FFF715FE3C4F3C680CB16369A3B144
:109B800000223A4B012E1A7003D118F0020F18BFB1
:109B90001E70FFF71FFE222802D1022000F0F8F805
:109BA0002846BDE8F84302F008BE23465A693AB990
:109BB0001A792179914288BF1C469B68002BF5D108
:109BC000284602F0FAFD2569DDB100F069F8A269C6
:109BD000A0EB02084FEAE873A84573F1000311DB1C
:109BE00023691344A361E36813B1204621689847B1
:109BF000B4F8068002F0E6FD01360546FFF7D0FD19
:109C0000BAE7A84602F0DEFD81462046FFF7AAFD2E
:109C1000484602F0D2FD2369002BE4D0A38BB5EBBC
:109C2000080533B1E28B13449BB2B3F57A7F0FD2B0
:109C3000E38302F0C7FD804629462046FFF7FCFD7E
:109C4000A369226940461344A36102F0B6FDCAE746
:109C5000A3F57A73E383A369013D013BA361E8E7C0
:109C6000BDE8F88304530020FC520020708F0020D0
:109C70000A4B10B5D3F8403203F00303013B012B2C
:109C80000BD802F092FD044601210220FFF7C4FA2E
:109C90002046BDE8104002F083BD10BD008000509A
:109CA00008B5FFF749F9014B986908BD00800A50D3
:109CB00038B5044602F079FD0546FFF73DF9104B33
:109CC000022C9A694FF001018CBF12190332B2F1D4
:109CD000FF3F38BF013A0020FFF762F9284602F043
:109CE0005FFD08490B7853B1054B9A6C42F00202B4
:109CF0009A649A6C42F004029A6400230B7038BD97
:109D000000800A507BA1002007B5044B01A91879F7
:109D100002F0E8FD019803B05DF804FBC4DF04081D
:109D2000F8B5044602F041FD0746FFF705F9164B6A
:109D30009D6902F0BDFE06460020FFF719F9830772
:109D400004D4731B032B01D8AE420FD10021631B37
:109D5000022B98BFEC1C0846B4F1FF3F2CBF2246F3
:109D6000621EFFF71DF9022002F0A6FE384602F03F
:109D700017FD064A137833B103498B6C43F0010396
:109D80008B6400231370F8BD00800A507CA1002072
:109D9000830700F0010109D50122064B41F00201C1
:109DA0001A70054A936C23F0010393640020FFF7B7
:109DB000D3B800BF7CA1002000800A50830742BFB7
:109DC0000222014B1A64704700900A5007490B7831
:109DD00053B9074B9A6C22F002029A649A6C22F0F3
:109DE00004029A6401230B70704700BF7BA100201E
:109DF00000800A50F7B514461D46002B00F09D80E8
:109E00004F4E37784BF2346647B3B04208D14D4BD2
:109E10009A6CDB6C2260C4F80330002003B0F0BD04
:109E200041F21005A84207D1474A136823605368DE
:109E300063609368A360F0E743F26025A84203D112
:109E4000424B1B881380E8E77F2908BF002140F4BC
:109E5000702003B0BDE8F040C6F7C8B9B04228D1C1
:109E6000082B28BF08253A492A462046FAF7EAFE79
:109E70002A4620463749FAF7B0FE0028CDD1314BAB
:109E8000601E996CDA6C2B462E1F013B9E4200F837
:109E9000011F4FEA112140D1002EBED00423D9B2B8
:109EA0000729E2544FEA1222B7D001339D42F6D17E
:109EB000B3E7C9B27F2980B208BF0021B04218D1F0
:109EC0007F2241F202016846082302F07DFD08224C
:109ED00068462049FAF781FE30B908237F2241F213
:109EE000F011684602F070FD6B4603CB20606160A4
:109EF00093E741F2F0139842C1D000F47043B3F5F8
:109F0000805F0DD1C0F30B0000F17E6005FB010105
:109F10002A462046FAF796FE7FE7002BB5D17CE76C
:109F200000F46043B3F5005F7FF477AFC0F30B003C
:109F300000F1016000F5FC20E8E721206EE700BF9A
:109F4000738F00200080E00FCBF004083AA10020BE
:109F50000200E00F2DF1040808B500F011F8064BDF
:109F6000186800F005FC043005D1BDE808408821E0
:109F70000248FFF7A3B808BD70530020E4F10408BD
:109F800008B5064B186800F0F3FB043005D1BDE8B6
:109F9000084063210248FFF791B808BD60540020D3
:109FA000D1F2040808B502F044FE054B1B68834259
:109FB00004D0FEF7AFFE00F0010008BD0120FAE773
:109FC000E85400202DE9F34102AB03E90600044602
:109FD000904602F08DFA0546204602F099FA394F74
:109FE0009DF80060384BFDB1202C98F8002033F824
:109FF000141037F8140008D9814254D34FF6FF7279
:10A0000091421DD102B0BDE8F081012A32D84FF64D
:10A01000FF752E4802EB4212224430F81210A9427A
:10A0200002D0013120F8121033F8141037F8140060
:10A03000814238D34FF6FF7291424FF0010502D0B2
:10A04000013123F8141004F0FD02092A2DD19A8A57
:10A05000B98A32448A42B4BF9A82998233F8143062
:10A060008342CFD3002DCDD1204602B0BDE8F041D0
:10A0700002F06EBD022AD7D14FF6FF704FF6FF7582
:10A08000124A32F81410814218BF013104F1210044
:10A0900018BF22F8141032F81010A9421CBF013169
:10A0A00022F81010C0E70025CAE71D2CD6D15A8F20
:10A0B00091198142BDBF02F1FF32B6185E87588701
:10A0C000CCE700BF58890020AC890020D48800204C
:10A0D000EFF3058373B9EFF31082094B12B9EFF375
:10A0E000118212B11A68022A04D0186828B9012214
:10A0F0001A6070476FF0050070474FF0FF307047EF
:10A100001870002008B501F063F838B1022804D0B7
:10A11000034B1868431E5842584108BD0320FCE712
:10A120001870002010B5EFF30583BBB9EFF310836F
:10A130000D4C13B9EFF3118313B12368022B0DD02B
:10A140002368012B0DD16FF004000021F4F7BAFB56
:10A150000223236000F0A0FD002010BD6FF0050079
:10A16000FBE74FF0FF30F8E71870002008B5EFF379
:10A17000058393B9EFF3108313B9EFF311831BB188
:10A180000A4B1B68022B08D001F022F840B10228CC
:10A1900008D100F0B9FD002008BD6FF00500FBE715
:10A1A0000120F9E74FF0FF30F6E700BF18700020FC
:10A1B00010B50446EFF3058303BBEFF3108313B927
:10A1C000EFF311831BB1104B1B68022B16D000F06C
:10A1D000FFFF30F0020314D1012C03D100F094FDF5
:10A1E000204610BD6CB900F037FE0128F8D000F011
:10A1F000EFFF841E18BF4FF0FF34F1E76FF0050446
:10A20000EEE74FF0FF34EBE718700020F0B514468E
:10A21000002287B00B460592EFF3058222BBEFF3D5
:10A22000108212B9EFF311821AB1204A1268022A81
:10A230001AD0C8B1002C34D0A56925B16A1E372ABE
:10A2400002D9002011E018256268D207F9D46669A6
:10A250006EB1B2082168D4E9027C57B1BCF15F0F3E
:10A2600002D9246904B1AEB9059807B0F0BDA022A7
:10A27000F0E7BCF1000FF7D12469002CF4D105AC54
:10A28000CDE9005492B203F02DFA01281CBF00233F
:10A290000593E9E7CDE90147009503F051FA0590F0
:10A2A000E2E721461825A022E9E700BF1870002048
:10A2B0000346EFF3058292B9EFF3108212B9EFF380
:10A2C00011821AB1084A1268022A08D04BB1D3E9A8
:10A2D000020318B11F2B02D902F0BCBC0BB1002045
:10A2E000704702F0A9BC00BF1870002013B50C46DF
:10A2F00038B3B1F1807F24D2EFF305834BB9EFF38C
:10A30000108313B9EFF31183ABB1114B1B68022B10
:10A3100011D10023214601AA019300F033FB98B12B
:10A32000019B2BB14FF0E0234FF08052C3F8042D76
:10A33000204602B010BD214602B0BDE8104002F038
:10A34000FDBC6FF00304F3E76FF00204F0E700BF19
:10A350001870002070B50E46054618B3B1F1807F25
:10A3600020D2EFF305834BB9EFF3108313B9EFF36A
:10A3700011838BB10D4B1B68022B0DD1284602F0C7
:10A380000DFD31460446284600F0F4FA002808BFC7
:10A390006FF00204204670BD31462846BDE870408B
:10A3A00002F0BDBC6FF00304F4E700BF187000209A
:10A3B000034698B1EFF305824AB9EFF3108212B960
:10A3C000EFF3118232B1064A1268022A02D118460E
:10A3D00002F0E4BC0021184602F0A1BC704700BFA7
:10A3E0001870002073B50C461D4650B3B1F1807F44
:10A3F00027D2EFF305833BBBEFF3108313B9EFF3E1
:10A4000011831BB1124B1B68022B1DD002F00106F9
:10A4100082F00202C2F3400233462146009502F068
:10A4200029FC04EA00024EB1A24205D0002D14BF5F
:10A430006FF001006FF0020002B070BD002AF5D08D
:10A44000FAE76FF00300F7E76FF00500F4E700BFED
:10A450001870002008B5EFF3058373B9EFF310838C
:10A4600013B9EFF311831BB1074B1B68022B04D008
:10A4700030B102F09CFC002008BD6FF00500FBE746
:10A480006FF00300F8E700BF1870002038B50546EC
:10A49000EFF3058313B10024204638BDEFF310839A
:10A4A00013B9EFF311831BB11C4B1B68022BF2D0C5
:10A4B0002DB36B681A07EED4D5E9021203F001033D
:10A4C00071B14F2AE7D993B1042003F08FF8044605
:10A4D0000028E0D0296800F0CDFA44F00104DBE761
:10A4E000002AD8D1ABB1042003F051F8EFE70120E6
:10A4F00003F07CF804460028CDD0296806E001204E
:10A5000003F045F804460028C5D0294600F0B2FA09
:10A51000C2E7012003F03BF8ECE700BF1870002011
:10A52000034610B520F001000C4603F00102EFF3E2
:10A530000581E9B9EFF3108111B9EFF3118119B178
:10A540000E490968022913D0012B14D9214662B1A2
:10A5500002F079FF012801D1002010BD002C14BFAA
:10A560006FF001006FF00200F7E702F0D9FEF1E7AB
:10A570006FF00500F1E76FF00300EEE718700020C0
:10A58000024608B520F0010002F00103EFF3058157
:10A59000C9B9EFF3108111B9EFF3118119B10D4968
:10A5A000096802290FD0012A10D93BB102F062FFDD
:10A5B00001280CBF00206FF0020008BD1A461946A2
:10A5C00002F034FDF4E76FF00500F6E76FF00300EA
:10A5D000F3E700BF187000200346012B20F00100B4
:10A5E00010D9EFF305834BB9EFF3108313B9EFF3F1
:10A5F00011832BB1044B1B68022B01D102F01DBF4C
:10A6000002F00EBF002070471870002010B50346FE
:10A6100020F00104EFF305829AB9EFF3108212B92A
:10A62000EFF311821AB10A4A1268022A09D0012BEB
:10A630000AD9204600F030FA204602F030FF002010
:10A6400010BD6FF00500FBE76FF00300F8E700BFF7
:10A650001870002073B50E461546EFF30583D3BB83
:10A66000EFF3108313B9EFF311831BB1244B1B6875
:10A67000022B30D078B3B0422DD375B9012837D131
:10A680000322002102F066FF044620B3AEB96DBB81
:10A690002946204600F0EEF91EE0D5E90232C3B1AA
:10A6A0004F2A18D901281AD10322009200221146FC
:10A6B00002F081FF044670B1C6B1002320461A465D
:10A6C000194602F0B3FC0128E1D0204602F0E7FE73
:10A6D00001E0002AD2D00024204602B070BD1A4604
:10A6E000314602F091FF04460028F4D02D68CFE7F0
:10A6F000314602F057FF04460028C8D1EBE700BFFF
:10A700001870002013B50C4668B3EFF305834BB9FE
:10A71000EFF3108313B9EFF31183D3B1134B1B681D
:10A72000022B16D1FCB9214601AA019402F0CAFD00
:10A73000012803D06FF0020002B010BD019B0BB9DD
:10A740000020F9E74FF0E0234FF08052C3F8042DCA
:10A75000F6E7214602F0E4FD0128F1D0002CE9D013
:10A760006FF00100E8E76FF00300E5E718700020E4
:10A7700007B550B3EFF305834BB9EFF3108313B96B
:10A78000EFF31183CBB1124B1B68022B15D10023C1
:10A7900001A9019302F06EFD012804D06FF00200C0
:10A7A00003B05DF804FB019B2BB14FF0E0234FF0A9
:10A7B0008052C3F8042D0020F2E700231A46194600
:10A7C00002F034FC0128F6D0E8E76FF00300E7E779
:10A7D0001870002073B51546EFF305831BB10024F4
:10A7E000204602B070BDEFF3108313B9EFF311836D
:10A7F0001BB11A4B1B68022BF1D00028EFD00029A7
:10A80000EDD005B3D5E9023293B14F2AE7D92A69D1
:10A81000002AE4D001FB00F46E69A642DFD30024D5
:10A82000009402F0C8FE04460028D8D02D6810E03D
:10A83000002AD4D12B69002BD1D16A69002ACED14C
:10A8400002F088FEEFE72A4602F084FE0446002864
:10A85000C5D02946204600F00DF9C1E71870002048
:10A8600013B51C46EFF305834BB9EFF3108313B90F
:10A87000EFF31183E3B1164B1B68022B18D120B301
:10A8800019B314BB234601AA019402F0C1FC0128AC
:10A8900003D06FF0020002B010BD019B0BB9002085
:10A8A000F9E74FF0E0234FF08052C3F8042DF6E7AC
:10A8B00058B151B10023224602F0B8FB0128EED076
:10A8C000002CE6D06FF00100E5E76FF00300E2E74F
:10A8D0001870002013B51C46EFF305834BB9EFF356
:10A8E000108313B9EFF31183DBB1154B1B68022BF7
:10A8F00017D110B309B304BB01AA019402F0E2FC22
:10A90000012803D06FF0020002B010BD019B0BB90B
:10A910000020F9E74FF0E0234FF08052C3F8042DF8
:10A92000F6E750B149B1224602F005FC0128EFD00C
:10A93000002CE7D06FF00100E6E76FF00300E3E7DB
:10A9400018700020034B0360034B0B60A0231360BF
:10A95000704700BFB86F0020386D0020034B0360C4
:10A96000034B0B60A0231360704700BFD86C00201E
:10A97000586A00200A4600230146014800F09CBDA9
:10A9800039CD040813460A460146014800F094BD3B
:10A9900099CD040810B54FF0807440E90224184A9C
:10A9A0004FF0123440F80C2C4FF003324FF0023CC1
:10A9B00040E905244FF0013240F8203C40E9072CE3
:10A9C0004FF010334FF011324FF0093440E90A32A2
:10A9D0004FF008334FF0073C40E90C344FF006339A
:10A9E0004FF0053240E90E3C4FF0043340E910329D
:10A9F0006FF0020340F8443C40F8481D10BD00BF12
:10AA000099D601084FF0E02310B50024D3F8202D8B
:10AA100042F47F02C3F8202DD3F8202D42F07F426C
:10AA2000C3F8202DD2F7A4FE044B1C60FEF710F9EA
:10AA300000F06EFBD2F730FE204610BD609D002076
:10AA400008B502F03CFA044A136801331360BFF3FF
:10AA50004F8FBFF36F8F08BD609D0020044B1A68B5
:10AA60001A68013A1A60186808B902F033BA7047D8
:10AA7000609D0020002330B5064A52F8335002EBA7
:10AA8000C3041DB942F83310606030BD01330A2B96
:10AA9000F3D1FAE750700020002310B5084A52F8AD
:10AAA0003310DC00814206D10021064A42F83310FF
:10AAB0002244516010BD01330A2BF0D1FAE700BFE8
:10AAC0005470002050700020F8B50646144B154D08
:10AAD0001C6828680F46043002F0AEF9731C07D1D9
:10AAE00037B1296810480431BDE8F84002F099B93F
:10AAF0002B68A4195C6007D30C4B18682968BDE863
:10AB0000F840043102F076B9094B1868296804311D
:10AB100002F070F9074B1A68A24288BF1C60F8BDAA
:10AB2000C070002098750020C870002008710020B7
:10AB30000C710020A47000200C4B0D4A1B6863B9F7
:10AB40001268D06A78B90B4B1B68012B0CD80A4BE2
:10AB500018680A4B1B68C01A70471368D86A10B986
:10AB6000044B1B6870470020704700BFBC7000207A
:10AB70009875002038710020A4700020C07000205B
:10AB8000064A13681968064B19B94FF0FF321A606C
:10AB900070471268D2681268F9E700BF0C71002094
:10ABA000A47000202DE9F0410446FFF749FF2D4B2A
:10ABB0002D4E1A682D4F01321A603568002D43D191
:10ABC00034601B68012B1FD1B8464046013502F0A6
:10ABD00003F9382D08F11408F7D1DFF8B880244DB7
:10ABE000404602F0F9F8284602F0F6F8214802F053
:10ABF000F3F8214802F0F0F8204802F0EDF8204B7D
:10AC0000C3F800801F4B1D6014201F4A13680133D6
:10AC100013601E4A23641168E36A8B4200FB0370D1
:10AC200004F1040188BF136002F0FBF8FFF716FF80
:10AC3000174B1B689BB13368DA6AE36A9A420ED2FB
:10AC4000BDE8F04102F008B9114B1A68E36A002A26
:10AC5000DAD13268D26A9A4298BF3460D4E7BDE84C
:10AC6000F08100BFC470002098750020387100206A
:10AC700010710020F4700020E0700020C8700020E7
:10AC80000C71002008710020A8700020BC7000200A
:10AC9000B87000202471002030B5002489B007AAC4
:10ACA00006A905A8CDE90544FFF74CFE059B079AC8
:10ACB0000293069B0E49CDE900430E48234602F05D
:10ACC0003FFD80B100F00CFC012805460BD102F0DD
:10ACD000F6F84FF0FF32084B1A60084B1D60084B26
:10ACE0001C60FFF78FFE074B1B6809B030BD00BF2B
:10ACF0006734050845AF0408A4700020B870002030
:10AD0000C0700020649D0020024A13680133136064
:10AD1000704700BFA0700020014B1868704700BF4B
:10AD2000C0700020012906DC08B9044B18681431F2
:10AD300050F8210070470020704700BF9875002030
:10AD40003A4B2DE9F74F1B68002B68D1384B1C6834
:10AD500001341C606CB9374B1A681268364A19689E
:10AD6000106818601160354A136801331360FFF7EB
:10AD700007FF334D4FF0000B2B68324EA342324F8A
:10AD800012D914213A68D26A4A43B258022A2F4A89
:10AD900028BF4FF0010B1268002A18BF4FF0010BBB
:10ADA000584603B0BDE8F08FDFF88890DFF8A4A024
:10ADB000D9F8002012681AB94FF0FF322A60E0E794
:10ADC000D9F80020D268D2F80C80D8F804108C4250
:10ADD00001D22960D5E708F104031846019302F077
:10ADE0002BF8D8F8281019B108F1180002F024F84F
:10ADF0001423D8F82C00DAF80010884288BFCAF86B
:10AE00000000019903FB006002F00BF83868D8F8E5
:10AE10002C10C26A914228BF4FF0010BC8E70C4AC0
:10AE20004FF0000B136801331360B9E7A0700020E6
:10AE3000C07000200C71002008710020AC70002050
:10AE4000A47000203871002098750020B070002098
:10AE5000B4700020BC7000202DE9F041274C23681D
:10AE6000FFF7EEFD2368013B236024682CB100242A
:10AE7000FFF7F4FD2046BDE8F081214B1B68002B55
:10AE8000F5D0204D204EDFF890801DE0EB68DC68A7
:10AE9000271D04F1180001F0CFFF384601F0CCFF68
:10AEA0001420E36A326800FB03809342394688BF6E
:10AEB000336001F0B6FF154BE26A1B68DB6A9A4209
:10AEC00002D30122124B1A602B68002BDED10CB189
:10AED000FFF756FE0F4D2C6844B101270C4EFFF7CB
:10AEE0002FFF00B13760013CF9D12C60084B1B6883
:10AEF000002BBCD001F0B0FF0124B9E7A070002006
:10AF0000C4700020F4700020BC70002098750020F0
:10AF1000B0700020B47000203871002008B518B956
:10AF2000BDE8084001F098BF054B00211B68FFF702
:10AF3000EBFEFFF7C9FDFFF78FFF0028F0D008BD3B
:10AF4000A0700020F8B5184C184F194D2368C3B9EC
:10AF5000184B1B68012B01D901F07EFFFFF7ECFDB8
:10AF60000128F2D9FFF7D0FE134B1B68134B1B6867
:10AF7000FFF7E2FD012801D9D2F720FCFFF76CFFB3
:10AF8000E3E7FFF75DFDFB68DE68301D01F054FF6D
:10AF90002B68013B2B602368013B2360FFF75EFDBC
:10AFA000304602F03EFBD1E7DC700020E07000206C
:10AFB000C470002038710020A4700020C0700020F0
:10AFC00010B50C46054B1968183101F013FF2046E7
:10AFD000BDE810400121FFF777BD00BF9875002044
:10AFE00010B51446084B41F000411B68074B1A6826
:10AFF00091611968183101F014FF2046BDE8104036
:10B000000121FFF761BD00BFA070002098750020EE
:10B0100038B514460D46084B1968183101F001FF88
:10B02000002C214608BF2846BDE8384018BF4FF025
:10B03000FF30FFF749BD00BF9875002038B5C368E1
:10B04000DC6804F11805284601F0F6FE124B1B6877
:10B05000EBB9251D284601F0EFFE14200F4AE36AE4
:10B0600011688B4288BF13600D4A294600FB0320FC
:10B0700001F0D7FEFFF784FD0A4BE26A1B68DB6A2A
:10B080009A4285BF0120084B0020186038BD294630
:10B09000064801F0C6FEEFE7A0700020BC7000205B
:10B0A0003871002098750020B0700020F4700020E6
:10B0B00038B5C46841F00041104A0160251D12688E
:10B0C00001F0BAFE2846FFF75BFD01F0B5FE142043
:10B0D0000B4AE36A11688B4288BF1360094A29460C
:10B0E00000FB032001F09DFE074BE26A1B68DB6A50
:10B0F0009A4282BF0122054B1A6038BDA070002021
:10B10000BC7000203871002098750020B0700020BD
:10B11000F8B51E4B1A681E4B12B101221A60F8BD19
:10B120001C4C1A6023681B6B1A68B2F1A53F0BD147
:10B130005A68B2F1A53F07D19A68B2F1A53F03D191
:10B14000DB68B3F1A53F04D020682168343101F0F9
:10B1500072FD1427104E114A316807FB01F3D558D0
:10B16000D0188DB1456808336D6813449D4208BFFF
:10B170006B68456008BF4360142303FB01225368DA
:10B18000DB6823603160CAE70139E6E7A070002080
:10B19000B070002098750020BC700020387100202D
:10B1A000044B1A68196890691A68CB6AC3F13803AE
:10B1B0009361704798750020014B1868704700BF75
:10B1C000987500200122014B1A607047B070002072
:10B1D000054B1B6833B1054B1868B0FA80F0400985
:10B1E0004000704701207047B8700020A070002018
:10B1F000F8B5044638B31A4DC36A2A68D26A934236
:10B2000026D28269174E002AA1BF2A68D26AC2F1EB
:10B2100038028261142202FB036342699A4213D10D
:10B22000071D384601F008FE14202B680E4ADB6A21
:10B23000116800FB03608B42E362394688BF1360EC
:10B2400001F0EFFD0120F8BD2B68DB6AC362F9E76E
:10B250002B68806CDB6A98422CBF00200120F2E74B
:10B260009875002038710020BC70002038B5044665
:10B2700008B9002038BD114BC16A1B68826CC36CD1
:10B28000914203F1FF33C364F3D0002BF1D1051DCC
:10B29000284601F0D1FD1420A36CC3F13802A2614D
:10B2A000074AE36211688B4288BF1360054A29464A
:10B2B00000FB032001F0B5FD0120DBE798750020BD
:10B2C000BC7000203871002070B5044660B3836CF8
:10B2D000994238BF1946C36A8B4225D0C26C012AF5
:10B2E00022D1124A124D12688269C162002A4FF0BF
:10B2F000140202FB03534269A4BFC1F1380181610A
:10B300009A4211D1061D304601F096FD1420094ADB
:10B31000E36A116800FB03508B423146BDE8704080
:10B3200088BF136001F07DBD70BD00BF987500201F
:10B3300038710020BC700020034B1A68034A126861
:10B340001A6802441A607047C0700020A470002080
:10B350000B4B1B687BB90B4A106870B90A4B1B6812
:10B3600063B90A4B18680A4B1B68013B98420CBF33
:10B37000022001207047002070471846704700BF28
:10B38000F4700020B0700020B4700020C87000205D
:10B39000C4700020044B1A681AB11968CA6C0132D3
:10B3A000CA641868704700BF98750020034B1B687B
:10B3B0000360034B1B684360704700BFAC70002004
:10B3C000C070002070B50D460446FFF739FB0F4BE7
:10B3D00019682B685A1C17D00D48266800686268E7
:10B3E000864208D08A4206D8002301242B60FFF74A
:10B3F00035FB204670BD881A8342F5D95B1A134489
:10B4000020462B60FFF7D2FF0024F0E7C070002039
:10B41000AC700020914208B5416000610AD8D21A90
:10B4200083699A420DD2084B011D186801F0E2FCB5
:10B43000002008BD9A4201D2994202D2034B011D5D
:10B44000F3E70120F5E700BFF8750020FC75002048
:10B45000F7B5114CFFF7F4FA2568BDB90F4F104E40
:10B46000384601F0B9FC304601F0B6FC0D4B102116
:10B470001F600D4B0A201E600C4A0D4B009502F018
:10B480009AF8206010B10B49FFF7F4FA03B0BDE859
:10B49000F040FFF7E3BA00BFF475002014760020F7
:10B4A00000760020FC750020F87500205E950020D5
:10B4B000A07500206C3405081FB514461A466FF0BD
:10B4C0000103CDE900300548CDE9021400236946A7
:10B4D000006801F09DFE04B010BD00BFF4750020AF
:10B4E00010B588B0FFF7B4FF0E4B00241868B8B150
:10B4F00007AA06A905A8CDE90544FFF72FFA059B81
:10B50000079A0293069B0849019335230748009345
:10B51000234602F015F9064B1860001B18BF0120E6
:10B5200008B010BDF47500207134050809B6040890
:10B53000F07500207FB50F4C0546206816461A4668
:10B5400080B10529CDE9001602950DDCFFF740FE1C
:10B550000023022818BF1A46694608BF089A2068C7
:10B5600001F064FD04B070BD0023694601F050FE97
:10B57000F8E700BFF47500202DE9F3470646FFF712
:10B58000CBFBDFF880800546D8F80030834209D92C
:10B590001A4F3B681A686AB9194A11681360396012
:10B5A000012300E0002328463360C8F8005002B0B1
:10B5B000BDE8F087DB68DC68D3F8009004F1040A8A
:10B5C000504601F039FC236A2046984794F8283009
:10B5D0005B07DED5A3694B44994506D251463868CE
:10B5E0006360246101F006FCD3E700234A46194654
:10B5F00020460093FFF79EFFCBE700BFFC750020BD
:10B60000F87500209C7500202DE9F04700275E4D5D
:10B6100088B02B68D3F80080B8F1000F50D0002418
:10B62000DB68D3F80080FFF76FFB04A8FFF7A4FFE7
:10B63000049B8246554E002B5CD1002C47D14045DF
:10B640004BD3FFF709FC2B68DB68D3F80C9009F1AA
:10B65000040001F0F1FB99F82830580732D5D9F8E9
:10B6600018104346524648464144FFF7D3FE30B1D6
:10B6700023464246214648460094FFF75BFF484672
:10B68000D9F8203098470022306804A901F053FD12
:10B690000028BED0049B0698002B2EDB069C636915
:10B6A000002B31D103A8FFF767FF049B0246092B4B
:10B6B000E9D8DFE803F02D2D2D4C53612D2D4C538F
:10B6C0000124B0E723F0010389F82830D7E7304B95
:10B6D0001B681C68B4FA84F4640922463068A8EB3D
:10B6E0000A0101F0E7FEFFF7B7FB0028CBD101F01C
:10B6F000B3FBC8E7FFF7B0FBC5E7059B0799984781
:10B70000049B002BBFDBC9E7201D01F095FBC9E7B7
:10B7100094F82830A16943F0010384F82830059B90
:10B7200020461944FFF776FE0028ACD0236A204655
:10B73000984794F828305907A5D50023A2690599A0
:10B7400020460A4400971946FFF7F4FE9BE794F859
:10B75000283023F0010384F8283094E794F8283047
:10B7600043F0010384F8283005990346A1610144A0
:10B770002046FFF74FFE86E794F828309A07E8D472
:10B78000204601F0BAFB7EE7FC750020F47500202E
:10B79000F875002038B50D46044601F013F8064A46
:10B7A00013889BB22DB123431380BDE8384001F0CC
:10B7B00004B823EA0403F7E7288E00200022034B95
:10B7C00001214FF480701A70FFF7E4BF6A960020E1
:10B7D00008B5054B1868F9F7A9FF00F00300C31E70
:10B7E0005842584108BD00BF2884002038B504469F
:10B7F00001F0C6FF0C4B05461978187981420FD02D
:10B80000631E082B0CD8DFE803F0050D0B0D0B0DA4
:10B810000D0D0D0000220146044B1868F9F784FF56
:10B82000284638BD0022F7E784A1002028840020A4
:10B8300038B54FF0FF300C46FDF7E4F90A4B0546EA
:10B840001868FDF7DFF9641B241A20B210F1630FAA
:10B8500006DB10F1240F05DA64308000C0B238BD79
:10B860000020FCE7FF20FAE72884002008B5134BEE
:10B870001B78062B04D040F605011148FDF71EFC8D
:10B88000104B1B881B0704D440F606010C48FDF73B
:10B8900015FC0D4B2A201978FFF7A8FF002108207E
:10B8A000FFF778FF0222094B1A70094B1868DAF784
:10B8B0007DFFBDE8084001F037B900BF6A9600205F
:10B8C0009C780508288E002067960020B8A10020EB
:10B8D0002884002010B50E4C236823B940F65F4140
:10B8E0000C48FDF7EBFB2068013001F08CF900F00B
:10B8F000070003280AD1246809220121204600F00C
:10B90000AFFB205C031F5842584110BD0020FCE7EC
:10B91000188400209C78050838B50C4640B10021F9
:10B920000420FFF737FF01F0FFF8012C1DD038BDD0
:10B93000244B1B889B07F6D50129234A2FD1117868
:10B9400069B30139C9B2117011B92020FFF722FF84
:10B9500000210220FFF71EFF04221C4B00211C487F
:10B960001A7000F029FD01F0DFF81A4C2068013050
:10B9700001F049F900F44060B0F5006F1FD1246870
:10B9800001210422204600F06BFB204401F03BF92A
:10B990000146BDE838400022202001F0FDB800211A
:10B9A0000D4D02201170FFF7F5FE2B78FF2B04D010
:10B9B00040F27C610948FDF781FB2C70B3E74FF63C
:10B9C000FF71E6E7288E0020699600206A96002025
:10B9D000609E002018840020B9A100209C780508F2
:10B9E00038B5134C05462388580709D5FFF7F0FEF4
:10B9F00001460720FFF7FAFEFF210120FFF78CFF29
:10BA0000238899070BD50B4B284619788A1F51427A
:10BA10005141FFF7EBFE01210020FFF77DFF238856
:10BA20001B0703D5BDE83840FFF720BF38BD00BF76
:10BA3000288E00206A960020F7B5124CD4E90065E4
:10BA400086EA020C85EA03070CEA000C0F405CEA68
:10BA5000070E15D086EA0C067D40C4E90065CDE9E5
:10BA600000230B46084902460868F9F768FF38B119
:10BA700040F2F711054803B0BDE8F040FDF71EBBEA
:10BA800003B0F0BDE8200020288400209C78050841
:10BA900008B50A4B1B88DB0604D440F62B01084886
:10BAA000FDF70CFB00211020FFF774FE002000F0D2
:10BAB00037FBBDE8084001F037B800BF288E0020F2
:10BAC0009C7805082DE9F04F5706804614461D4620
:10BAD00091B005D5FFF77CFE01460120FFF786FEF9
:10BAE000EE0403D500212D20FFF780FEA00224D50F
:10BAF0004046F9F7A1FF0146F8B94020FFF74AFE9A
:10BB000040460AA9F9F76AFAB8B99DF83030022B15
:10BB100040F0D580BDF8280000F082FDFF2808D154
:10BB20004046F9F759FA40B901214020FFF732FEAB
:10BB300003E000F08FFD0028F2D1A10305D5FFF747
:10BB400047FE01460320FFF751FEE20104F0807634
:10BB500040F1BC80804B1B889B072DD57F4E306801
:10BB6000F9F7DEF940BB7E4B7E4F18703B78FF2B18
:10BB700004D040F23A617C48FDF7A0FA4FF000098A
:10BB800000210220FFF706FE87F80090774F3B78F0
:10BB9000062B07D101210820FFF7FCFD494628208C
:10BBA000FFF724FE3B78052B06D100212B20FFF761
:10BBB0001DFE3068DAF7FAFD00F0B6FF260717D54C
:10BBC000664F0321386805AAF9F7C0F9064620B97F
:10BBD00040F2AC616448FDF771FA9DF81430072B10
:10BBE00000F0C680FFF7F4FD01460420FFF7FEFDDC
:10BBF000E20505D5FFF7ECFD01460420FFF7F6FD51
:10BC000014F4863F05D0FFF7E3FD01460220FFF75D
:10BC1000EDFDA30113D5FFF7DBFD01460820FFF77B
:10BC2000E5FD00210420FFF7B5FD504B1B78012BEB
:10BC300003D14A4B1868DAF7B9FD00F075FF14F02C
:10BC4000084F09D0FFF7C4FD01460720FFF7CEFDDE
:10BC5000FF210120FFF760FEA70009D5FFF7B8FD1F
:10BC600001460620FFF7C2FDFF210120FFF754FE29
:10BC7000A60705D5384B1B881C0701D5FFF7F6FD35
:10BC8000680603D500210A20FFF7B0FD290602D57A
:10BC90000120F9F7E3FEEA0540F171814046F9F72A
:10BCA00041FD052800F261810138042800F2678116
:10BCB000DFE810F062017201620162016201032B90
:10BCC0007FF43BAF0AA801F0FAFD34E705F0020764
:10BCD00056EA07030AD0254B262019788F1F794290
:10BCE0007941FFF783FD012130460EE004F08056D4
:10BCF00056EA07030CD01D4B1978881F4142414179
:10BD00002620FFF773FD02213846FFF705FE55E7B1
:10BD100004F0884151EA060309D0144B2720197812
:10BD20008A1F51425141FFF761FD0221DCE705F016
:10BD300008030B4302D02320FFF758FD6B0703D500
:10BD400000212420FFF752FDEF077FF537AF0021D8
:10BD50002520FFF74BFD31E7288E002028840020A6
:10BD600069960020B9A100209C7805086A960020F9
:10BD7000314638680AAAF9F7EFF820B140F2B3610A
:10BD80008B48FDF79BF9BDF81610386802310AAAF6
:10BD900089B2F9F7E3F820B140F2C2618448FDF7B7
:10BDA0008DF90023009331460423386804AAF9F77B
:10BDB000ECF8042804D04FF4D9617D48FDF77EF9F2
:10BDC000DFF8089299F80030C3BB0DF1110000F0C4
:10BDD0001AFF00F00700022830D1FFF7F9FC0146F6
:10BDE0000920FFF703FD734B1B78062B23D1724B01
:10BDF0009DF813201B789A421DD19DF8353023B948
:10BE000040F2DE616A48FDF759F90DF1110000F0CA
:10BE1000FAFEC0F3001631462920FFF7E7FC0021A7
:10BE20000820FFF7B7FC654B1E70FFF753FD10B9F4
:10BE30003868DAF7BBFC00F077FED9E6BDF81600EB
:10BE40000121083080B200F03FFA039030B9FFF7CB
:10BE5000BFFC01460420FFF7C9FCECE700F0C0F985
:10BE60000799BDF818200646F8F7ECFE089941B18D
:10BE7000BDF81800BDF81620121A92B23044F8F737
:10BE8000E1FE99F800A0BAF1000F20D106F1010BF4
:10BE9000584600F0B8FE800656D53868F9F7CCFD54
:10BEA0000746FFF795FC05370146F8B2FFF79EFC01
:10BEB000584600F0A8FE00F007000328404F2BD0A2
:10BEC00001210420FFF766FCF9F76FF838600022C3
:10BED0003C49BDF816300978F718F1549DF8363012
:10BEE000BB709DF83730FB700A9B190E3971190C25
:10BEF0007971FB71190A99F80030B97123B9737817
:10BF000082B343F020037370002000F037F978709B
:10BF1000039800F03FFA8EE701210922304600F035
:10BF20009FF8305C01210428CBD1FFF733FCF9F7EF
:10BF30003CF8254B38601B885906C8D5514640202F
:10BF4000FFF728FC0122C3E7FFF742FC0146092066
:10BF5000FFF74CFC174B1B78012BB8D13868DAF788
:10BF600025FCB4E723F02003CDE7342804D00FD814
:10BF7000142801D0242811D12620FFF731FDAB056C
:10BF800012D50121802011B0BDE8F04FFFF702BCAF
:10BF900000F0EF004428EEE72720EEE740F6CA0164
:10BFA0000348FDF78BF8EAE711B0BDE8F08F00BF5A
:10BFB0009C7805086A96002065960020B8A10020AC
:10BFC00014840020BAA10020288E00206D96002045
:10BFD000024B1878B0FA80F0400970476A9600204A
:10BFE00008B5054B01211868F9F7C4FB0028B8BF54
:10BFF000033040F3870008BD2884002008B5074BB4
:10C000001868F9F731FC30B1054BB3FBF0F083B29F
:10C010000BB1184608BD0120FCE700BF28840020B2
:10C0200040420F0038B510200C460121FFF7B2FB4B
:10C03000064B1D68FFF7E2FF012200FB04F1044BF1
:10C040002846F9F77AFB002038BD00BF288400207D
:10C0500091BA04080148FDF731B800BFB678050869
:10C06000032A70B5144602D82C4B985C70BD81F041
:10C07000010519B90D2A07D1FF20F7E70D2A03D1D1
:10C0800000780538C0B2F1E7084400F0BCFDC5F106
:10C09000040110F440660246C9B209D1042C0846D6
:10C0A000E4D0052C16D112F0400F18BF0846DDE78A
:10C0B000C5F10603042CD8B2D8D0B6F5006F03D171
:10C0C000C5F10805E8B2ECE7B6F5406FE9D1C5F176
:10C0D0000E05F7E712F4404107D1062CC6D0072C15
:10C0E000C4D0082C13D10130CCE755065CBF831CAB
:10C0F000D8B2062CBAD0B1F5004F02D1831CD8B209
:10C10000EDE7B1F5404FEAD100F10803F7E7130777
:10C1100044BF0530C0B20C2CA8D9ADE7C0780508E3
:10C12000AC2370B5094C054603FB00435E6D26B990
:10C1300040F2F9310648FCF7C1FFAC2303FB05448C
:10C14000002363653346BDE870401847AC84002087
:10C15000EB79050810B40C461146AC22064B02FBE5
:10C160000033586D20B95C655DF8044BFFF75ABF8A
:10C1700002205DF8044B7047AC840020AC22034BD6
:10C1800002FB003393F8A800704700BFAC84002086
:10C1900028B1034B1B68C01A4010013080B27047B1
:10C1A0006C85002030B1044B00F100401B68013861
:10C1B00003EB4000704700BF6C850020064B1B68F6
:10C1C000834206D8054B1B68834294BF00200120A0
:10C1D00070470020704700BF6C85002068850020F4
:10C1E00010B5044608B9002010BD01F0DBFA20B9F3
:10C1F00040F2CD410748FCF761FF2046FFF7D2FF30
:10C200000028F0D00388DB0B14BFD0F80A000830F8
:10C21000EAE700BFCE78050810B508B9002010BDC8
:10C22000FFF7C0FF044601F0B4FA20B94FF49D6156
:10C230000648FCF743FF002CF0D02388DB0B0ABF35
:10C2400060882089C0F30C00E9E700BFCE780508BC
:10C2500038B5FFF7A7FF0D46044650B101F099FA33
:10C2600020B940F241510348FCF728FF023534F869
:10C27000150038BDCE78050870B5FFF793FF0C4662
:10C2800016460546B0B101F084FA20B940F24D518E
:10C290000C48FCF713FF3046FFF784FF01F079FAF2
:10C2A00020B940F24E510748FCF708FF023425F848
:10C2B000146070BD40F25251BDE870400148FCF777
:10C2C000FDBE00BFCE7805082DE9F8430746884635
:10C2D000FDF768FE20B940F28E512A48FCF7EEFEC9
:10C2E000FC1CA408284B64000434B7F5005F1E68EA
:10C2F000A4B204D340F295512248FCF7DFFE00F0CF
:10C3000061FA224981460B687BB9214B1D68761B77
:10C31000C6F34F06B44227D90025484600F04DFA2F
:10C320002846BDE8F843FFF733BFB8F1000F11D03E
:10C33000174A15685A1BC2F34F029442ECD81448AE
:10C34000620005EB44040460B8F1000F0FD1134400
:10C350000B600CE0F61AC6F34F0676B940F2A65110
:10C360000848FCF7ABFED7E705EB44041C6000234C
:10C370006F80AB80EB802B80CFE7B442CCD8044AEF
:10C380001568DCE7CE780508708500205885002008
:10C390006885002038B5054600F014FA04462946A1
:10C3A0000448002201F00BFA2046BDE8384000F0B6
:10C3B00004BA00BF2E8E002082684B4B2DE9F0415D
:10C3C0009A4204460E46056815D121B140F2131178
:10C3D0004648FCF773FE00F0F5F923691BB92B689A
:10C3E0002BB924612C60BDE8F04100F0E6B91A6970
:10C3F00022611C61F6E700F0E0FA8046FCF78AFC57
:10C4000020B14FF495713948FCF758FE6FF00043A6
:10C410009E4221694BD22B7B08EB0602002B4DD0AC
:10C42000AB6893424AD1531C002949D061699942B3
:10C4300042D01EB9521AB2F1004F3DD9636123694F
:10C440006E689C4203D19D212848FCF737FE2F4699
:10C450000023B4420BD0002B41D172696169891A63
:10C46000B1F1004F32D83269374694422CD122695B
:10C47000BD420CBF6A603A617BB92669B44203D100
:10C48000B8211A48FCF71AFE3B46012E05D0626916
:10C490007169521AB2F1004F23D99D420BBF6B68EC
:10C4A0001A69236122610CBF6C601C6104E0434483
:10C4B00031B162699342C1D1BDE8F0811346B3E75F
:10C4C0006A6822616C60B9E71646C6E7A8EB02020B
:10C4D000B2F1004FC7D93B4637463669B9E71F4628
:10C4E000F9E733463669D0E769860208E27805083D
:10C4F0000823064A12F8011B814205D0013B13F0C4
:10C50000FF03F7D118467047012070477579050879
:10C510000823064A12F8011B814205D0013B13F0A3
:10C52000FF03F7D118467047012070476D79050861
:10C5300010B5082207490446F8F74FFBB0FA80F01F
:10C540004FF6FF732289400940009A4208BF40F02D
:10C55000010010BD7E79050830B504460D4685B052
:10C5600002B9084A1068516801AB03C301AB03CBA1
:10C5700020602046ADF80C501B886160238105B017
:10C5800030BD00BFFDFF0408002270B50A4B1C78C7
:10C590000A4BD5B2AC4202D800200C7008E01E88CD
:10C5A0000132864205D30D701B881B1A5842584130
:10C5B00070BD1233EDE700BF52950020E48B0020E0
:10C5C000F8B5154B04461D680E46E5B1134B1F78B0
:10C5D000874218D900EB400305EBC30526B92B6948
:10C5E000DA0712D42046F8BD08223146281DF8F794
:10C5F000F4FA50B92B69DB07F4D40134E4B2A74252
:10C6000005F11805F0D1FF24ECE70134E4B2A742AC
:10C6100005F11805E2D1F6E7DC850020D8A100205D
:10C620000A4B01461B6830B52BB1094A1478002229
:10C63000D0B2844201D8FF2030BD5D888D4202D146
:10C640001D69ED07F8D401321833F1E7DC850020CD
:10C65000D8A100200F4A03461068D0B10E4A1278C4
:10C660009A4215D919B203EB430300EBC3000369E7
:10C6700013F001000DD0094A126832F8112002F4BB
:10C68000E2622AB913F00C0F14BF0120002070479A
:10C6900001207047DC850020D8A10020D88500202B
:10C6A000094B1B686BB1094A1278824209D900EB29
:10C6B0004000C20003EBC0000169C90701D5985CC6
:10C6C0007047FF20704700BFDC850020D8A1002004
:10C6D0000C4A0346106890B10B4A12789A420DD961
:10C6E00003EB430300EBC300D0E9043213F0010075
:10C6F0004FF0000104D01846114670470020014653
:10C70000704700BFDC850020D8A1002010B5164B73
:10C71000187860B1154C2368CBB14FF470720020CB
:10C720001349FFF717FD2368013B236010BDFFF796
:10C7300057FC1049104A91F90040136884420B4C91
:10C7400003F1010313602368B8BF087053B90B48A5
:10C7500001F05DF80028E9D1BDE810400146074826
:10C76000FFF72ABE0822DAE7C1960020F8850020EC
:10C770000DC70408BC960020F08500206CA00020A6
:10C78000054B1B682BB9054B1868003818BF0120F2
:10C7900070470120704700BFE8850020E485002035
:10C7A00010B962B6BFF36F8F7047EFF3108072B6A7
:10C7B0007047302383F31188704780F31188BFF3EB
:10C7C0006F8F7047EFF31180302383F31188704728
:10C7D000EFF31083DB0706D4EFF311802F2894BF0B
:10C7E000002001207047012070474FF4004070473F
:10C7F0004FF47A707047C369032B9FBF00EB83022D
:10C800000133D160C3617047C369042B14D84FF062
:10C810009842116CC902FCD504339B001365016872
:10C82000103B11604168116050F8081F11604FF013
:10C8300098420344984200D1704750F8041F116099
:10C84000F8E770B50546A8B1FFF7AFFF0646286EBA
:10C85000FDF7C2FE044640B100F0EBF9844209BF87
:10C860006C6D0124E44304F001043046FFF798FFA7
:10C87000204670BD0124FBE738B50D460446A8B13B
:10C88000FDF740FC02280FD1FFF7A2FF20B12046A0
:10C89000BDE83840FFF7D5BF2946206EFDF740FEC2
:10C8A000003818BF012038BD0020F9E70120FAE761
:10C8B00010B50446A0B1FDF725FC02280ED1FFF704
:10C8C00087FF20B12046BDE81040FFF7BABF206EB9
:10C8D000FDF756FE003818BF012010BD0020F9E713
:10C8E0000120FAE709B100F002B82220704770B5C4
:10C8F00006460D46FFF766FF04461F2E55D8DFE8B3
:10C9000006F01019541E212454272A542D54303374
:10C910005436393C543F544251545454455448546D
:10C920004B4EFCF707FA002628602046FFF745FF2C
:10C93000304670BD4FF4C070BEF7ECFAF3E74FF429
:10C940002070F9E74FF44070F6E74FF46070F3E7BA
:10C950004FF40070F0E74FF48060EDE74FF4406073
:10C96000EAE74FF4C060E7E74FF4F060E4E74FF424
:10C97000B060E1E74FF4D060DEE74FF41060DBE732
:10C980004FF4E060D8E74FF4A060D5E74FF428609B
:10C99000D2E74FF48070CFE74FF42060CCE74FF43C
:10C9A0004860C9E74FF40860C6E700202126BBE7CE
:10C9B00008B5FCF771FB80B208BD08B5FCF76CFB4D
:10C9C00008BD704742DE704710B404460846114661
:10C9D00022465DF8044BFDF70DBA704710B962B6F8
:10C9E000BFF36F8F704770472DE9FF410D46164624
:10C9F0001F460446A8B14FF00008C0F81C80FCF7A1
:10CA000097FFBDF82C30424602939DF82830294606
:10CA1000CDE9007320463346FCF73AFF04B0BDE889
:10CA2000F0812220FAE7F0B51F46002387B00D46BB
:10CA3000164604468DF81730A8B1C3610DF11701F1
:10CA4000FCF7A4FF9DF817207AB9BDF834302946C9
:10CA500002939DF830302046CDE900733346FCF751
:10CA600017FF07B0F0BD2220FBE70320F9E738B538
:10CA7000FFF7A8FE0546FDF713F904462846FFF721
:10CA80009CFE204638BD00F020B800F02FB810B54D
:10CA900004460020FCF76CFA012C04D0022C05D1CE
:10CAA000C0F3400010BD00F00100FBE70020F9E7F3
:10CAB00000210846FCF764BA00F00101830748BF73
:10CAC00041F002010020FCF741BA002008B5FCF754
:10CAD0004FFA10F0080008D000200821FCF742FAB5
:10CAE000BDE808400020FCF769BA08BD0421002019
:10CAF000FCF738BA38B5FFF765FE04460020FCF7AE
:10CB000037FA830700F0010548BF45F0020500F041
:10CB100003010020FCF726FA2846FDF715F8204609
:10CB2000BDE83840FFF749BE08B5FDF715FA00F03B
:10CB30001EF808BD38B50546FFF737FE044601214B
:10CB40002846FCF769FB2046BDE83840FFF728BEC1
:10CB500010B5044600F01EF82046F7F78DFE20467B
:10CB6000F2F7F3FDBDE81040F5F792B8704708B54D
:10CB7000FFF7FCFF08BD38B50546FFF716FE044673
:10CB800001212846FCF748FB2046BDE83840FFF766
:10CB900007BE70470020704730B589B00446ADF835
:10CBA00006108DF81020FFF7A3FC05462046FFF77E
:10CBB000AFFC03469DB1BDF80600ABB900F02CFEFA
:10CBC000FF2808BF00200DF10F038DF80F001A4653
:10CBD000204604990593FDF7F5F909B030BD00280A
:10CBE000F5D00DF10603F2E700F016FEFF2808BFAE
:10CBF0000020BDF806308DF80F00ADF81A308DF822
:10CC0000180006ABE3E7008870470170090A41701D
:10CC1000704708B54FF0E0231B69FEF7D9FA0128E9
:10CC200003D0BDE8084000F022B908BD4FF47A7087
:10CC30007047FEF7C1BA704738B5202000F051F9AF
:10CC4000044628B1002540F8045B00F0C5F82577BC
:10CC5000204638BD202313B501930446019B30B113
:10CC6000002340F8043B00F0B7F801232377204667
:10CC700002B010BD2DE9F84306460C46984617460B
:10CC8000DDF82090FEF7A4FAFEF73EF8356805EAD5
:10CC90000403B8F1000F24D17BBBB9F1000F2DD0F4
:10CCA000391E18BF012109064A462143301DFEF7EF
:10CCB00097F9FEF7D1F808B900F0CEF8FEF770FA50
:10CCC000830105460AD4FDF7BBFE356804EA050377
:10CCD000B8F1000F1BD1E3B9FDF7C0FE25F07F4589
:10CCE0000EE0A34209D0B9F1000F07D0391E18BFDA
:10CCF0000121090641F08061D6E727B9FEF7ACF8BB
:10CD00002846BDE8F88325EA04043460F6E79C422F
:10CD1000E2D1002FE0D025EA04043460DCE770B5EE
:10CD200005460C46FDF78CFE2E6826EA04042C60AE
:10CD3000FDF794FE304670BDFFF7F1BF2DE9F041DD
:10CD400004460D4600F10C06FDF7DEFF236820695E
:10CD50002B4300252360B042216807D121EA050159
:10CD60002160FEF779F82068BDE8F081D0E900285D
:10CD700022F07F4312F0806F03EA010702D11FB94E
:10CD80004046E8E7BB42FBD1D20141F0007148BF09
:10CD90001D43FEF78DF9F3E7FFF7D0BF10B504464A
:10CDA00000F08DF8246800F095F8204610BD10B50D
:10CDB0000446FDF7A9FF636843B9237F13B92046F2
:10CDC00000F09BF8BDE81040FEF746B84FF0007148
:10CDD0002069FEF76DF9EEE74FF0FF3200F108032E
:10CDE000C0E902234360036100230360704700230E
:10CDF0000361704730B50C68631C0AD103695A6837
:10CE00004A6091608B605960036808610133036078
:10CE100030BD00F10802134652681568A542FAD9E0
:10CE2000EDE743689A684B608A60516099600368D7
:10CE300008610133036070470369D0E901128A6019
:10CE400051605968814208BF5A60002202611A6825
:10CE5000013A1A60186870474FF0E0234FF0805293
:10CE6000C3F8042DBFF34F8FBFF36F8F704710B51A
:10CE700000F025F80446FDF763FF28B14FF0E023EA
:10CE80004FF08052C3F8042D2046BDE8104000F05A
:10CE900021B8836913F8023C022B0FD14FF0E02335
:10CEA000D3F8882D42F47002C3F8882DD3F8342FBC
:10CEB00042F04042C3F8342FFBF7AABE7047EFF3AD
:10CEC00011804FF0300181F31188BFF34F8FBFF312
:10CED0006F8F704780F31188BFF34F8FBFF36F8F51
:10CEE000704710B50446FDF70FFF2046D3F700F951
:10CEF0000446FDF7B1FF204610BD10B5044640B111
:10CF0000FDF702FF2046D3F7FBF8BDE81040FDF720
:10CF1000A3BF10BD70B50446FDF792FD94F84550CF
:10CF200004F124066DB2002D14DCFF2384F8453093
:10CF3000FDF794FDFDF784FD94F8445004F11006CC
:10CF40006DB2002D12DCFF2384F84430BDE8704040
:10CF5000FDF784BD636A002BE7D03046FEF76EF81C
:10CF600008B1FEF72FF9013D6DB2DCE72369002B14
:10CF7000E9D03046FEF762F808B1FEF723F9013D2B
:10CF80006DB2DEE710B50446FDF75AFDA46BFDF760
:10CF900065FDB4FA84F0400910BD70B51646026C08
:10CFA0000446856B42B906689EB98068FEF75EF953
:10CFB000A6600135A56370BD6EB94068F7F742FE03
:10CFC0006368226C1344A2686360934224BF2368A1
:10CFD00063600020EDE7C068F7F734FE226CE36879
:10CFE00051429B1A2268E36093423EBFA3685B18DC
:10CFF000E360022EEDD10DB1013DEAE72846D8E706
:10D0000003461A6C084610B46AB1DC689968144487
:10D010008C4228BF1968DC6028BFD960D9685DF8E8
:10D02000044BF7F70FBE5DF8044B7047F0B50446AC
:10D0300085B01D4601920E46FEF7CAF8FDF700FDC9
:10D04000A26BE36B9A421FD22A4631462046FFF775
:10D05000A4FF636A1BB104F12400FDF7EFFF08B1E0
:10D06000FFF7FAFEFDF7FAFC012005B0F0BDFDF771
:10D07000E7FCA36BE26B9A42E6D80123019A42B91E
:10D08000FDF7ECFC0020F0E7022DDDD000231F4669
:10D09000F4E713B902A8FEF789F9FDF7DFFCFDF705
:10D0A00033FEFDF7CDFC94F84430FF2B08BF84F825
:10D0B000447094F84530FF2B08BF84F84570FDF7A5
:10D0C000CDFC01A902A8FEF77DF920BBFDF7B8FC55
:10D0D000A26BE36B9A4210D1FDF7C0FC019904F1F9
:10D0E0001000FDF76DFF2046FFF714FFFDF7B4FEBB
:10D0F0000028BCD1FFF7B0FE06E0FDF7AFFC2046EC
:10D10000FFF708FFFDF7A8FEFDF79AFCA26BE36BA3
:10D110009A42B2D298E72046FFF7FCFEFDF79CFE4C
:10D12000B0E738B100231A46194683600360C36034
:10D13000FFF77CBF7047F0B5044685B00E460192FC
:10D14000FEF746F8FDF77CFCA56B9DB13146204605
:10D15000013DFFF755FFA563236933B104F11000CA
:10D16000FDF76CFF08B1FFF777FEFDF777FC0120B4
:10D1700005B0F0BD019B1BB9FDF770FC0020F7E77F
:10D1800002A8FEF713F92F46FDF768FCFDF7BCFD7A
:10D19000FDF756FC94F84430FF2B08BF84F8447028
:10D1A00094F84530FF2B08BF84F84570FDF756FC16
:10D1B00001A902A8FEF706F9F8B92046FFF7E2FE3A
:10D1C000A8B1019904F12400FDF7FAFE2046FFF70B
:10D1D000A1FEFDF741FE08B9FFF73EFEFDF730FC6A
:10D1E000A56B002DB2D1019B002BCDD1C4E7204609
:10D1F000FFF790FEFDF730FEF0E72046FFF78AFECE
:10D20000FDF72AFE2046FFF7BDFE0028E6D0B5E771
:10D210002DE9F843044616461F468946FFF74FFEA0
:10D22000A26BE36B80469A4201D3022F20D194F87F
:10D2300045503A46494620466DB2A36BFFF7ADFE16
:10D240006B1C10D1636A3BB104F12400FDF7F6FEBC
:10D2500010B10EB10123336001244046FFF73AFEBE
:10D260002046BDE8F88301356DB284F84550F3E7F8
:10D270000024F2E770B504460D46FFF720FEA26BCE
:10D28000E36B064693421BD994F845100132FF29FF
:10D290004BB2A2630FD1636A3BB104F12400FDF7E6
:10D2A000CDFE10B10DB101232B6001243046FFF7F4
:10D2B00011FE204670BD01335BB284F84530F4E7BF
:10D2C0000024F3E72DE9F843044689469046FFF72A
:10D2D000F6FDA56B0746C5B194F844604946204663
:10D2E00076B2FFF78DFE013D731CA56313D1236950
:10D2F00053B104F11000FDF7A1FE28B1B8F1000F01
:10D3000002D00123C8F8003001253846FFF7E2FDBE
:10D310002846BDE8F883013676B284F84460F3E726
:10D32000F0B5002585B0044601912E46FDF750FF6B
:10D330002F46FDF785FBA36BA3B1013BA3632368D5
:10D3400013B9FEF727F8A060236933B104F1100088
:10D35000FDF774FE08B1FFF77FFDFDF77FFB0120AD
:10D3600005B0F0BD019B1BB9FDF778FB0020F7E786
:10D3700016B902A8FEF71AF8FDF770FBFDF7C4FC1A
:10D38000FDF75EFB94F84430FF2B08BF84F844702F
:10D3900094F84530FF2B08BF84F84570FDF75EFB1D
:10D3A00001A902A8FEF70EF810BB2046FFF7EAFD20
:10D3B000C0B123683BB9FDF743FBA068FDF718FF38
:10D3C0000546FDF74BFB019904F12400FDF7F8FD3C
:10D3D0002046FFF79FFDFDF73FFD08B9FFF73CFD35
:10D3E0000126A6E72046FFF795FDFDF735FDF7E797
:10D3F0002046FFF78FFDFDF72FFD2046FFF7C2FD0A
:10D400000028EDD0002DB1D0FDF71AFB616A19B1EB
:10D41000236B1968C1F13801A068FDF755FFA3E738
:10D4200010B50446FDF70CFB236823B9A468FDF78B
:10D4300015FB204610BD0024F9E703680BB980688E
:10D4400070470020704770B5866804460D46FDF7AA
:10D45000B3FE864204D10120E3680133E36070BD6E
:10D4600029462046FFF75CFF0028F8D0E368013327
:10D47000E360F4E738B585680446FDF79DFE854214
:10D480000BD1E368013BE3600BB1012038BD1A46C4
:10D4900019462046FFF7CAFDF7E70020F6E710B56A
:10D4A000FDF7FAFA90F846301BB9BDE81040FFF7D7
:10D4B00024BD10BD70B504460D461646FDF7C0FAF2
:10D4C00094F84430FF2B04BF002384F8443094F8D0
:10D4D0004530FF2B04BF002384F84530FDF7BEFA2A
:10D4E000A36B2BB93246294604F12400FDF790FDC9
:10D4F0002046BDE87040FFF70DBD38B504460D4627
:10D50000FDF79EFAD4E90F314B432268D0185B1A1D
:10D51000A060626000201A44FF23A063E26084F8E8
:10D52000443084F8453065B9236933B104F1100003
:10D53000FDF784FD08B1FFF78FFCFDF78FFA01209E
:10D5400038BD04F11000FFF747FC04F12400FFF799
:10D5500043FCF2E7F8B50646484350300D461746FF
:10D56000FFF7BFFC044670B1002380F8463065B178
:10D5700000F1500301212046C4E90F652360FFF745
:10D58000BCFF84F84C702046F8BD0346F2E7024623
:10D5900010B500210120FFF7DDFF0446FFF7C1FDB4
:10D5A000204610BD10B502220C460021FFF7D2FF25
:10D5B00000B1846310BD37B50D465021019101992A
:10D5C0001C4601997BB1002D08BF1A460121C3E911
:10D5D0000F0583F8461018461A60FFF78EFF9DF876
:10D5E000183084F84C30204603B030BD002213B50B
:10D5F0000B46009011460120FFF7DDFF0446FFF7C0
:10D6000090FD204602B010BD1346022213B50092D1
:10D6100000220C461146FFF7CEFF00B1846302B032
:10D6200010BD10B590F85D3004463BB9006BFFF7B4
:10D6300064FC2046BDE81040FFF75FBC012BF9D029
:10D6400010BD2DE9F0470D46DDE9099496003246FC
:10D650000746A521206B9846F7F7E9FA236B043EAD
:10D660001E4426F00706002D39D06B1E04F133024C
:10D67000093513F8011F02F8011F09B1AB42F8D1B7
:10D68000002384F83D30089D4FF0000A372D28BF55
:10D690003725201DE562A564C4F84CA0FFF7A7FB61
:10D6A000C5F1380504F11800FFF7A1FB43463A46DF
:10D6B0003046216B2461A5616462C4F850A0C4F8AF
:10D6C00054A0C4F858A084F85CA0FDF763F920606A
:10D6D000B9F1000F01D0C9F80040BDE8F08784F827
:10D6E0003450D0E72DE9F043074685B090008846D6
:10D6F00016469946FFF7F5FB054620B94FF0FF3077
:10D7000005B0BDE8F0836020FFF7EBFB044698B15D
:10D71000002380F85D300D9B056301930C9B32461E
:10D7200041460290009338464B46FFF78AFF204659
:10D73000FDF738FA0120E3E72846FFF7DEFBDDE7D7
:10D7400070B5602686B00596059EDDE90B54059EF2
:10D750008CB185B12563022584F85D5004AD019537
:10D760000A9D02940095FFF76CFF2046FDF71AFA18
:10D77000049806B070BD00230493F9E7FF207047BA
:10D7800008B5FFF7FBFF002008BD02210120D2F7FA
:10D79000C3BF08B520B1FEF711FD00F0010008BDC0
:10D7A0000120FAE708B5FEF7FDFCBDE80840FFF7E9
:10D7B000F0BF008810B1C9B2FEF74ABD70472DE92D
:10D7C000F041B0F8008006460C46D5B2B8F1000F23
:10D7D00011D029464046FEF73BFD22460746294622
:10D7E0004046FEF749FD3A4629462046FEF744FDED
:10D7F0003480BDE8F0810F46F5E703461B880846F4
:10D800008B4202D00021FEF723BD00207047006943
:10D81000003818BF0120704700207047F8B5064651
:10D820000D46FEF785FE0328044621D02846FEF764
:10D830007FFE032807461BD010F0020318D1A00773
:10D840000DD5F90716D401233C43E20704D43189EE
:10D850002A89914218BF002303F00100F8BD082275
:10D8600029463046F7F7B9F9B0FA80F35B09EBE7E0
:10D870000020F3E71846F1E770B50D460021064693
:10D88000FFF797FF044630B1FEF7AAFC0146284691
:10D89000FFF7C4FF08B1204670BD21463046FFF7B0
:10D8A000ACFFEFE707B50DF10701FEF76DFE20B104
:10D8B0009DF8070003B05DF804FBFF20FAE708B508
:10D8C00000F009F8FF2804D0FEF702FFC0F3C00003
:10D8D00008BD0120FCE701460020FEF771BE08B537
:10D8E000FEF79EFEFF3818BF012008BD2DE9F84362
:10D8F00007460846154688461C469DF82090FEF7C8
:10D900006FFC4619A4B19EB14046FEF785FC254444
:10D9100085420FDC2246B9F1000F06D13146384668
:10D92000F7F76BF90020BDE8F88339463046F7E792
:10D930002120F8E71D20F6E70000000000000000AD
:10D94000F8B500BFF8BC08BC9E467047F8B500BFEC
:10D95000F8BC08BC9E4670475FF800F0D5980020E0
:10D960005FF800F03198002053657474696E672089
:10D9700062756C6220636F6C6F7220746F203E2042
:10D98000723A2025752020673A2025752020623ABA
:10D990002025750A00436F6E6E656374656420749C
:10D9A0006F205A6967626565206E6574776F726B68
:10D9B0003B20004368616E6E656C3A2000207C203D
:10D9C00050414E2049443A2030780042756C622024
:10D9D0004F4E0042756C62204F4646005A6967629E
:10D9E000656520636F6C6F72206C6967687462751F
:10D9F0006C6200466163746F72792072657365743E
:10DA000074696E672E2E2E0052656C6561736520F9
:10DA100074686520627574746F6E20746F2072650F
:10DA2000626F6F740053696C69636F6E204C616242
:10DA300073005A696762656520436F6C6F72204C92
:10DA40006967687462756C62004465766963652015
:10DA50006973206E6F7420636F6D6D697373696F86
:10DA60006E656400506C6561736520706169722039
:10DA7000697420746F20796F7572205A69676265C6
:10DA80006520436F6F7264696E61746F7200323229
:10DA900041726475696E6F5A69676265654170703D
:10DAA0006C69616E63650000683705088EDA0408EA
:10DAB00000000000A8DA04080000000000000000D8
:10DAC000000000000000000032305A69676265659E
:10DAD000436F6C6F724C6967687462756C620000AA
:10DAE000C8370508C8DA040840DB04080000000055
:10DAF000E0DA0408A56D000833BA0308D5BC0308B2
:10DB000061730008DBBC0308C97100085A696762C9
:10DB100065652044696D6D61626C65204C6967685C
:10DB20007462756C620032335A6967626565446974
:10DB30006D6D61626C654C6967687462756C6200DA
:10DB4000C837050826DB040890DB04080000000045
:10DB500040DB0408B1720008C3BE0308A3BE03087B
:10DB600061730008A9BE0308A97200085A696762B8
:10DB70006565204C6967687462756C620031355A5E
:10DB800069676265654C6967687462756C620000FC
:10DB9000C83705087DDB0408A8DA04080000000087
:10DBA00090DB04089573000819BF030879BF0308C8
:10DBB00061730008FFBE03085973000831364465DD
:10DBC00076696365436F6C6F724C696768740000B7
:10DBD000C8370508BCDB040808DC040800000000A6
:10DBE000D0DB0408ED7300089DBF0308EFC10308F4
:10DBF000313944657669636544696D6D61626C6550
:10DC00004C69676874000000C8370508F0DB040839
:10DC10003CDC04080000000008DC0408017800086F
:10DC200067C303081FC3030831364465766963651B
:10DC30004F6E4F66664C696768740000C837050808
:10DC400028DC04086CDC0408000000003CDC04084C
:10DC5000317800081BC403082FC4030831325A6905
:10DC60006762656544657669636500006837050825
:10DC70005CDC0408000000006CDC0408000000000C
:10DC800000000000000000004E3761726475696E8C
:10DC90006F3653747265616D45000000C837050822
:10DCA00088DC04088CDD04084E3761726475696E87
:10DCB0006F3134486172647761726553657269616E
:10DCC0006C450000C8370508A8DC04089CDC040883
:10DCD0004E3761726475696E6F3955415254436CA9
:10DCE0006173734500000000C8370508D0DC0408E4
:10DCF000C4DC040800000000E8DC040851C6030886
:10DD000085C6030845C603084FC603089DC7030818
:10DD1000ABC703086FC603089FC6030849C60308BC
:10DD2000C5C6030869C603084E3761726475696E1B
:10DD30006F395072696E7461626C65450000000055
:10DD40006837050828DD04084E3761726475696E0E
:10DD50006F39495041646472657373450000000077
:10DD6000C837050848DD040840DD0408000000004D
:10DD700060DD04082BC803084E3761726475696E54
:10DD80006F355072696E74450000000068370508F1
:10DD900078DD040861726475696E6F5F7461736B1E
:10DDA000005B435D20002F55736572732F74616AA9
:10DDB0006F7A73692F4C6962726172792F41726454
:10DDC00075696E6F31352F7061636B616765732F95
:10DDD00053696C69636F6E4C6162732F6861726422
:10DDE000776172652F73696C6162732F342E302EE8
:10DDF000302F636F7265732F6765636B6F2F6D6173
:10DE0000696E2E6370700025733A2564203A25737D
:10DE10003A20006D61696E004E554C4C20213D202A
:10DE200061726475696E6F5F7461736B5F68616E58
:10DE3000646C6500417373657274696F6E20272589
:10DE40007327206661696C65643A200041726475CD
:10DE5000696E6F207461736B206372656174696FA2
:10DE60006E206661696C65640000000013B779FA82
:10DE7000C925DDB7ADF3CFE0F1B614B8010200005B
:10DE800000000000FFFFFFFF010000000100000094
:10DE90000000000000000000000000000000000082
:10DEA0000000000000000000000000000000000072
:10DEB000000000000000000000000000211B010124
:10DEC00000000000F0000000858300081E00000331
:10DED0002BD7030827D7030805D70308D3D6030891
:10DEE00063D7030835D70308D5D603082C000000F4
:10DEF0000202020300000003000000000000000016
:10DF00000000000000000000070008000000000002
:10DF100000000000000000010204050000000000F5
:10DF200000000000000000000600020100000000E8
:10DF3000000000000B0000000C00000003000000C7
:10DF40000000202000000000030000003C3C3C00DA
:10DF500000000000000000000000000001031001AC
:10DF6000010903000800000007000000060000008F
:10DF700005000000040000001E0000001B0000005F
:10DF80001A00000056000000008005500800000044
:10DF900064DF0408004005500800000068DF040842
:10DFA00000000550080000006CDF040800C00450A9
:10DFB0000800000070DF0408008004500800000022
:10DFC00074DF040800800A501300000078DF0408A2
:10DFD0000000015B1500000084DF04080000002041
:10DFE00000100030050000000000000000C2010029
:10DFF000000200000010000000000000000000000F
:10E000000000000005000000000000008025000066
:10E01000800200000010000000000040000000002E
:10E02000000000005258204461746120417661690B
:10E030006C61626C6520466C6167005265616420AA
:10E040004C6F636B005772697465204C6F636B0093
:10E0500073696D706C69636974795F73646B5F3247
:10E060003032342E31322E312F706C6174666F7203
:10E070006D2F736572766963652F6C65676163796F
:10E080005F68616C2F7372632F626173652D7265B7
:10E09000706C6163656D656E742E63002573203D41
:10E0A0002025346C78005265736574206361757344
:10E0B000653A205761746368646F6720657870699A
:10E0C0007265642C206E6F2072656C6961626C658C
:10E0D00020657874726120696E666F726D61746913
:10E0E0006F6E0A0052657365742063617573653ADB
:10E0F000205761746368646F672063617567687433
:10E10000207769746820656E68616E636564206954
:10E110006E666F0A00496E737472756374696F6E10
:10E1200020616464726573733A2025346C780A0048
:10E1300052657365742063617573653A204173732A
:10E140006572742025733A256C640A005265736504
:10E15000742063617573653A20486172642046617A
:10E16000756C740A00484653522E56454354544227
:10E170004C3A206572726F722072656164696E67D5
:10E1800020766563746F72207461626C6520666FBF
:10E190007220616E20657863657074696F6E0A0025
:10E1A000484653522E464F524345443A20636F6EC1
:10E1B000666967757261626C65206661756C742052
:10E1C000636F756C64206E6F74206163746976612F
:10E1D00074650A00484653522E44454255474556F9
:10E1E000543A206661756C742072656C6174656464
:10E1F00020746F206465627567202D20652E672E60
:10E200002C20657865637574656420424B50540A10
:10E210000052657365742063617573653A204D65BE
:10E220006D6F7279204D616E6167656D656E7420EA
:10E230004661756C740A00496C6C6567616C20619D
:10E24000636365737320616464726573733A202538
:10E25000346C780A00434653522E25730A005265E7
:10E260007365742063617573653A20427573204647
:10E2700061756C740A00416464726573732069731C
:10E28000206F6620616E20696E73747275637469A5
:10E290006F6E2061667465722062757320666175A9
:10E2A0006C74206F636375727265642C206E6F747A
:10E2B000207468652063617573652E0A00434653B8
:10E2C000522E286E6F6E6529206C6F6164206F720C
:10E2D0002073746F726520617420616E20696C6CAC
:10E2E0006567616C20616464726573730A005265CE
:10E2F0007365742063617573653A20557361676552
:10E30000204661756C740A00526573657420636100
:10E310007573653A204465627567204D6F6E697448
:10E320006F72204661756C740A005468726561648E
:10E330000048616E646C6572002573206D6F6465C2
:10E34000207573696E6720257320737461636B2079
:10E350002825346C7820746F2025346C78292C2083
:10E360005350203D2025346C780A002575206279B1
:10E37000746573207573656420282575252529200B
:10E38000696E20257320737461636B20286F757428
:10E39000206F6620257520627974657320746F7410
:10E3A000616C290A005350206973206F757473697A
:10E3B000646520257320737461636B2072616E67DE
:10E3C00065210A004E6F20696E74657272757074F3
:10E3D00073206163746976650A00496E74657272B0
:10E3E000757074732061637469766520286F72207C
:10E3F0007072652D656D7074656420616E64207344
:10E400007461636B6564293A0A000D0A5B415353DA
:10E410004552543A25733A25645D0D0A004941433B
:10E420004356494F4C3A20617474656D707465644D
:10E4300020696E737472756374696F6E206665749B
:10E4400063682066726F6D2061206E6F2D65786540
:10E45000637574652061646472657373004441433D
:10E460004356494F4C3A20617474656D707465640D
:10E47000206C6F6164206F722073746F726520610D
:10E480007420616E20696C6C6567616C20616464E6
:10E4900072657373004D554E53544B4552523A209A
:10E4A000756E737461636B2066726F6D206578633F
:10E4B000657074696F6E2072657475726E20636129
:10E4C00075736564206163636573732076696F6C2F
:10E4D0006174696F6E004D53544B4552523A20732C
:10E4E0007461636B696E672066726F6D2065786317
:10E4F000657074696F6E2063617573656420616314
:10E50000636573732076696F6C6174696F6E004D1B
:10E510004D415256414C49443A204D4D41522063A1
:10E520006F6E7461696E732076616C6964206661D8
:10E53000756C74206164647265737300494255534D
:10E540004552523A20696E737472756374696F6EC6
:10E5500020707265666574636820636175736564B5
:10E5600020627573206661756C7400505245434992
:10E57000534552523A207072656369736520646135
:10E58000746120627573206661756C7400494D502A
:10E5900052454349534552523A20696D7072656342
:10E5A00069736520646174612062757320666175AA
:10E5B0006C7400554E53544B4552523A20756E734D
:10E5C0007461636B696E67206F6E20657863657038
:10E5D00074696F6E2072657475726E2063617573F5
:10E5E0006564206461746120627573206661756C76
:10E5F000740053544B4552523A20737461636B69F3
:10E600006E67206F6E20657863657074696F6E2029
:10E61000656E7472792063617573656420646174DA
:10E620006120627573206661756C740042464152C8
:10E6300056414C49443A204246415220636F6E7421
:10E6400061696E732076616C6964206661756C74B3
:10E65000206164647265737300554E444546494EAB
:10E660005354523A20747269656420746F2065783F
:10E67000656375746520616E20756E646566696E8C
:10E68000656420696E737472756374696F6E004996
:10E690004E5653544154453A20696E76616C696414
:10E6A0002045505352202D20652E672E2C20747249
:10E6B00069656420746F2073776974636820746F70
:10E6C0002041524D206D6F646500494E5650433ACB
:10E6D00020657863657074696F6E207265747572F9
:10E6E0006E20696E7465677269747920636865630A
:10E6F0006B73206661696C6564004E4F43503A202D
:10E70000617474656D7074656420746F20657865DC
:10E7100063757465206120636F70726F63657373D6
:10E720006F7220696E737472756374696F6E0055D1
:10E730004E414C49474E45443A20617474656D70B2
:10E7400074656420616E20756E616C69676E6564C6
:10E75000206D656D6F72792061636365737300442A
:10E76000495642595A45524F3A20617474656D704A
:10E7700074656420746F20657865637574652053D3
:10E78000444956206F722055444956207769746871
:10E790002064697669736F72206F66203000554E71
:10E7A0004B00474F200042544C00474F3200474F28
:10E7B0003300474F3400474F3500474F3600474F2F
:10E7C0003700474F3800474F3900474F4100474F08
:10E7D0004200474F4300474F4400474F4500474FD3
:10E7E00046004A4D50004244520055505200425497
:10E7F0004D004D534D0046544C00554E4B00474F75
:10E80000200042544C004241440046544C004652C1
:10E8100043004F54410044534C0042415000555076
:10E820004700544D450046415500545A4600554E48
:10E830004B0050494E00454D3400554E4B00485654
:10E840002000554E4B00455850004C574D00554E3A
:10E850004B005242540044534C00454D3400554E39
:10E860004B0041535400554E4B0056465900494EFB
:10E870004800554E4B004C434B0058544C004F42FF
:10E880004600554E4B00485244004D454D00425500
:10E8900053005553470044424700444D41005643FE
:10E8A0005400554E4B00555020005250200041500E
:10E8B0003000415031004150200044502000444578
:10E8C000430000009EE70408A2E70408FAE70408F2
:10E8D0002EE804083AE8040842E804084EE8040870
:10E8E0005EE8040866E8040872E8040882E80408A0
:10E8F000A2E80408554E4B004649420042544C00E1
:10E900004558540050575200574447002053570071
:10E91000435253004653480042414400464C540081
:10E9200042524F00010401030306010501050109DC
:10E930000600060B0000070B050B0000000000009E
:10E9400000000000523000523100523200523300B9
:10E9500052340052350052360052370052380052BD
:10E9600039005231300052313100523132005231CF
:10E9700033284C5229004D535000505350005043FF
:10E980000078505352004D53502075736564005009
:10E99000535020757365640043535441434B2062C8
:10E9A0006F74746F6D004943535200534843535280
:10E9B00000494E545F4143544956453000494E5436
:10E9C0005F4143544956453100434653520048463F
:10E9D00053520044465352004D4D41522F4246413E
:10E9E00052004146535200526574300052657431F2
:10E9F00000526574320052657433005265743400FD
:10EA00005265743500446174300044617431000013
:10EA10001DE404085DE404080D17050895E40408E6
:10EA2000D6E404080D1705080D1705080FE50408BE
:10EA30003CE504086BE504088DE50408B3E504082B
:10EA4000F2E504080D1705080D1705082CE6040863
:10EA500059E604088FE60408CAE60408FAE6040842
:10EA60000D1705080D1705080D1705080D170508E2
:10EA70002FE704085FE70408040008070A00010400
:10EA80001040000068EE040864EE040850EE04082C
:10EA90004CEE040848EE040844EE040832EE040884
:10EAA00022EE040808EE040800EE0408F6ED04085F
:10EAB000F4ED0408DCED0408D9ED0408D1ED0408F8
:10EAC000C0ED0408B0ED04089EED040884ED0408D0
:10EAD0007CED040870ED04086CED040868ED040892
:10EAE0005AED04084FED040836ED04081DED040846
:10EAF000C1EC0408C0EC0408B0EC040888EC04087D
:10EB000074EC040840EC04083CEC04080CEC040829
:10EB100008EC0408FAEB0408F9EB0408F8EB040825
:10EB2000E4EB0408E0EB0408BAEB0408B8EB0408D3
:10EB3000B7EB0408B6EB0408B5EB0408B4EB040823
:10EB4000B3EB0408B2EB0408B1EB0408B0EB040823
:10EB5000AFEB0408AEEB0408ADEB0408ACEB040823
:10EB6000ABEB0408AAEB0408A9EB0408A8EB040823
:10EB7000A7EB04089FEB04089EEB040896EB04083F
:10EB800095EB04088DEB04088CEB0408FFFFFFFFF6
:10EB9000FFFFFFFFFFFFFFFFFFFFFFFFFFFFFFFF85
:10EBA000FFFFFFFFFFFFFF0000000000000000006C
:10EBB0000000000000000000000000000000000055
:10EBC0000000000000000000000000000000000045
:10EBD0000000000000000000000000000000000035
:10EBE0000000000000000000000000000000000025
:10EBF0000000000000000000FF0F00000000000007
:10EC0000000000000000000000000000FF00FFFF07
:10EC1000FFFFFFFFFFFFFFFFFFFFFFFFFFFFFFFF04
:10EC2000FFFFFFFFFFFFFFFFFFFFFFFFFFFFFFFFF4
:10EC3000FFFFFFFFFFFF0000FF00FF0000000000DC
:10EC4000FF000000FFFFFFFFFFFFFFFFFFFFFFFFD1
:10EC5000FFFFFFFFFFFFFFFFFFFFFFFFFFFFFFFFC4
:10EC6000FFFFFFFFFFFFFFFFFFFFFFFFFFFFFFFFB4
:10EC7000FFFFFFFFFFFFFFFFFFFFFFFFFFFFFFFFA4
:10EC8000FFFFFFFFFF000000000000000000000089
:10EC90000000000000000000000000000000000074
:10ECA0000000000000000000000000000000000064
:10ECB0000100000000000000000000000000000053
:10ECC0000F00000000000000000000000000000035
:10ECD0000000000000000000000000000000000034
:10ECE0000000000000000000000000000000000024
:10ECF0000000000000000000000000000000000014
:10ED00000000000000000000000000000000000003
:10ED100000000000000000000000000000000000F3
:10ED200000000000000000000000000000000000E3
:10ED300000000000000000000000000000000000D3
:10ED400000000000000000000000000000000000C3
:10ED500000000000000000000000000000000000B3
:10ED600000000000000000000000000000000000A3
:10ED7000FFFFFFFFFFFFFFFFFFFF0000000000009D
:10ED80000000000000000000000000000000000083
:10ED90000000000000000000000000000000000073
:10EDA0000000000000000000000000000000000063
:10EDB0000000000000000000000000000000000053
:10EDC0000000000000000000000000000000000043
:10EDD00000FFFFFFFFFFFFFFFF9C0000FF000000A0
:10EDE0000000000000000000000000000000000023
:10EDF000800000000000FFFFFFFFFFFFFFFFFFFF9D
:10EE000000000000FFFF0000000000000000000004
:10EE100000000000000000000000000000000000F2
:10EE20000000FFFFFF0000000000000000000000E5
:10EE300000000000000000000000000000000000D2
:10EE400000000000000000000000000000000000C2
:10EE500000000000000000000000000000000000B2
:10EE60000000000000000000FC030101010101019D
:10EE70000101010101010101010000000000000188
:10EE8000000A060000000601010105000000000064
:10EE9000014A010301010101010101010101010117
:10EEA000010101010101010101010101020411043B
:10EEB000040211101A080A021801081110111A0888
:10EEC0000A04020D0B19195C0110281234043004D5
:10EED0000B010114012601010101010101010101E0
:10EEE00001010101010101010801080108010000FF
:10EEF000000000000000000000000000000101010F
:10EF000001010100010101010101010000000101F5
:10EF100001010101000100010000000000000000EB
:10EF200000000000000000000000000000000000E1
:10EF300000010001010000000000000000000000CE
:10EF400000000000000100000000000000000000C0
:10EF500000000000000000000000000000000000B1
:10EF600000000000000000000000000000000000A1
:10EF70000000000001FF010023E1010075E4010031
:10EF800063E2010063E5010062E1010079EB010049
:10EF900064EE010024E1010025E1010026E1010009
:10EFA00027E1010028E1010029E101002AE1010037
:10EFB000000001008000010000010100800101004B
:10EFC000000201008002010020E2010000030100B4
:10EFD0000005010080050100000601002C890100E8
:10EFE000800601000007010001E5010002E50100C3
:10EFF00058E20100800301008004010000040100C8
:10F0000080070100000801008008010020000000C6
:10F0100000400100238701008040010000B0010092
:10F0200001B0010002B0010003B0010004B0010012
:10F0300005B0010006B0010007B0010008B00100F2
:10F0400009B001000AB001000BB001000CB00100D2
:10F050000DB001000EB001000FB0010010B00100B2
:10F0600011B0010012B0010013B0010014B0010092
:10F0700015B0010016B0010017B0010073696D7082
:10F080006C69636974795F73646B5F323032342EFC
:10F0900031322E312F706C6174666F726D2F736513
:10F0A00072766963652F746F6B656E5F6D616E61FB
:10F0B0006765722F7372632F736C5F746F6B656E0D
:10F0C0005F6D616E616765722E63004D4647205427
:10F0D0006B6E204E564D330073696D706C696369B9
:10F0E00074795F73646B5F323032342E31322E317B
:10F0F0002F706C6174666F726D2F736572766963C1
:10F10000652F746F6B656E5F6D616E616765722FE1
:10F110007372632F736C5F746F6B656E5F6D616E7E
:10F1200075666163747572696E672E6300FFFFFF19
:10F13000FFFFFFFFFF0034B6703260326410736966
:10F140006D706C69636974795F73646B5F323032C0
:10F15000342E31322E312F70726F746F636F6C2FBB
:10F160007A69676265652F6170702F6672616D657F
:10F17000776F726B2F636F6D6D6F6E2F736C5F7A2D
:10F1800069676265655F73797374656D5F636F6DE1
:10F190006D6F6E2E6300457874656E6465642052F1
:10F1A0006573657420696E666F3A20307825303457
:10F1B000582028257329005A6967626565204170C7
:10F1C00070204672616D65776F726B204D75746546
:10F1D00078000000B7F10408030000000000000000
:10F1E0000000000073696D706C69636974795F7306
:10F1F000646B5F323032342E31322E312F70726FA9
:10F20000746F636F6C2F7A69676265652F617070C8
:10F210002F6672616D65776F726B2F636F6D6D6FA7
:10F220006E2F7A69676265655F6170705F66726193
:10F230006D65776F726B5F72746F735F616461701D
:10F24000746174696F6E2E63005A69676265652028
:10F250004170704672616D65776F726B005A6967B5
:10F26000626565204146207461736B2073656D6132
:10F2700070686F72650073696D706C696369747929
:10F280005F73646B5F323032342E31322E312F7027
:10F29000726F746F636F6C2F7A69676265652F6137
:10F2A00070702F6672616D65776F726B2F636F6D13
:10F2B0006D6F6E2F7A69676265655F6170705F66FA
:10F2C00072616D65776F726B5F736C6565702E63CD
:10F2D0000073696D706C69636974795F73646B5FE7
:10F2E000323032342E31322E312F70726F746F63A0
:10F2F0006F6C2F7A69676265652F6170702F667217
:10F30000616D65776F726B2F636F6D6D6F6E2F7AA6
:10F3100069676265655F737461636B5F72746F7355
:10F320005F61646170746174696F6E2E63005A6905
:10F330006762656520537461636B005A6967626533
:10F340006520495043204D75746578005A6967629D
:10F35000656520537461636B207461736B20736502
:10F360006D6170686F7265005A69676265654950C2
:10F3700043466C61677300003BF304080300000020
:10F38000000000000000000052583A2052657365EA
:10F3900074546F466163746F727944656661756C0D
:10F3A000747343616C6C6261636B00556E61626C77
:10F3B0006520746F2072656164204F7074696F6E90
:10F3C00073206174747269627574653A20307825AF
:10F3D00030325800556E61626C6520746F20726522
:10F3E0006164204F6E4F6666206174747269627545
:10F3F00074653A203078253032580073696D706C2E
:10F4000069636974795F73646B5F323032342E31B3
:10F41000322E312F70726F746F636F6C2F7A696741
:10F420006265652F6170702F6672616D65776F72AE
:10F430006B2F706C7567696E2F636F6C6F722D63C5
:10F440006F6E74726F6C2D7365727665722F636F59
:10F450006C6F722D636F6E74726F6C2D7365727644
:10F4600065722E6300436F6C6F72205820256420F4
:10F47000436F6C6F72205920256400436F6C6F726C
:10F480002054656D70657261747572652025640025
:10F490004875652025642053617475726174696FC5
:10F4A0006E20256420656E64706F696E742025641B
:10F4B00000657A737020636F756E74657273206671
:10F4C00061696C656420257500657A7370205265EA
:10F4D000736574205468726573686F6C642065721C
:10F4E000726F72202575000D0072657475726E2042
:10F4F000746F206368616E2025640045786974200C
:10F50000636F6D6D20666F722073696E6B2025309E
:10F51000345800456E74657220636F6D6D20666FA0
:10F52000722073696E6B202530345800475020508C
:10F53000616972696E670A0047502050616972699B
:10F540006E67205352434944203D20253038582CC3
:10F55000204F70743D2025752053696E6B203D202F
:10F5600025303458004552522050524F585920549B
:10F5700041424C452046554C4C00477052657370D3
:10F580006F6E736520636D643A20253178004750B3
:10F590002073776974636820746F206368616E20DC
:10F5A00025640064677073656E6420636F6D6D2001
:10F5B0007265706C7920257300737563636573736E
:10F5C000006661696C202530325800466C7573689E
:10F5D0002047502054580042007575757500736CB3
:10F5E000695F7A69676265655F737461636B5F64A5
:10F5F0005F67705F73656E745F68616E646C65727F
:10F6000020537461747573203D20253032580045B5
:10F6100052523A204661696C656420746F206372AF
:10F62000656174652062696E64696E672028307850
:10F630002530325829004552523A2042696E646999
:10F640006E67207461626C652069732066756C6CEE
:10F65000004552523A2077726974696E67206E6174
:10F660006D6520737570706F72742025303258008C
:10F6700052583A2041646447726F75702030782583
:10F680003034582C20220052583A2056696577476A
:10F69000726F75702030782530345800757673009D
:10F6A000766965775F67726F75700047726F757006
:10F6B000733A206661696C656420746F2073656EAF
:10F6C0006420257320726573706F6E73653A203005
:10F6D0007825303258006765745F67726F75705FA8
:10F6E0006D656D6265727368697020726573706FA5
:10F6F0006E73650064656661756C745F72657370C6
:10F700006F6E73650052583A2047657447726F7583
:10F71000704D656D62657273686970203078253050
:10F7200032582C00205B3078253034585D007575D8
:10F73000620047726F7570733A206661696C656428
:10F7400020746F2073656E642025733A203078250D
:10F750003032580052583A2052656D6F76654772C4
:10F760006F757020307825303458004552523A2059
:10F770004661696C656420746F2064656C657465AE
:10F780002062696E64696E672028307825303258AF
:10F79000290072656D6F76655F67726F75700052D4
:10F7A000583A2052656D6F7665416C6C47726F7583
:10F7B00070730052583A2041646447726F75704903
:10F7C000664964656E74696679696E67203078256C
:10F7D0003034582C2022004E4F54200049415320F1
:10F7E0005A6F6E652053657276657220537461742A
:10F7F000653A202573456E726F6C6C6564004941F3
:10F8000053205A6F6E6520536572766572205A6F69
:10F810006E652049443A20307825303258000A7A03
:10F8200065726F20616464726573733A2025640A9F
:10F830000053656E64696E6720656E726F6C6C6DE7
:10F84000656E74206166746572202564206D730096
:10F850004572726F723A20416C72656164792065FD
:10F860006E726F6C6C656400496E76616C696420C1
:10F87000494153205A6F6E65205365727665722038
:10F88000456E726F6C6C6D656E74204D6F64653A79
:10F89000202564004552524F523A20494153205A84
:10F8A0006F6E652053657276657220756E61626C4D
:10F8B0006520746F2072656164207A6F6E652049DF
:10F8C00044206174747269627574650076760053C1
:10F8D000656E7420656E726F6C6C207265717565F3
:10F8E000737420746F20494153205A6F6E652063F2
:10F8F0006C69656E742E004572726F722073656E4E
:10F9000064696E6720656E726F6C6C2072657175CC
:10F910006573743A203078253032580A0076757550
:10F9200076004661696C656420746F2073656E644F
:10F9300020494153205A6F6E65207570646174656B
:10F940002E204572722030782530325800574152AF
:10F950004E494E473A20415454524942555445531A
:10F9600020415245204E4F54204245494E47205396
:10F97000544F52454420494E20464C415348212083
:10F98000004445564943452057494C4C204E4F545E
:10F990002046554E4354494F4E2050524F504552E9
:10F9A0004C59204146544552205245424F4F5449EC
:10F9B0004E47212100000000000000000045525287
:10F9C0003A2072656164696E67206964656E746966
:10F9D00066792074696D6520253032580045525291
:10F9E0003A2077726974696E67206964656E74691C
:10F9F00066792074696D6520253032580052582090
:10FA00006964656E746966793A4944454E5449465D
:10FA10005920307825303458005258206964656E7A
:10FA2000746966793A515545525900717565727914
:10FA3000004964656E746966793A206661696C652F
:10FA40006420746F2073656E642025732072657363
:10FA5000706F6E73653A2030782530325800656ECD
:10FA600061626C696E670064697361626C696E677C
:10FA7000004552523A206661696C65642025732006
:10FA8000696E7465722D50414E204D414320666968
:10FA90006C746572202830782530325829000500B2
:10FAA000150025000900190029000600160026008F
:10FAB0000A001A002A00008054253038583A496E4E
:10FAC0007465722D50414E205458202825642920F9
:10FAD0005B005D2C20307825303258004552523A78
:10FAE00020496E7465722D50414E2000257342618D
:10FAF0006420415053206672616D6520636F6E749F
:10FB0000726F6C2030782530325800257342616462
:10FB10002044656C6976657279204D6F646520308C
:10FB20007825303258002573415053206465637244
:10FB3000797074696F6E206661696C656420283025
:10FB40007825303258292E00525820696E7465721B
:10FB50002D50414E206D65737361676520280075D7
:10FB60006E690062726F6164006D756C7469006328
:10FB7000617374293A0020207372632070616E20D3
:10FB800069643A203078253034580020207372633D
:10FB9000206C6F6E672069643A20002020737263C6
:10FBA0002073686F72742069643A2030782530348D
:10FBB0005800202070726F66696C652069643A2075
:10FBC000307825303458002020636C75737465726A
:10FBD0002069643A2030782530345820002020678E
:10FBE000726F75702069643A20307825303458007F
:10FBF00025736D65737361676520746F6F2073681B
:10FC00006F727420282564203C202564292100255A
:10FC100073556E737570706F72746564205A434CBF
:10FC2000206672616D6520747970652E0025736D94
:10FC300065737361676520746F6F2073686F72748A
:10FC40002100257370726F66696C652030782530ED
:10FC500034582C20636C75737465722030782530AD
:10FC600034582C20636F6D6D616E642030782530C0
:10FC70003258206E6F74207065726D69747465649B
:10FC8000004552523A2077726974696E6720726536
:10FC90006D61696E696E672074696D65202530320B
:10FCA000580053657474696E67206F6E2F6F6666B7
:10FCB00020746F2025732064756520746F206C6537
:10FCC00076656C206368616E6765004552523A2024
:10FCD00072656164696E672063757272656E742007
:10FCE0006C6576656C2025303258004552523A20BA
:10FCF00072656164696E672064656661756C742005
:10FD00006D6F76652072617465202530325800452C
:10FD100076656E743A206D6F76652066726F6D2021
:10FD200025640073696D706C69636974795F7364CD
:10FD30006B5F323032342E31322E312F70726F744D
:10FD40006F636F6C2F7A69676265652F6170702FC2
:10FD50006672616D65776F726B2F706C7567696E17
:10FD60002F6C6576656C2D636F6E74726F6C2F6C83
:10FD70006576656C2D636F6E74726F6C2E630020F8
:10FD8000746F20256420002864696666202563312D
:10FD900029004552523A2077726974696E67206370
:10FDA000757272656E74206C6576656C20253032D4
:10FDB00058005258206C6576656C2D636F6E7472B6
:10FDC0006F6C3A0025734D4F56455F544F5F4C455D
:10FDD00056454C20253032582025303458202530C7
:10FDE000325820253032580025734D4F56455F5408
:10FDF0004F5F4C4556454C5F574954485F4F4E5FE7
:10FE00004F4646202530325820253034580025737F
:10FE10004D4F564520253032582025303258002588
:10FE2000734D4F56455F574954485F4F4E5F4F469D
:10FE3000462025303258202530325800257353543F
:10FE40004550202530325820253032582025303476
:10FE500058002573535445505F574954485F4F4EDF
:10FE60005F4F464620253032582025303258202515
:10FE700030345800257353544F5000257353544F5A
:10FE8000505F574954485F4F4E5F4F4646004F7092
:10FE9000656E206E6574776F726B004E574B204312
:10FEA000726561746F72205365637572697479004D
:10FEB00025733A2025733A203078253032580025B2
:10FEC000732053746F702E2020436C65616E696ED1
:10FED000672075702E004B657920766572696669BA
:10FEE000636174696F6E206661696C65642E204C75
:10FEF000656176696E67206E6574776F726B002539
:10FF0000733A2025730042726F6164636173746990
:10FF10006E67207065726D6974206A6F696E005437
:10FF2000727573742063656E746572206C696E6B94
:10FF3000206B6579207570646174652073746174D9
:10FF400075730025733A205741524E494E473A2067
:10FF5000736C5F7A69676265655F7365745F696E0C
:10FF6000697469616C5F73656375726974795F73D5
:10FF700074617465206661696C65642E20436F6EE0
:10FF800074696E75696E6720776974686F7574201F
:10FF9000696E7374616C6C20636F64652E004572CA
:10FFA000726F723A20696E7374616C6C20636F6457
:10FFB00065207365747570206661696C65642E20B8
:10FFC000497320616E20696E7374616C6C20636F7D
:10FFD000646520666C6173686564206F6E746F2061
:10FFE000746865206465766963653F00D0D1D2D3BB
:10FFF000D4D5D6D7D8D9DADBDCDDDEDF00FFFFFFD2
:020000040805ED
:10000000FFFFFFFFFF005A6967426565416C6C693D
:10001000616E63653039007072696D617279007369
:1000200065636F6E646172790025733A206973733A
:1000300075696E67207363616E206F6E2025732073
:100040006368616E6E656C7320286D61736B203020
:1000500078253038582900257320697320616C7227
:100060006561647920696E2070726F677265737361
:10007000005374617274004578616D696E696E67D2
:1000800020626561636F6E206F6E206368616E6EC3
:10009000656C20256420776974682070616E4964FE
:1000A00020307825303458005468697320626561C7
:1000B000636F6E206973206E6F742070617274209C
:1000C0006F66207468652063757272656E74206354
:1000D00068616E6E656C206D61736B2028307825C9
:1000E000303858292E2047657474696E67206E6514
:1000F000787420626561636F6E2077686F73652026
:100100006368616E6E656C206269746D61736B20EB
:100110006973207365742E004572726F723A2025E0
:100120007320636F756C64206E6F742061747465E6
:100130006D7074206A6F696E3A20307825303258BD
:10014000004E6F20626561636F6E73206C6566742C
:10015000206F6E2063757272656E74206D61736BB3
:100160002E204D6F76696E6720746F206E657874EF
:10017000207374617465002573206A6F696E696EFF
:100180006720307825303458206F6E206368616EA8
:100190006E656C2025640025732053746174653A84
:1001A000202573004572726F723A20257320636FA9
:1001B000756C64206E6F7420736574757020736540
:1001C0006375726974793A20307825303258004569
:1001D00072726F723A205363616E20636F6D706C40
:1001E0006574652068616E646C65722072657475F3
:1001F000726E656420307825303258002573207384
:1002000063616E20636F6D706C6574652E2042654E
:1002100061636F6E732068656172643A20256400C3
:10022000257320737461636B20737461747573201C
:10023000307825303258002573206E6574776F72E0
:100240006B206A6F696E65642E0025732074727965
:10025000696E67206E657874206E6574776F726B57
:100260002E005A6967426565416C6C69616E636511
:1002700030394E574B205374656572696E67004E76
:100280006F6E65005363616E205072696D617279A3
:10029000204368616E6E656C7320616E64207573B7
:1002A0006520436F6E66696775726564204B65797A
:1002B000005363616E205072696D617279204368EA
:1002C000616E6E656C7320616E6420757365204984
:1002D0006E7374616C6C20436F6465005363616E70
:1002E000205072696D617279204368616E6E656C31
:1002F0007320616E64205573652043656E7472616E
:100300006C697A6564204B6579005363616E205097
:1003100072696D617279204368616E6E656C7320DD
:10032000616E6420557365204469737472696275E7
:10033000746564204B6579005363616E2053656377
:100340006F6E64617279204368616E6E656C7320B4
:10035000616E642075736520436F6E6669677572A0
:100360006564204B6579005363616E205365636F4C
:100370006E64617279204368616E6E656C73206192
:100380006E642075736520496E7374616C6C2043D4
:100390006F6465005363616E205365636F6E6461C3
:1003A0007279204368616E6E656C7320616E6420A3
:1003B0005573652043656E7472616C697A6564205B
:1003C0004B6579005363616E205365636F6E6461A2
:1003D0007279204368616E6E656C7320616E642073
:1003E000557365204469737472696275746564201D
:1003F0004B6579005363616E205072696D6172794B
:10040000204368616E6E656C7320616E6420557365
:100410006520416C6C204B6579732028696E73747C
:10042000616C6C20636F64652C2063656E7472610F
:100430006C697A65642C206469737472696275747E
:10044000656429005363616E205365636F6E646158
:100450007279204368616E6E656C7320616E6420F2
:1004600055736520416C6C204B6579732028696E4B
:100470007374616C6C20636F64652C2063656E74AB
:1004800072616C697A65642C206469737472696244
:100490007574656429004F6E2F4F6666207365740E
:1004A0002076616C75653A2025303258202530322F
:1004B00058004552523A2072656164696E67206F38
:1004C0006E2F6F66662025303258004F6E2F6F6694
:1004D0006620616C72656164792073657420746F45
:1004E000206E65772076616C756500546F67676C68
:1004F00065206F6E2F6F66662066726F6D202530E7
:10050000325820746F2025303258004552523A201C
:1005100077726974696E67206F6E2F6F666620252B
:1005200030325800000106000000400000000000CA
:100530000100FEFF00000000000206000000400075
:10054000000000000100FEFF0000000000030600A4
:1005500000004000000000000100FEFF000000005D
:100560000004020400004000000000000000FEFF44
:100570000000000000040204010040000000000030
:100580000000FEFF00000000000402040200400022
:10059000000000000000FEFF000000000004020454
:1005A000FDFF4000000000000000FEFF0000000012
:1005B0000005020400004000000000000000FEFFF3
:1005C00000000000000502040100400000000000DF
:1005D0000000FEFF000000000005020402004000D1
:1005E000000000000000FEFF000000000005020403
:1005F000FDFF4000000000000000FEFF00000000C2
:100600000006020400004000000000000000FEFFA1
:10061000000000000006020401004000000000008D
:100620000000FEFF0000000000060204020040007F
:10063000000000000000FEFF0000000000060204B1
:10064000FDFF4000000000000000FEFF0000000071
:100650000007050400004000000000000000FEFF4D
:100660000000000000070504010040000000000039
:100670000000FEFF0000000000070504020040002B
:10068000000000000000FEFF00000000000705045D
:10069000FDFF4000000000000000FEFF0000000021
:1006A0000008050400004000000000000000FEFFFC
:1006B00000000000000805040100400000000000E8
:1006C0000000FEFF000000000008050402004000DA
:1006D000000000000000FEFF00000000000805040C
:1006E000FDFF4000000000000000FEFF00000000D1
:1006F0000009050400004000000000000000FEFFAB
:100700000000000000090504010040000000000096
:100710000000FEFF00000000000905040200400088
:10072000000000000000FEFF0000000000090504BA
:10073000FDFF4000000000000000FEFF0000000080
:10074000000D060000004000000000000100FEFF58
:1007500000000000000D0800000040000000000044
:100760000100FEFF00000000000E06000000400037
:10077000000000000100FEFF00000000000E080065
:1007800000004000000000000100FEFF000000002B
:10079000000F060000004000000000000100FEFF06
:1007A00000000000000F08000000400000000000F2
:1007B0000100FEFF000000000010000400004000E7
:1007C000000000000000FEFF000000000010000418
:1007D00001004000000000000000FEFF00000000DB
:1007E0000010000402004000000000000000FEFFB6
:1007F0000000000000100004FDFF400000000000A9
:100800000000FEFF00000000001100040000400096
:10081000000000000000FEFF0000000000110004C6
:1008200001004000000000000000FEFF000000008A
:100830000011000402004000000000000000FEFF64
:100840000000000000110004FDFF40000000000057
:100850000000FEFF00000000001200040000400045
:10086000000000000000FEFF000000000012000475
:1008700001004000000000000000FEFF000000003A
:100880000012000402004000000000000000FEFF13
:100890000000000000120004FDFF40000000000006
:1008A0000000FEFF000000000013060000004000F2
:1008B000000000000100FEFF00000000001308001F
:1008C00000004000000000000100FEFF00000000EA
:1008D0000013000300004000000000000100FEFFC4
:1008E00000000000001300030100400000000000B1
:1008F0000100FEFF000000000013000303004000A1
:10090000000000000100FEFF0000000000130003D3
:1009100004004000000000000100FEFF0000000095
:100920000014060000004000000000000100FEFF6F
:10093000000000000014080000004000000000005B
:100940000100FEFF00000000001400030000400052
:10095000000000000100FEFF000000000014000382
:1009600001004000000000000100FEFF0000000048
:100970000014000303004000000000000100FEFF1F
:10098000000000000014000304004000000000000C
:100990000100FEFF000000000015060000004000FE
:1009A000000000000100FEFF00000000001508002C
:1009B00000004000000000000100FEFF00000000F9
:1009C0000015000300004000000000000100FEFFD1
:1009D00000000000001500030100400000000000BE
:1009E0000100FEFF000000000015000303004000AE
:1009F000000000000100FEFF0000000000150003E1
:100A000004004000000000000100FEFF00000000A4
:100A10000016060000004000000000000100FEFF7C
:100A20000000000000170600000040000000000069
:100A30000100FEFF0000000000180600000040005A
:100A4000000000000100FEFF00000000001C01008B
:100A500021004000000000000000FEFF0000000038
:100A6000001D010021004000000000000000FEFF0A
:100A700000000000001E01002100400000000000F6
:100A80000000FEFF00000000524541445F525054F8
:100A90005F43464700726561645F7265706F727490
:100AA000696E675F636F6E66696775726174696F9F
:100AB0006E005265706F7274696E673A2066616984
:100AC0006C656420746F2073656E642025732072DA
:100AD0006573706F6E73653A203078253032580038
:100AE0004552523A2072656164696E6720636C7585
:100AF00073746572203078253034582061747472B4
:100B00006962757465203078253034583A20307821
:100B100025303258004552523A207265706F727417
:100B2000696E67206F66204C4F4E47207374726960
:100B30006E6720617474726962757465207479706F
:100B400065206E6F7420737570706F727465643A8F
:100B500020636C75737465722030782530345820AA
:100B60006174747269627574652030782530345808
:100B7000005265706F7274696E6720456E74727989
:100B80002046756C6C202D206372656174696E67F8
:100B9000206E6577207265706F7274004346475F00
:100BA00052505400202D20646972656374696F6E21
:100BB0003A253032582C20617474723A25303458FA
:100BC00000202020747970653A253032582C206D31
:100BD000696E3A253034582C206D61783A253034CE
:100BE00058002020206368616E67653A002020204D
:100BF00074696D656F75743A2530345800636F6E93
:100C00006669677572655F7265706F7274696E6729
:100C10000077726974004552523A202573696E67F5
:100C200020257320307825303258007363656E6557
:100C300020636F756E740063757272656E742073D5
:100C400063656E650063757272656E742067726F9E
:100C50007570007363656E652076616C69640075FC
:100C600073696E6720307825303258206F75742094
:100C70006F6620307825303258207461626C6520B0
:100C8000736C6F747300253032583A200065702001
:100C90002530325820677270202530345820736315
:100CA000656E652025303258207474202564002E2E
:100CB000256400206C766C20253032580020636F4C
:100CC0006C6F722025303458202530345800202590
:100CD00030345820253032582025303258202530E5
:100CE000325820253034580052583A2052656D6FE2
:100CF00076655363656E65203078253034582C2036
:100D0000307825303258007576750072656D6F76D3
:100D1000655F7363656E65005363656E65733A2046
:100D20006661696C656420746F2073656E6420254C
:100D30007320726573706F6E73653A20307825305A
:100D400032580052583A2052656D6F7665416C6C8E
:100D50005363656E657320307825303458007265B2
:100D60006D6F76655F616C6C5F7363656E65730054
:100D700052583A204765745363656E654D656D62E0
:100D80006572736869702030782530345800676563
:100D9000745F7363656E655F6D656D6265727368C0
:100DA000697000456E68616E6365640052583A2050
:100DB00025734164645363656E6520307825303453
:100DC000582C203078253032582C2030782530347B
:100DD000582C202200222C20006164645F7363651C
:100DE0006E650052583A20257356696577536365DE
:100DF0006E65203078253034582C203078253032FC
:100E00005800766965775F7363656E65006F6E2F56
:100E10006F66660063757272656E74206C657665C8
:100E20006C0063757272656E7420780063757272FF
:100E3000656E74207900656E68616E636564206319
:100E4000757272656E74206875650063757272657F
:100E50006E742073617475726174696F6E00636F74
:100E60006C6F72206C6F6F702061637469766500BF
:100E7000636F6C6F72206C6F6F7020646972656352
:100E800074696F6E00636F6C6F72206C6F6F70208F
:100E900074696D6500636F6C6F722074656D70208E
:100EA0006D69726564730063757272656E74206D2E
:100EB0006F64650052583A2053746F7265536365CE
:100EC0006E65203078253034582C2030782530322B
:100ED000580073746F72655F7363656E6500525876
:100EE0003A20526563616C6C5363656E652030789F
:100EF000253034582C203078253032582C2030784A
:100F000025303458005374617274696E67207570AF
:100F1000646174652074727573742063656E7465A2
:100F200072206C696E6B206B65792070726F6365DF
:100F3000737300557064617465205443204C696E6E
:100F40006B204B65790025733A00204E6577206B46
:100F500065792065737461626C69736865643A00D1
:100F6000204572726F723A00506172746E65723A07
:100F7000200047656E65726174696E672072616EEC
:100F8000646F6D206B6579004572726F723A200054
:100F900025732573206661696C656420307825307F
:100FA000325800496E697469616C697A696E6720AC
:100FB0007365637572697479005A6C6C436F6D6DFB
:100FC000496E6974202D20646576696365206973B4
:100FD000206E6F74206A6F696E656420746F206183
:100FE000206E6574776F726B0052657365747469F7
:100FF0006E6720746F20666163746F7279206E650E
:1010000077004572726F723A204661696C656420A0
:10101000746F206C65617665206E6574776F726B96
:101020002C207374617475733A20307825303258EF
:1010300000546F756368206C696E6B696E6720661B
:1010400061696C65643A20002573257325733A2025
:10105000737461747573203D20253032582C2066DE
:101060006C616773203D2025303258006A6F696ECD
:10107000696E67206661696C6564000000000000AD
:101080000FC0C1C2C3C4C5C6C7C8C9CACBCCCDCEA8
:10109000CFD0D1D2D3D4D5D6D7D8D9DADBDCDDDEE8
:1010A000DF00000053657474696E67207278206FEA
:1010B0006E20706572696F6420746F202564005320
:1010C000657474696E672064656661756C7420630D
:1010D00068616E6E656C20746F2025640052583A0A
:1010E000204964656E7469667952657175657374BB
:1010F000203078253038582C20307825303458006E
:1011000069676E6F72696E67206964656E7469667F
:1011100079207265717565737420617320746F75C1
:1011200063686C696E6B696E6720706F6C69637958
:101130002069732064697361626C656420666F72F4
:10114000204E464E0052583A205265736574546FD3
:10115000466163746F72794E657752657175657318
:101160007420307825303858000102030405060742
:1011700008090A0B0C0D0E0F101112131415161777
:1011800018191A1B1C1D1EF0F200525820696465C4
:101190006E746966793A747269676765722065660C
:1011A0006665637420307825303258207661726924
:1011B000616E7420307825303258004552523A2002
:1011C00077726974696E6720676C6F62616C2073F7
:1011D00063656E6520636F6E74726F6C20253032AC
:1011E00058004552523A202573696E6720257320B6
:1011F00025303258006F6E2074696D65006F666629
:1012000020776169742074696D6500676C6F626135
:101210006C207363656E6520636F6E74726F6C0013
:10122000676C6F62616C207363656E6500726563E5
:10123000616C6C0073746F720052583A20436F7087
:10124000795363656E65203078253032582C203014
:1012500078253034582C203078253032582C2030E6
:1012600078253034582C2030782530325800636F80
:1012700070795F7363656E650052583A20476574F4
:1012800047726F75704964656E74696669657273DB
:101290005265717565737420307825303258006757
:1012A000726F75705F6964656E7469666965727383
:1012B000005A4C4C3A206661696C656420746F205A
:1012C00073656E6420257320726573706F6E73652D
:1012D0003A203078253032580052583A2047657409
:1012E000456E64706F696E744C6973745265717584
:1012F0006573742030782530325800656E64706FE5
:10130000696E745F6C6973740054727573742043F2
:10131000656E746572204A6F696E2048616E646CF8
:1013200065723A20737461747573203D2025732CA7
:10133000206465636973696F6E203D2025732028E2
:1013400025303258292C2073686F727469642030FC
:10135000782530345800554E736563757265642086
:101360006A6F696E00646576696365206C65667492
:1013700000554E736563757265642072656A6F69A6
:101380006E0075736520707265636F6E6669677550
:10139000726564206B65790073656E64206B657996
:1013A00020696E2074686520636C656172006465F5
:1013B0006E79206A6F696E006E6F20616374696F69
:1013C0006E00616C6C6F772072656A6F696E732056
:1013D0006F6E6C7900000000731305085613050842
:1013E000651305087113050882130508981305088D
:1013F000AE130508B8130508C21305086E6F7420F4
:1014000000534C5F5354415455535F4E4554574F0E
:10141000524B5F5550203078253034580054727547
:1014200073742043656E7465722045554920686168
:10143000732025736368616E6765642E00534C5F8B
:101440005354415455535F4E4554574F524B5F448C
:101450004F574E00534C5F5354415455535F4E4FBA
:10146000545F4A4F494E454400534C5F53544154D6
:1014700055535F5A49474245455F4E4554574F5271
:101480004B5F4F50454E45443A20256420736563B9
:1014900000534C5F5354415455535F5A494742459A
:1014A000455F4E4554574F524B5F434C4F53454455
:1014B00000496E76616C6964205365637572697466
:1014C000792050726F66696C653A20307825303229
:1014D0005800704A6F696E20666F72202564207311
:1014E00065633A20307825303258004C696D697454
:1014F000696E67206475726174696F6E206F662013
:101500007065726D6974206A6F696E2066726F6DA6
:1015100020666F7265766572202832353529207411
:101520006F203235340052583A205A444F2C2063F1
:101530006F6D6D616E64203078253034582C2073C7
:1015400074617475733A20307825303258005369CD
:101550006D706C650052583A2025732044657363A2
:101560002052657370004D61746368002C204D61DA
:1015700074636865733A2025640044657669636521
:1015800020416E6E6F756E63653A20307825303479
:10159000580052583A2049454545204164647265D7
:1015A000737320526573706F6E73650052583A20E2
:1015B00041637469766520455020526573706F6E83
:1015C00073652C20436F756E743A202564004E6F4E
:1015D0006465002C204D6174636865733A2030782F
:1015E00025303458005A444F005345004841003FCD
:1015F0003F00436C757374657200476C6F62616C79
:10160000004552524F523A200025737478203078AA
:10161000253038582C200050726F66696C653A206E
:1016200025732028307825303458292C20436C75B8
:10163000737465723A203078253034582C20256434
:101640002062797465732C00205A434C2025732046
:10165000436D642049443A2025640000000152652E
:1016600073657420696E666F3A2030782530325881
:1016700020282573290064656C6574652062696E95
:1016800064696E673A202530325820253032580080
:10169000080109020A030B040C050D060E070F08CA
:1016A0001001180119021A031B041C051D061E0750
:1016B0001F082001210222032304240525062607F2
:1016C0002708280129022A032B042C052D062E07A2
:1016D0002F08300131023203380239043A08E0049D
:1016E000E104E204E802E902EA04F008F110010171
:1016F00001010101010101010101010101010101DA
:1017000001010101010101010101010101000000CC
:1017100000000000020500001818050807001B0063
:10172000A418050807001B003019050807001B0056
:10173000BC19050803000C00F819050803000C008B
:10174000341A050803000C00701A050803000C0089
:10175000AC1A050803000C00E81A050803000C0089
:10176000241B050804000800741B05080400080079
:10177000C41B050804000800141C0508080022000A
:10178000B41C050808002200541D050808002200AA
:10179000F41D050803000D00301E050803000D00B0
:1017A0006C1E050803000D00A81E05080900540062
:1017B0005C1F0508090054001020050809005400AA
:1017C000C420050807001B005021050807001B0066
:1017D000DC21050807001B0068220508030014002F
:1017E000A422050803001400E022050803001400E9
:1017F0001C23050803000700582305080300070001
:101800009423050803000700D023050804001700EF
:1018100020240508010029010000000034240508E7
:101820000E00000040000000000000000300000067
:10183000F42405080200040040000000000000003D
:10184000040000000C250508020003004000000011
:10185000000000000500000024250508060008001F
:101860004000000000000000060000007825050888
:101870000500080040000000000000000604000011
:10188000B4280508010002008000000000000000EC
:1018900000100000082905080100020040000000B7
:1018A0000000000000000000342405080E000000C5
:1018B000400000000000000003000000F4240508C0
:1018C00002000400400000000000000004000000CE
:1018D0000C25050802000300400000000000000085
:1018E000050000002425050806000800400000004F
:1018F000000000000600000078250508050008002B
:10190000400000000000000006040000B4280508A4
:101910000100020080000000000000000010000034
:101920000829050801000200400000000000000036
:1019300000000000342405080E00000040000000F4
:101940000000000003000000F42405080200040069
:101950004000000000000000040000000C25050805
:10196000020003004000000000000000050000002D
:1019700024250508060008004000000000000000C3
:10198000060000007825050805000800400000005A
:101990000000000006040000B42805080100020051
:1019A0008000000000000000001000000829050869
:1019B00001000200400000000000000000000000E4
:1019C000342405080E000000400000000000000064
:1019D00003000000F4240508020004004000000099
:1019E000000000000204000054280508040008005C
:1019F0004000000000000000000000003424050842
:101A00000E00000040000000000000000300000085
:101A1000F42405080200040040000000000000005B
:101A200002040000542805080400080040000000DB
:101A30000000000000000000342405080E00000033
:101A4000400000000000000003000000F42405082E
:101A5000020004004000000000000000020400003A
:101A600054280508040008004000000000000000A1
:101A700000000000342405080E00000040000000B3
:101A80000000000003000000F42405080200040028
:101A90004000000000000000050400008428050844
:101AA00004000800400000000000000000000000EA
:101AB000342405080E000000400000000000000073
:101AC00003000000F42405080200040040000000A8
:101AD0000000000005040000842805080400080038
:101AE0004000000000000000000000003424050851
:101AF0000E00000040000000000000000300000095
:101B0000F42405080200040040000000000000006A
:101B100005040000842805080400080040000000B7
:101B20000000000000000000342405080E00000042
:101B3000400000000000000003000000F42405083D
:101B40000200040040000000000000000600000049
:101B50006C25050801000200800000000000000064
:101B600008000000B4250508010002008000000004
:101B70000000000000000000342405080E000000F2
:101B8000400000000000000003000000F4240508ED
:101B900002000400400000000000000006000000F9
:101BA0006C25050801000200800000000000000014
:101BB00008000000B42505080100020080000000B4
:101BC0000000000000000000342405080E000000A2
:101BD000400000000000000003000000F42405089D
:101BE00002000400400000000000000006000000A9
:101BF0006C250508010002008000000000000000C4
:101C000008000000B4250508010002008000000063
:101C10000000000000000000342405080E00000051
:101C2000400000000000000003000000F42405084C
:101C3000020004004000000000000000040000005A
:101C40000C25050802000300400000000000000011
:101C500005000000242505080600080040000000DB
:101C600000000000060000007825050805000800B7
:101C7000400000000000000008000000C02505082A
:101C800005000700400000000000000006040000FE
:101C9000B4280508010002008000000000000000D8
:101CA00000100000082905080100020040000000A3
:101CB0000000000000000000342405080E000000B1
:101CC000400000000000000003000000F4240508AC
:101CD00002000400400000000000000004000000BA
:101CE0000C25050802000300400000000000000071
:101CF000050000002425050806000800400000003B
:101D00000000000006000000782505080500080016
:101D1000400000000000000008000000C025050889
:101D2000050007004000000000000000060400005D
:101D3000B428050801000200800000000000000037
:101D40000010000008290508010002004000000002
:101D50000000000000000000342405080E00000010
:101D6000400000000000000003000000F42405080B
:101D70000200040040000000000000000400000019
:101D80000C250508020003004000000000000000D0
:101D9000050000002425050806000800400000009A
:101DA0000000000006000000782505080500080076
:101DB000400000000000000008000000C0250508E9
:101DC00005000700400000000000000006040000BD
:101DD000B428050801000200800000000000000097
:101DE0000010000008290508010002004000000062
:101DF0000000000000000000342405080E00000070
:101E0000400000000000000003000000F42405086A
:101E10000200040040000000000000000004000078
:101E20001828050805000900400000000000000017
:101E300000000000342405080E00000040000000EF
:101E40000000000003000000F42405080200040064
:101E500040000000000000000004000018280508F1
:101E60000500090040000000000000000000000024
:101E7000342405080E0000004000000000000000AF
:101E800003000000F42405080200040040000000E4
:101E900000000000000400001828050805000900E3
:101EA000400000000000000000000000342405088D
:101EB0000E000000400000000000000003000000D1
:101EC000F4240508020004004000000000000000A7
:101ED000040000000C25050802000300400000007B
:101EE0000000000005000000242505080600080089
:101EF00040000000000000000600000078250508F2
:101F0000050008004000000000000000080000007C
:101F1000C025050805000700400000000000000083
:101F200000030000A42605081F0032004000000046
:101F30000000000006040000B428050801000200AB
:101F400080000000000000000010000008290508C3
:101F5000010002004000000000000000000000003E
:101F6000342405080E0000004000000000000000BE
:101F700003000000F42405080200040040000000F3
:101F800000000000040000000C250508020003000A
:101F900040000000000000000500000024250508A6
:101FA00006000800400000000000000006000000DD
:101FB000782505080500080040000000000000002A
:101FC00008000000C02505080500070040000000CB
:101FD0000000000000030000A42605081F003200D6
:101FE000400000000000000006040000B4280508BE
:101FF000010002008000000000000000001000004E
:10200000082905080100020040000000000000004F
:1020100000000000342405080E000000400000000D
:102020000000000003000000F42405080200040082
:102030004000000000000000040000000C2505081E
:102040000200030040000000000000000500000046
:1020500024250508060008004000000000000000DC
:102060000600000078250508050008004000000073
:102070000000000008000000C0250508050007005A
:10208000400000000000000000030000A426050836
:102090001F003200400000000000000006040000A5
:1020A000B4280508010002008000000000000000C4
:1020B000001000000829050801000200400000008F
:1020C0000000000000000000342405080E0000009D
:1020D000400000000000000003000000F424050898
:1020E00002000400400000000000000004000000A6
:1020F0000C2505080200030040000000000000005D
:102100000500000024250508060008004000000026
:102110000000000006000000782505080500080002
:10212000400000000000000006040000B42805087C
:10213000010002008000000000000000001000000C
:10214000082905080100020040000000000000000E
:1021500000000000342405080E00000040000000CC
:102160000000000003000000F42405080200040041
:102170004000000000000000040000000C250508DD
:102180000200030040000000000000000500000005
:10219000242505080600080040000000000000009B
:1021A0000600000078250508050008004000000032
:1021B0000000000006040000B42805080100020029
:1021C0008000000000000000001000000829050841
:1021D00001000200400000000000000000000000BC
:1021E000342405080E00000040000000000000003C
:1021F00003000000F4240508020004004000000071
:1022000000000000040000000C2505080200030087
:102210004000000000000000050000002425050823
:10222000060008004000000000000000060000005A
:1022300078250508050008004000000000000000A7
:1022400006040000B4280508010002008000000018
:10225000000000000010000008290508010002002D
:1022600040000000000000000000000034240508C9
:102270000E0000004000000000000000030000000D
:10228000F4240508020004004000000000000000E3
:1022900000050000C02805080600100040000000EE
:1022A0000000000000000000342405080E000000BB
:1022B000400000000000000003000000F4240508B6
:1022C00002000400400000000000000000050000C3
:1022D000C0280508060010004000000000000000B3
:1022E00000000000342405080E000000400000003B
:1022F0000000000003000000F424050802000400B0
:10230000400000000000000000050000C028050893
:102310000600100040000000000000000000000067
:10232000342405080E0000004000000000000000FA
:1023300001000000DC24050802000300400000004A
:102340000000000003000000F4240508020004005F
:1023500040000000000000000000000034240508D8
:102360000E0000004000000000000000010000001E
:10237000DC2405080200030040000000000000000B
:1023800003000000F42405080200040040000000DF
:102390000000000000000000342405080E000000CA
:1023A000400000000000000001000000DC240508DF
:1023B00002000300400000000000000003000000D5
:1023C000F4240508020004004000000000000000A2
:1023D00000000000342405080E000000400000004A
:1023E0000000000003000000F424050802000400BF
:1023F00040000000000000000A000000FC25050865
:102400000100000080000000000000001900000032
:1024100008260508050013008000000000000000E9
:102420002100000044260508080029018000000062
:102430000000000000002001200000000800000053
:102440000100200120000000000000000200200127
:102450002000000000000000030020012000000018
:1024600000000000040042212000000000000000E5
:10247000050042212000000000000000060042117B
:1024800020000000000000000700300120000000D4
:10249000000000000800300120000000FF000000E4
:1024A0000900300120000000FF0000000A00411177
:1024B00020000000000000000B004241200000004E
:1024C0000000000000404211200000000000000059
:1024D000FDFF21022000000001000000210020017A
:1024E0000000000000000000FDFF210200000000CD
:1024F00002000000000021020100000000000000B6
:10250000FDFF210200000000010000000000180192
:102510000000000000000000FDFF2102000000009C
:102520000100000000002001000000000000000089
:102530000100200100000000000000000200210254
:102540000000000000000000030010010000000077
:10255000000000000400180100000000000000005E
:10256000FDFF21020000000001000000FDFF21022C
:102570004000000001000000000010010200000007
:1025800000000000004010010000000001000000F9
:102590000140210201000000000000000240210271
:1025A0000100000000000000FDFF2102000000000B
:1025B00001000000FDFF21024000000001000000BA
:1025C00000002001020000000000000001002102C4
:1025D00000000000000000000F00180101000000D2
:1025E00000000000140020010100000000000000B5
:1025F000FDFF21020000000009000000FDFF210294
:1026000060000000020000000000F0084000000030
:10261000062B050801002304400000000E2B0508CE
:10262000020023044000000000000000060030010A
:102630004000000000000000FDFF210240000000FB
:102640000100000010002001400000001400000004
:10265000110043FF400000000000000016001A03B4
:1026600040000000E82A050817001A034000000097
:10267000EB2A0508200018014100000000000000BE
:102680002100F11041000000000000002200F110C4
:1026900041000000EE2A0508FDFF21024000000075
:1026A0000100000000002001000000000000000008
:1026B00001002001000000000000000002002102D3
:1026C00000000000000000000300210200000000E4
:1026D0006B61000004002102000000007D6000002A
:1026E0000800300100000000000000000F00180189
:1026F00001000000000000001000200100000000A8
:102700000000000011002102000000000000000095
:102710001200210200000000000000001300200150
:102720000000000000000000150021020000000071
:102730000000000016002102000000000000000060
:102740001700200100000000000000001900210215
:1027500000000000000000001A002102000000003C
:10276000000000001B00200100000000000000002D
:1027700020002102000000000000000021002102D2
:102780000000000000000000220020010000000006
:1027900000000000240021020000000000000000F2
:1027A000250021020000000000000000260020019A
:1027B00000000000000000002800210200000000CE
:1027C00000000000290021020000000000000000BD
:1027D0002A0020010000000000000000004021024B
:1027E0000000000000000000014030010000000077
:1027F000000000000A401902000000000100000073
:102800000D4021020000000000000000FDFF210239
:102810000000000001000000000021020000000094
:102820000000000001002102000000000100000083
:102830000200210200000000FEFF00000400300141
:1028400000000000FF000000FDFF2102000000006A
:10285000020000000000290200000000000000004B
:1028600001002902000000004D95FFFF020029022F
:1028700000000000FF7F0000FDFF210200000000BB
:102880000400000000002102000000000000000021
:1028900001002102000000000000000002002102EF
:1028A0000000000010270000FDFF210200000000D2
:1028B00003000000FDFF21024000000001000000B5
:1028C00000003001000000000000000001003102A3
:1028D00000000000000000000200190200000000DB
:1028E000000000001000F00803000000FE2A0508A8
:1028F0001100200102000000FF000000FDFF210286
:102900000000000002000000FDFF210200000000A6
:10291000010000000000000803000008030000029E
:10292000030001080300400804000008040000023E
:10293000040001080400010204000208040002026D
:10294000040003080400030204000408040005084E
:10295000050000080500000205000108050001024D
:102960000500020805000202050003080500030235
:102970000500040805000402050005080500060816
:102980000500060205004008050041080500420850
:1029900006000008060001080600020806004008BC
:1029A0000600410806004208080000080800010867
:1029B00008000208080003080800040808000508C9
:1029C00008000608080007081900000419000101A2
:1029D0001900020419000301190005041900060179
:1029E000190007042100010421000204210006044B
:1029F00021000B0400030008000301080003020883
:102A00000003030800030408000305080003060888
:102A10000003070800030808000309080003400832
:102A20000003410800034208000343080003440870
:102A30000003470800050008000500020005010822
:102A40000005010200050208001000080010010244
:102A5000001002080010030200100608001007080A
:102A600000101008001011020010120800101302CC
:102A70000010140800101502001016080010400283
:102A800000104108001041020010420800104202EC
:102A900000034100A9FB030804004100A92D01081F
:102AA0000005410081360108000560009D330108E2
:102AB00000054800E700040803004100FB0004088B
:102AC00003004200210104080800410089010408B4
:102AD00006004100D701040805004100D15F01084C
:102AE00000800000000000002FAC09FFFFFF5A69C2
:102AF00067426565416C6C69616E63653039FFFFE3
:102B0000FFFFFFFFFFFFFFFFFFFFFFFFFFFFFFFFD5
:102B1000FFFF040104010401040104010401040194
:102B2000040104010401040104010401040104017D
:102B3000040104010401040104010401040104016D
:102B4000040104010401040104010401040104015D
:102B5000E0A10001000100010203020302030203DD
:102B60000203020303010301030101010101010149
:102B70000601060106010201020102010A010A0121
:102B80000A01020402040204050005000500050014
:102B90006100000102030405060708090A0B0C0D79
:102BA0000E0F101112131415161718191A1B1C1DCD
:102BB0001E1F0000000000000000000000000000D8
:102BC0000000000000000000000000000000000005
:102BD00000005752495445204552523A200025736F
:102BE0006570202530325820636C75732025303491
:102BF0005820617474722025303458206E6F742010
:102C0000737570706F72746564002573696E766198
:102C10006C69642064617461207479706500257347
:102C200061747472206E6F74207772697461626C63
:102C3000650057524954453A206E6F207772697487
:102C4000652C206A7573742061207465737400525A
:102C50004541443A206174747269627574652073E9
:102C6000697A6520746F6F206C6172676520666F8A
:102C7000722063616C6C6572004F54412052454173
:102C8000443A2065703A25303258206369643A2509
:102C90003034582061747469643A25303458206D9A
:102CA000736B3A25303258206D66636F64653A2540
:102CB00030345800524541443A20636C75732025E6
:102CC0003034582C206174747220253034582066BA
:102CD00061696C6564202530325800524541443AA0
:102CE00020636C757320253034582C206174747205
:102CF00020253034582C20646174614C656E3A2074
:102D0000253032582C204F4B00256300282563299D
:102D10002530325825303258253032582530325837
:102D20002530325825303258253032582530325827
:102D30000064697361626C65002573642C206472A1
:102D40006F7070696E67206570203078253032585A
:102D500020636C75732030782530345820636D649F
:102D6000203078253032580047656E657261746591
:102D70006400526563656976656400446973636FD6
:102D800076657220436F6D6D616E6473207265733A
:102D9000706F6E73652028636F6D706C6574653A33
:102DA000202563292C202573204944733A200030C4
:102DB0007825303258200064697361626C65640064
:102DC000524541445F415454520057524954453A88
:102DD00020636C7573202530345820617474722020
:102DE0002530345820004641494C202530325800C7
:102DF00057524954453A20746F6F2073686F72744C
:102E000000444953435F4154545200257325733A9B
:102E100020636C75732025303458005F455854008A
:102E200053766320446973633A20002573576169C0
:102E300074696E672025642073656320666F722055
:102E4000646973636F7665727920746F20636F6D48
:102E5000706C65746500537461746520636F727281
:102E60006573706F6E64696E6720746F2074686537
:102E7000207468652072657175657374206E6F7457
:102E800020666F756E640A002573636F6D706C65E4
:102E900074652E0A00204E4F54004572726F723ACC
:102EA000202573206261642073696D706C652064F5
:102EB000657363726970746F72206C656E67746895
:102EC0002E0025734D65737361676520746F6F20E5
:102ED00073686F72740025734D6573736167652045
:102EE000746F6F2073686F727420666F72206E75D6
:102EF0006D2E20656E64706F696E74730025734D5E
:102F000061746368257320666F756E642066726FE6
:102F10006D203078253034582E004572726F723A29
:102F200020257320696E76616C6964206C656E671C
:102F300074682028256420213D2025642920666F9F
:102F4000722041637469766520456E64706F696EA6
:102F50007420726573706F6E7365002573676F748C
:102F60002061637469766520455020726573706FC7
:102F70006E73650028556E6B6E6F776E20636C758F
:102F8000732E205B3078253034585D29000D0A54AB
:102F9000253038583A005258206C656E2025642C34
:102FA00020657020253032582C20636C75732030DA
:102FB00078253034582000206D666749642025301C
:102FC0003458002046432025303258207365712044
:102FD0002530325820636D642025303258207061CE
:102FE000796C6F61645B0073696D706C696369749F
:102FF000795F73646B5F323032342E31322E312F71
:1030000070726F746F636F6C2F7A69676265652F7A
:103010006170702F6672616D65776F726B2F75745A
:10302000696C2F7574696C2E630007021F012F00F5
:1030300037013F005701DF02E700FF0200000000F8
:103040000000000000000000000000000000000080
:1030500000000000000000000000000042617369F1
:103060006300436F6C6F7220436F6E74726F6C00FD
:10307000477265656E20506F776572004941532035
:103080005A6F6E65004964656E7469667900496CB3
:103090006C756D696E616E6365204D6561737572E7
:1030A000656D656E74004C6576656C20436F6E745B
:1030B000726F6C004F63637570616E637920536546
:1030C0006E73696E67004F6E2F6F6666004F766590
:1030D00072207468652041697220426F6F746C6F52
:1030E0006164696E6700506F77657220436F6E662A
:1030F000696775726174696F6E0052656C6174699D
:1031000076652048756D6964697479204D656173D1
:103110007572656D656E74005363656E65730054FA
:10312000656D7065726174757265204D656173754A
:1031300072656D656E740054696D65005A4C4C2063
:10314000436F6D6D697373696F6E696E6700000020
:10315000000000005C300508000300006230050834
:10316000210000007030050804000000ACF70408DE
:10317000000500007C3005080300000085300508CC
:10318000000400008E30050808000000A630050885
:1031900006040000B430050806000000C63005082B
:1031A00019000000CD30050801000000E6300508D8
:1031B00005040000FA300508050000001831050874
:1031C000020400001F3105080A000000373105081D
:1031D000001000003C310508FFFF00000000000067
:1031E0002573525820706B7420746F6F2073686F52
:1031F00072743A202564203C2025640025735258BF
:1032000020706B74206D616C666F726D65643A201E
:103210002564203C2025640073696D706C696369C6
:1032200074795F73646B5F323032342E31322E31F9
:103230002F70726F746F636F6C2F7A696762656548
:103240002F737461636B2F636F6E6669672F736C86
:103250005F7A69676265655F636F6E6669677572DD
:103260006174696F6E2E630002010A0006000A0095
:1032700026002A000080000073696D706C69636924
:1032800074795F73646B5F323032342E31322E3199
:103290002F70726F746F636F6C2F7A6967626565E8
:1032A0002F737461636B2F696E7465726E616C2F1E
:1032B0007372632F6970632F6165732D6D6D6F2D50
:1032C0006970632D636F6D6D616E642D6D657373D1
:1032D000616765732E630073696D706C69636974EF
:1032E000795F73646B5F323032342E31322E312F7E
:1032F00070726F746F636F6C2F7A69676265652F88
:10330000737461636B2F696E7465726E616C2F7379
:1033100072632F6970632F67702D74797065732DD8
:103320006970632D636F6D6D616E642D6D65737370
:10333000616765732E630073696D706C696369748E
:10334000795F73646B5F323032342E31322E312F1D
:1033500070726F746F636F6C2F7A69676265652F27
:10336000737461636B2F696E7465726E616C2F7319
:1033700072632F6970632F6D6573736167655F6931
:1033800070635F636F6D6D616E645F6D65737361B4
:103390006765732E630073696D706C696369747916
:1033A0005F73646B5F323032342E31322E312F70C6
:1033B000726F746F636F6C2F7A69676265652F73C4
:1033C0007461636B2F696E7465726E616C2F7372BA
:1033D000632F6970632F7261772D6D6573736167F9
:1033E000652D6970632D636F6D6D616E642D6D6504
:1033F0007373616765732E63000000005120040839
:10340000B7200408AD260408E1200408AF2604080C
:10341000A72104085123040827240408A32404082E
:1034200015250408B1260408B3260408B5260408A7
:10343000492504084F260408B726040800000000A8
:10344000000000000000000101020305080D152224
:10345000375990E900F0E1D2C3B4A5968778695A4C
:103460004B3C2D1E0F000049444C4500546D7251D9
:1034700000546D722053766300141400001C203039
:10348000401C2000001C203040505341004B455947
:1034900000666E692B00666E69006E616E00666E76
:1034A000692D000000000000000000000000F03F57
:1034B000000000000000244000000000000059400F
:1034C0000000000000408F40000000000088C34062
:1034D00000000000006AF8400000000080842E41D7
:1034E00000000000D01263410000000084D7974123
:1034F0000000000065CDCD4100000000000000008C
:10350000FFFF00003DFA0308000000000003000078
:10351000FFFF000063FC0308000000002100000022
:10352000FFFF01007DFF0308000000000400000011
:10353000FFFF00005D00040800000000000500001F
:10354000FFFF0000E9000408000000000300000085
:10355000FFFF00002901040800000000080000002F
:10356000FFFF00008D0104080000000006000000BD
:10357000FFFF0000DB010408000000000500000060
:10358000FFFF00001D03040800000000030000000E
:10359000FFFF00008D03040800000000060000008B
:1035A000FFFF0000A5030408000000000500000064
:1035B000FFFF00001B0404080000000000100000D2
:1035C000FFFF00003F0404086E616E6F6D6174744C
:1035D000657231006E616E6F6D61747465720000AA
:1035E000050000000000000000C20100000500000E
:1035F00000100000000000000000000005010001B4
:10360000010202810481050201003F04040100025D
:103610000281048105040100020281048105020186
:10362000000202050100010102028104810501017D
:1036300000010100030200010282040502000102F0
:1036400002043D083F0C050200010202043D083F50
:103650000C02020001020202000102020200010249
:103660000202000102050200020202048106810733
:103670000402000202810481050202003D040202EC
:10368000003D0401020001020001020001020001EC
:103690000200050200020202048106810704020002
:1036A00002028104810505010001010102810381FB
:1036B00004050100010101028103810405010001EB
:1036C00001020281048105030100010102020401DB
:1036D00000010181028103040100010181028103D3
:1036E00004010001018102810302010001010201C4
:1036F0000001010701000202020402060208810A19
:10370000810B0601000202020402068108810902FF
:103710000100010102010001010281008101050196
:103720000002020104020601080301000202020471
:103730004E31305F5F637878616269763131375F2F
:103740005F636C6173735F747970655F696E666FD8
:1037500045000000C837050830370508FC37050864
:10376000000000005437050849F401085D490408C9
:10377000FF4A0408FF4A0408C74904081F4904080F
:10378000AF49040871490408514904084E31305FBB
:103790005F637878616269763132305F5F73695F49
:1037A000636C6173735F747970655F696E666F4592
:1037B00000000000C83705088C3705085437050895
:1037C00000000000B43705085DF401080F4A040842
:1037D000FF4A0408FF4A0408C74904081F490408AF
:1037E000D34A04085F4A0408234A0408537439740E
:1037F0007970655F696E666F0000000068370508C4
:10380000EC3705080009005A543805080100000F7C
:103810003438050894D869B9080700000009005A2F
:10382000A03805080100000F34380508BD49C3263B
:10383000E40C000009FF6DFFA0FFBAFFCAFFD4FF30
:10384000DBFFE1FFE5FFE8FFEAFFECFFEEFFEFFF44
:10385000F1FFF2FF6400DEFEFF0079001E000000B1
:103860005A00F20AE9F0FCFF2A0046030B8CFFFF26
:1038700016000801261500000D009200E621000048
:1038800008005B003D21000006003800C31C00005A
:1038900004002B009A19000002000B004F0C0000DE
:1038A0006400DEFEFF0079001E0000005A00F20AEC
:1038B000E9F0FCFF2A0046030B8CFFFF160008010D
:1038C000261500000D009200E621000008005B00B4
:1038D0003D21000006003800C31C000004002B003E
:1038E0009A19000002000B004F0C000010000000AD
:1038F000B01E00200000020800000000FFFFFFFFD4
:10390000FFFFFFFFFFFFFFFF0000000000000000BF
:1039100000000000000000000000000000000000A7
:10392000A0000000A10702085000000019070208CB
:103930000000000100000101000101010001000080
:103940000102020300000000000000000203030364
:103950000304040404050500000000010101010244
:10396000020202030303030304040404040000002E
:103970000101010107070808030303050404040506
:1039800005050606060707070803020204040403E8
:1039900004050506060606070707020202030303DD
:1039A00003040404040505050505060606060102D0
:1039B00002020203030303030404040404050505CF
:1039C000050606060C0C0C0C0B0B0B0B0B0B0B0B58
:1039D0000B0B0B0B0B0B0B0B0B0B0C0C0C0C0C0C31
:1039E0000C0C0C0C0B0B0B0B0B0B0B0B020101014A
:1039F0000100000505050504040404030303030294
:103A00000202020101010101050505050404040487
:103A1000030303030707080808080909090A0A0538
:103A20000505060606070707080808080909090921
:103A3000050505060606060707070808C7BFBEBE38
:103A4000BEB5B5B4B4ABABDCDCDBDBD2D2D1D1C814
:103A5000C8C8C7BFBEBEBEBDB5B5B4B4B4DCDBDB41
:103A6000D2D2D2D11B1B16162E2D2D2A292929255B
:103A7000242420201F1B1B1B162E2D2D2A2A29290A
:103A80002524242020201F1B1B1B2D2DBEB5B5B4C3
:103A9000B4ABABABAAA2A1A1A1A099999898C7BFBA
:103AA000BEBEBDB5B5B4B4B4ABABABAAAAA2A1A11E
:103AB000A199999900000000030303030302020285
:103AC00002020202030302020202010101010101DA
:103AD000000000000303030303020202D3CACAC9A1
:103AE000C9C0C0F2F2F1F1E8E8E7E7DEDEDDDDD4DF
:103AF000D4D3D3CACAC9C9C9F2F2F1F1E8E8E7E7F9
:103B0000DEDEDDDD22221D1D1D1D18181813132CED
:103B10002C2C2727272222221D1D1D1D181818189E
:103B20002C2C2C272727272222221D1DFFFFFFFFD9
:103B3000FFFFFFFFFFFFFFFFFFFFFFFFC8C8C8C871
:103B4000C8C8C8C8C8C8C8C8030404080808080802
:103B500000B801B802B800B0947B0508030404085B
:103B60000805000000000000000000000000000048
:103B700000000000040008007C0031003B001B0036
:103B8000183900007C030000983C0000040000008D
:103B9000183E00000400000020340000F80400007B
:103BA000943C000004000000143E000003000000EC
:103BB00000000000203400009C3C000001000000D8
:103BC0001C3E000037000000993B0000213400003B
:103BD000010000000006800F7047944909684143C6
:103BE000880B7047924800680104C80F704730B5D1
:103BF000002090490A680023FA24A401521C656839
:103C0000AA4200D322681578AD06AD0E9D4005434B
:103C100028009B1D1E2BF1D30A6030BD844801682B
:103C2000090408D584490A68824B1A604A68C2614F
:103C30008868B14908607047F3B583B01700C006C3
:103C4000000E00901038912833D2FFF7CBFF0028E8
:103C50002FD00026794C01250398FFF7BBFF0028E1
:103C600002D0022803D003E02068284000D00126BB
:103C70000197734F04980C21615E40180E21615E1C
:103C80004018FFF7AAFF019940183860049800997E
:103C90004018FFF7A2FF019940187860C02080010A
:103CA00068490860300368490860FCF725FF9348BD
:103CB000057005B0F0BDFEB5644B654DC0208004B5
:103CC0000290F020000501901869022805D22868AA
:103CD0000199014002988142F0D089480068C01CD7
:103CE0008849014388480160884A894C0421A068BA
:103CF000084204D0187D8006C10F490023E0022647
:103D0000304022D01869042805D22F680198384025
:103D1000029FB842F6D0187D0007000F072814D183
:103D2000587D022811DD987D8006800E02280CDB6C
:103D3000D87D009007460F4207D0C00700D50A2162
:103D4000374200D0891D00290BD172486E490860A6
:103D500000201860802189026F4B1960106020617B
:103D6000F7BD481C1E69864205D22F68019E3E4061
:103D7000029FBE42F6D06948405C009020610098E6
:103D8000C000F821014002D08020C00418606448BF
:103D90000668012E00D149005960216800291DD113
:103DA00059490B682026A65F36039B059B0D3343BC
:103DB0000B6001261660022191600099890909D1E2
:103DC0000068002801D1182000E01A20225E009827
:103DD000FFF732FF207A000700D42660F7BD4A487B
:103DE0004C4901600021194A1160802292024A4B1D
:103DF0001A60464A11604B4A026142613F480170B5
:103E00007047062048490860002048490860F021B2
:103E10000901474A116080214900464A116008495A
:103E2000404A0A604A60354908707047A83E000061
:103E3000C04101A8183E0000883E0000A43E0000DA
:103E4000C84101A8C06101A8C05101A8C44000A890
:103E50000C0002A830B581B00400A00314D530488E
:103E60000068002801D1162000E00C20FEF7C4FAFB
:103E70003148806E0007C10F30480170082030497A
:103E80000860C003244908602E4D2868000406D548
:103E9000FFF7ADFEE861FFF7AAFE17490860A0072B
:103EA00027D58020C0021C490860FCF748FE002886
:103EB0001FD0254A1068C0B2002802D00621234B2B
:103EC0001960810915D01C490B68012BFBD9496881
:103ED0000905090D091DC900114B1B68012B00D1F3
:103EE0004908002B01D1182300E01A23D25EFFF706
:103EF000A3FE01B030BD00005C4201A8523E0000AC
:103F0000204000A800F0FF3FB84101A8044003A8EA
:103F10009C3E0000FFF3FF3F106001A8D84000A8BE
:103F20006C3F0000FFFF0300006401A8504000A8A0
:103F30000C6000A80C5000A81C4000A89C3C00008D
:103F4000846000A8C04101A8A03E0000005401A860
:103F500070B50822814B1A60FB239B011B68DC03B0
:103F600002D50020088070BD0C880019401E007822
:103F70007B4DA870641C0C8045076D0F052D05D87E
:103F8000784E3668F60603D5022D0DD0032070BD9D
:103F90009604AE401E4001D1082070BD052D03D10E
:103FA000104201D1641E0C80A9484860002070BDF9
:103FB000F3B582B008886C490978491CC9B28142BE
:103FC00004D202990918491E097800E00021644AC8
:103FD000517093785B075B0F01933023019C052C94
:103FE00028D1194233D19478E5081E242C40CD07FE
:103FF00002D5250001242C430125A14EE6402E4088
:1040000073D0019F9F4EE641402426403E434C061C
:1040100002D5340020262643947889080D40A7084D
:104020000C2139402943C02525400D432021294337
:1040300096705170FB2189010C6855780221232666
:104040002E4008D0660302D52B40202B01D005203E
:1040500082E0424B196093789B0601D4202203E052
:104060009278120702D540223C4B1A603C4A927863
:104070006B461A70C022844B1E680E4001D1154257
:1040800012D06E46377827263E40232E03D1E60213
:1040900007D4012606E0252E03D0212E04D12603C5
:1040A00002D504262D4F3E601B6819402026019F33
:1040B000002F1CD11E4027D0294B5B781A40402A84
:1040C00013D00C221A40042A0FD02A073BD4012215
:1040D000002902D0E100CB0F5A4069460978CB078E
:1040E000DB0F1A422FD021012AD4072034E0022FFF
:1040F000E2D11E4008D00029DED1CC232B4003D1D1
:104100006B461B785B0601D5032025E0A30311D580
:104110009C4E73691B051B0D5B1C3668F60205D5AA
:10412000994E36683607B60F9B1B5B1E9BB2052B5C
:1041300004D1C1E7029B1B78052BBDD006200BE004
:104140008021064A1160E90702D4401C03990880C7
:10415000AB4803994860002004B0F0BD4C1002A8A1
:10416000143E0000480002A8303E0000F2B5874926
:104170004978CA0705D4009A12888018401E03782F
:1041800000E00023FB229201106802249D4D2E685E
:10419000F60611D512695340DBB2002B03D16E68CD
:1041A000D30973402340002B03D0020204D40A2019
:1041B000F2BDE206944E3260744A1E02C0230B40E8
:1041C0003343914E336093785E07760F022E06D10B
:1041D0006D682C4003D1002000990880F2BDA02515
:1041E0000D409E08102737402F433D090E0702D48B
:1041F0002E0010253543CC240C401A262E400A2EC2
:1042000004D1CC2C02D02E00FD2535407F4EEE404F
:10421000F60705D4000416D5412B10D1082912D178
:104220007B48E840112101402143202008431070C1
:104230000D210140009808D000F0AAF8F2BD0B2B28
:1042400001D10029ECD00720F2BD00F01FF8F2BD2B
:104250008134000038B50C006E490B781A095339C7
:104260009500491925881B071B0FEB1A9A1A80180D
:10427000FEF753FD010002D1200000F007F832BD27
:10428000F300A3E3981440684C0002A8F8B50400BA
:10429000614805683D4F3878D026304202D00D2164
:1042A000014005D008205D490860EF20FEF7F2FCD0
:1042B00039782000314204D00909397000F068F8DB
:1042C000F2BD0521294020D00288FB218901CA6066
:1042D000534BEC0705D5521C0280690607D4514B9D
:1042E00005E043242C40422C03D1521C0280436041
:1042F0000DE01022494B1A604B4A09688B00DB0F16
:10430000190111638021090311600021018000203F
:10431000F2BD0A888018401E0078830601D4121D61
:104320000A801822024004D0088852088018C01E53
:10433000088039480068C00702D50888401C0880FA
:104340003848486000207047334A1368DB0708D5B7
:104350001268920705D40A888018401E0078042845
:104360000DD110202D4A10602F48FB2292011268B7
:104370009300DB0F1A010263802212030260002007
:10438000088070470C4000A8080001A8143E0000F7
:1043900031B581B02549002000900822244B1D78BA
:1043A00002230C24254202D10022224903E02C40A2
:1043B000082C00D10222EC0703D50C001E2161401D
:1043C00000931D4207D014490968090601D51A490E
:1043D00001E00021C943019B184C21601849FF24CA
:1043E0008C70009C15012543CD70087018880099C9
:1043F00040188018188013485860002036BD00000F
:104400003D360000480002A8481002A80D0F0C0D10
:10441000071708504B3F00004C0002A84C2002A890
:10442000E3370000193800001C1002A8DE1B25012C
:10443000143E00002084100000FCFF01F43E000048
:10444000483F000025370000143E0000ED33000017
:104450000534000005340000053400000534000078
:104460000534000000000000000000000000000013
:104470000000000005340000053400000534000091
:10448000052B000005340000372C0000472C0000ED
:10449000772D0000D92D0000632E0000E92F0000C9
:1044A000912E000095300000E52E0000392F00000D
:1044B000B12F0000393200003D330000092C00000C
:1044C000DB2700007D230000053400009D2800004C
:1044D00005340000E1290000A12900000534000096
:1044E00005340000212A00000534000005340000D6
:1044F00005340000053400000534000005340000D8
:104500002F12000025120000000000000004000827
:10451000021402180324000090488068000200D4AE
:10452000704780B580208002AB490860CF2000F042
:1045300051FA01BDF8B58A4800688A4C802292037E
:104540002260FB26B601316809051DD5110BA02399
:10455000034001D0216017E002403FD18027824A0A
:104560001760824A1760084038D07C4D287A40078F
:1045700005D501207E49086000027E490860287840
:10458000002801D0062801DB0020F2BD00F07AFBF4
:10459000716889684E682978052907D1B905A16035
:1045A0006E60B668CC218901724A116000F073FB1D
:1045B000012E00DA0226BC2080058849086094207C
:1045C00080058749086068480021C9430164714239
:1045D000416484490F6040210160D5E78248016051
:1045E000FFF79AFF0120F2BD5D480168890504D5F7
:1045F000C06E0004000F022801D000207047012087
:10460000704738B580245848046000F03BFB050033
:104610007648006800F068F9280000F03CFBFFF7DE
:104620007BFF4E48007A000705D5A0004D49086081
:1046300000F03AFC31BD60036B490860B14804608A
:1046400031BDFEB50500CC208001694948600126D6
:1046500068480660FFF7C8FF00287DD03F4C2078EF
:10466000002879D031020195052802D02A460A4057
:1046700072D1CC27BF015E4A17608D4A1268812330
:104680001B02134001D0032301E053075B0F0228F4
:1046900005D1022B5ED3080136490860F7BD4D01F4
:1046A000032804D1022B55D932480560F7BD0428F0
:1046B00002D111404ED0F7BD05284BD101980028FA
:1046C00048D0C005C10F684641700198C004C10FB1
:1046D0006846017000F0D6FA029060686946497831
:1046E000002903D006688021204A11602C048649E5
:1046F0006A461278002A0CD0C2680B68D21A834B23
:104700001B68234001D0066800E04668964200DD41
:104710001600684640786A461278024308D0086856
:104720004242B01E824202DA7042886000E00026F7
:10473000029800F0B0FA0198800501D5964804600F
:104740000198054001D095480460002E02D0094828
:104750000760F7BDFFF755FFF7BD00001C3E0000E6
:10476000440002A8442002A80CC001A890E001A8BF
:10477000C4D000A8145001A838B58024884804602B
:1047800001201C490860874D2878052802D0600068
:1047900085490860FFF728FF002812D013480068F9
:1047A000000A80214140A868000EC9B2814208D2A7
:1047B0003F4800684007400F022802D2FFF721FF60
:1047C00031BD7A480168C0220A4002D1C06F204042
:1047D00001D00448046031BD1C1002A808E001A803
:1047E00008D001A894D001A8441002A818C000A8BD
:1047F000106001A8C4E000A8F1B582B00F00A020AD
:10480000384003D0802080006A494DE000F03AFA39
:10481000009067480468F80202D5A0680069029019
:1048200000F0ABFB80210903606800F07DF9267879
:104830000020761C6178B14200D200261821714315
:1048400065180C3529780829F3DA2670A5605549D2
:104850002A780A70BA0507D5554800688068C0688C
:10486000FA0201D40322904388600127384003D123
:1048700000F0A0FC01F0DCF8F904686900F054F9DC
:104880003C2000F0A7F8F0B200F0A4F860884A4994
:1048900001406180009800F0FEF938054549086044
:1048A000464807603802464908600298FEBD00008D
:1048B000184001A810B543480068800501D4FE20C7
:1048C00010BDC02080034049086000F0DBF9384982
:1048D00009688A78D20702D589688C7800E00C785C
:1048E00000F0D9F9200010BD314909688A688B7839
:1048F000DB0704D5927818235A438A180C3290604B
:1049000070470000100002A848C001A84C0002A88F
:10491000F1B582B02D4F3C680026200F000702D170
:10492000E00102902AE001F083F800F0ABF9019079
:1049300080210903606800F0F7F825786D1C607825
:10494000A84200D20025E80020180C300090006832
:104950000290802109030098406800F0E5F83D20AE
:1049600000F038F8E8B200F035F825700098A06043
:10497000019800F090F902A801F0B4F8144800681A
:10498000800407D5F86901F0AEFD0299081802907D
:1049900000D502960298FEBD4C1002A84C2002A839
:1049A00094E001A81C3E0000146001A814C001A8F6
:1049B000C43E0000442002A8FEFF0000C0E000A8A2
:1049C000106001A8440002A8441002A8C83E0000DC
:1049D000FC0302A849490968002901D54849086033
:1049E0007047F3B581B0474FB968474C4A0057D577
:1049F0000125090100D521250100444A10685668A7
:104A000022689206920E94463A68930080221340E0
:104A100062461343802252001A4300920A0023D0B8
:104A2000890601D5012008E0F021014007D169463F
:104A3000097A0C220A4002D0022000F04AF83449D8
:104A4000096809040AD53968090701D5022605E075
:104A50003968490301D5002600E003264835009A4D
:104A60002C490968890003E0009A2A49896B0909E1
:104A70004023194011430207120F032A05D122686F
:104A8000120904231A403243160080225200002EDD
:104A900002D0164326660835216602432266256643
:104AA000E06D4407640F00F0D7F8A0070BD0052C89
:104AB00009D0B868000406D400F0E4F80221164AD0
:104AC000116000F0E8F800F0D0F8002000F001F8E4
:104AD000F7BD0E490A68F0239A43000110430860AD
:104AE000C0B270478020C0020C490968890701D113
:104AF0000B4900E00B49086070470000500002A815
:104B0000884000A8480002A8284000A8683F00008C
:104B1000684101A8184001A8D4D40350844000A8DB
:104B2000486000A8485000A880B56F4A116001F0A5
:104B300005FDFFF7D7FF01BDFEB5FB25AD012878C8
:104B4000000604D5287F002801D0182400E0462460
:104B500000F098F802906548C0684005C20DD52A5B
:104B600001D2D52204E0D1204000824200D90200C7
:104B7000100001005E4B01932B6B5B011DD55D4B5B
:104B800000931D1D5C4E367806277E43AA530025F0
:104B9000019B1B7CEB40DB070CD5009B06266E437C
:104BA0009B199B888FB2BB4200D2190086B29E42ED
:104BB00000D218006D1C022DEAD389B2091909042C
:104BC0004E4B0B40001BC005C00D18434749086001
:104BD000C02000064A4908604548017D00290CD0E4
:104BE0004849D52A02D98023DB050B60D1235B001D
:104BF0009A4202D280231B060B600021424B1960AF
:104C00004188002900D10280029800F044F800F0A9
:104C100071FDF7BD80B53D483D4908603D48C1681C
:104C20000902090A19225143416005210160FFF779
:104C300083FF01BD80B5FB2080010178090604D502
:104C4000007F002801D0FFF777FF32480068C003DB
:104C500001D5FFF771FF01BD8020C0022249086025
:104C60002D4800684007FBD470478020C0022B49C4
:104C70000860704701E02A4908602A490968014034
:104C8000F9D17047284800682021284A1160102176
:104C9000274A116070473021014002D1102023497A
:104CA000086070472048006830210140102901D178
:104CB00001207047002070471E4801210160C1603B
:104CC000704701201C49086070471C480078062185
:104CD000014007D01A480068022803D0032801D0F9
:104CE0000120704700207047441002A87C4000500B
:104CF000743F0000403E00003C3E00000000FF0109
:104D0000A0600050A450005018E000E07F1A060197
:104D1000540002A810E000E0440002A8442002A8C9
:104D2000282002A8280002A8600002A8602002A88B
:104D3000601002A8789001A884A001A8A43E0000F9
:104D40006C3F0000F8B5634880214902C16102212F
:104D5000614A51600021614AD162614A1180032198
:104D60005D4A1160022101605E4DCC01A8682040BF
:104D700010D05A480068F021090501409020000534
:104D8000814207D0022058490860012001F0FAFB57
:104D90005648046020205649086080205549086024
:104DA000CC208001544908600124544804602E68D6
:104DB0003004070F52480068C505ED0D103DC020B6
:104DC0002843C0B2FFF706FE4448C06B800309D5F4
:104DD000092F07D0FFF779FF002801D003F0D7F89B
:104DE00001F004FA3007000F00904648066800986A
:104DF000032803D0022806D1032F37D000F05EFA33
:104E00000098032803D0062F30D1062D2ED03E481F
:104E10000068C00B204001D001F0D4FC3B48006882
:104E2000000108D5052D06D101253948046060052B
:104E3000FFF720FF00E000253100380000F078FA8D
:104E40000600002D06D000F01FFC3248046002204E
:104E50003149086060052F49486580092F4908607D
:104E6000FFF733FF002801D003F07FF81A48210430
:104E70000162002F08D10221416000201749C86358
:104E8000C020C0001C4948643000F2BD80B5FFF767
:104E9000E3FEFB2080010078800602D40220204936
:104EA0000860FFF7E2FE01BD02201E49086070475E
:104EB000802000061C49096801400AD0C10D1B4A28
:104EC0001278920701D51A4A00E01A4A11601A496D
:104ED000086070472C1002A8282002A80C0002A825
:104EE0004C3E0000B00002A86C1102A8B82002A835
:104EF00094E001A80CC001A8146001A8C4E000A8B7
:104F000004ED00E0B44000A800E200E0F03E000044
:104F1000645000A8646000A82C4000A880E200E073
:104F2000081002A8082002A8440002A86C3E000055
:104F3000FC1302A8FC2302A8442002A85A480068D7
:104F4000800700D4704770B5944801210422BB4B00
:104F50000C02E025ED0086682E4002D01C601A612C
:104F600019610068054002D01C609A60996070BDAC
:104F7000BF48012181600160704710B50120884958
:104F80008A680240FCD1BB4A042313610C680440C8
:104F9000FCD193600002106010BD824908680122B4
:104FA000104200D1704710B5E023DB000340FF241E
:104FB000A41CA34204D3C04B1B689B0600D54868C1
:104FC000024001D000F044F910BDFEB50700764E56
:104FD00030683F2188437549097801433160FFF704
:104FE000DCFF734C9648802149030825954A1268D6
:104FF000D20504D565600322B262016006E0C822D2
:10500000B2620622904B1A60904A1160009789099B
:10501000C16000980068984FB968814201D201913F
:1050200000E001900199401A009908600121009860
:1050300000F0D2FB06000098006801994018009922
:105040000860FFF77BFF8D4800683860002E13D1A1
:10505000002060627B480168C90501D410216162AB
:105060000068284001D0256000E065609548006830
:10507000400001D5680260623000FEBDFB20800167
:10508000017809060DD5007F00280AD08A484168BA
:10509000C90606D40068A0210140481E8041C00F07
:1050A0007047002070470000500002A880B5FFF74D
:1050B000E5FF002803D00021042001F01DFC01BD04
:1050C000F1B581488149C860EE20C004086080487D
:1050D00080490860FFF7D2FF002803D00021042098
:1050E00001F00AFC7C4C8020C001206008277B482E
:1050F00087650125754845641D2078498862784E8A
:105100009B204000B061072001F03CFA0220734967
:1051100088624C490A68D20603D57049714A0A6010
:1051200008E00F220968394002D03100103101E057
:10513000310014310A606C490968002900D4B76154
:10514000E32109013160C021C900684A1268F823CF
:10515000DB01134001D1F16201E05C4A9165216CF1
:10516000294008D0616BC90705D461490968084026
:1051700001D101F0DFFB0020C0435E490860606B95
:10518000054001D1FFF7DAFE009801F0E9F9606B04
:105190008001FCD4606A58490860F1BD900102A802
:1051A000940102A8783F00002C8001A84E3E000028
:1051B000601102A870B5FB2080010178090606D5B0
:1051C000007F002803D00021052001F095FB4B480B
:1051D00001683F2291434A4A12780A4302603E48DE
:1051E00048490122436B134001D10A638A62972226
:1051F00052000A6010220A60434AE2231B019366B0
:10520000424BCB610021424B196080235B00072495
:1052100008210C4D2E680E4005D094672C68234061
:1052200006D1916704E0D4672C68234000D1D16790
:105230000323136011630903016070BD881102A884
:10524000981002A8FC0302A80C9001A8982002A8BC
:10525000F02109012F4A116001402F4801602020F0
:105260002E4908602E4909680840BF490860704708
:10527000902102A8882102A8A03F0000340002A8C3
:105280002848294982680A4002D1C268114001D0E9
:105290000F49016012480821A64A13680B4000D04C
:1052A00081611178C90602D58C21090101601420A1
:1052B000AE490860E9E10000440002A8044805493D
:1052C00008607047EC0002A8000FFF00242102A82C
:1052D00001200000706201A8100002A8C01002A8FE
:1052E000501102A8BD03000028C000A8A88001A892
:1052F000243E0000B46000A89C3F00002C8001A860
:105300004F3E0000682102A8E82002A8101000000B
:10531000C00002A8586001A8585001A8482002A85F
:10532000184001A8704201A800800080704700006A
:10533000F8B586B005000C008D480068400102D524
:105340002000402404438B48C66AFFF79BFC05906D
:10535000B00503D588480068FFF7C6FA0020019021
:1053600001237006C00F0290844A9168002090606B
:10537000B8204000824E30606608B8203040127875
:10538000F0261640402E02D10200402010430D2D81
:1053900002D10A00042111434A0704D50200142057
:1053A000104310229443774A12686D462B70D20541
:1053B00006D580225200744B1A600200012010436F
:1053C000029A002A11D10C220240082A0DD00200B4
:1053D000684B9B6BDD0601D41025AA439B0601D4C4
:1053E00020239A43B12313404FD06A461278002AF3
:1053F0004ED0A34A956B966D01236D076D0FAD1DC1
:10540000AB40F504ED0C5B1B9BB2082B09D280204E
:105410000623584D2B6043029A4D2B6000236D46A6
:105420002B708123034036D00823029D002D00D12C
:1054300013620D000821294310239C4304231D05FA
:10544000954E3560DD04954E35606D462D78002D06
:105450001ED0062B25D3464DEE6CF60621D5904E78
:105460003668360E01966D69ADB28D4EF66B360616
:1054700003D02E0080256D01354315612D12156175
:10548000404A1268D50592D40BE008227C4B1A6280
:105490000491009032E000BF27A34506ED0E5B5D4E
:1054A000D3E7049100903348026B7D490968744D3D
:1054B0002E686F463E81282616401E43930CDB0162
:1054C00033431600120E3240102632401A43890030
:1054D00040231940114302AA9170406B000A02A9AF
:1054E000C870FFF7E7F902A90871019848716D4883
:1054F0000068C8800298E8660398E8660598FFF798
:10550000CAFB0825600601D563488560FFF7DDFB0F
:10551000002805D064480078002801D06348056061
:105520000498C1B20098C0B2FFF75BFA200007B040
:10553000F0BD0000F84F0000030107060301070655
:105540000501060605010606030207060302070613
:105550000502060605020606081A03D25449096820
:105560004018401C70470000481002A8703F00001F
:10557000084000A8180002A81CC000A8683F00004E
:10558000B46000A81C0100AA1C2100AAF8B5494F6C
:10559000494E0F24012549494948806BC0061BD557
:1055A000012008704748006847490968FFF7D4FFA1
:1055B000716F4018012858DB01F064FA434909680B
:1055C000090B0C40022C4ED16905414A1160102193
:1055D00039643B490D6046E03948006CC0001FD576
:1055E0003C480068E021890501403ED0374D2868DD
:1055F0002103014080208001814236D1FFF742FB28
:10560000354A36490968C90502D535490968116026
:105610002968090B21400229F3D0FFF73CFBF1BDBB
:1056200030480068002820D001220A7000F098FF5E
:1056300000281AD101F026FA24490968090B0C4008
:10564000022C10D102213278D20705D5264A1268E1
:105650000A4001D01A4A1560CA031D4B1A6039600E
:105660000021204A116001F011FAF1BD8020800470
:105670001E4908607047802040041C49086070473C
:10568000540000AA141100AA00BF19480168490774
:1056900001D0FF2141617047441002A84C5001A87D
:1056A000184001A8448001A89C3C0000845000A838
:1056B00038C001A8082002A86C3E0000513E00003E
:1056C000100002A81CC101A820C001A8B00002A8B7
:1056D0001C1002A84C4001A8800000AA084000A8A5
:1056E000904000A8283E0000F03E00003C2002A8A8
:1056F0000C4000A87047FF2807D0032805D22B498B
:105700000978C140C807C00F7047002070470000EB
:10571000F0B5802000020821254A11600A230121EA
:10572000244A01249C40044325A5ED5C2543956053
:10573000F025214E35601E4D24A6F65C0227374326
:105740002F6004262E601D4D2D680D4006D1CD0220
:105750006D1E03D0966C3603FAD401E00220F0BD32
:10576000956CD66C6D036D0BAE4200D220005B1EB3
:10577000D7D50823104C23609060A84B1B685B01B1
:1057800012D5A74C63785D1C01262E4066701D0063
:105790000626754365191268AA80E88023700348BD
:1057A00002789940114301700020F0BD843F000051
:1057B000889001A8448001A888A001A8140002A82C
:1057C0000000000101020408102020005050504049
:1057D0004040403020202000F1B584B0914C9248E8
:1057E0004068C00516D5606AE021C90008408842BB
:1057F00010D1AA48006E0004000F8C490A68D20636
:1058000001D5072804D00968C90603D40B2801D1A3
:10581000002001E1FFF7ACFBA1484069400101D441
:1058200001251CE09F48826B00207D49C3B20625FC
:105830006B43CB189B8895B2AB4204D0401CC3B2DB
:10584000022BF3D3FF2008700125954840694001E1
:1058500005D50878FFF74FFF002800D000259248B3
:105860005421405C000608D58D480078002804D0FB
:105870008B484078002800D10125E06902906A48F1
:105880000068E061894E04980068316D4718012F67
:1058900016DB00F0DCFD3060C001381A01280FDB98
:1058A000FFF76BFB00F0C4F804980068316D4018F6
:1058B00000F056FE002803D00021049A116010E089
:1058C0007B4FC020C00038602068072832D00521F7
:1058D0000840052808D021600C2000F053FE002865
:1058E00002D00299E16197E0724EFF207A30706237
:1058F0000420B062FFF741FB02203060E020C004CA
:105900006D49486080208004786002203860012062
:1059100000F038FE802080007062022000F032FE2D
:105920008020C00070620820B062022000F02AFED1
:105930000220B062614EE0204000F0615A480078D9
:10594000C00705D5802000065D490860400830602A
:10595000042000F017FE019000284BD10220564988
:10596000086080027064C001706410204D490860B6
:105970000120B0674C4F4948006840061ED4484893
:105980004069400113D5264800786946087068468A
:105990000078FFF7B0FE002809D021486946097851
:1059A000062251434018C0883E49086406E00120A1
:1059B0003874FFF7ADFE019000281BD10120394952
:1059C00008600020C867022000F0DCFD3C4E40204B
:1059D000F061C030F0613878C00705D5C0200006FE
:1059E00030603048006C7882022000F0CBFD8120CE
:1059F000C0027064002D05D028480068800101D4E1
:105A0000FFF718F9E069E0214903014002982D4AA7
:105A100002400A43E261019805B0F0BDF03E00008B
:105A20003C3E00005C0102A8F80302A8B04301A8B4
:105A300070B5FFF79DFAFFF7A0FA234C23480068E2
:105A4000C00509D5E06F000B0F210F220240072A85
:105A500023D001400B2920D00225124805601C4E9E
:105A60000820B062C0017062012000F08BFD2802A6
:105A7000706235600620B06216487062E020400017
:105A8000154908600C4805600021144A1160C021C6
:105A9000C900016020681249086070BD500002A86A
:105AA000DC3E00000C8001A86C3E00008C3F000032
:105AB000981002A85C1102A8982002A8109001A8D2
:105AC00010A001A8FFFFE3FF340002A8FC0302A816
:105AD0005C2102A8F96100002CA001A85C0102A8C9
:105AE000943F000070B50600FFF747FA2148C02137
:105AF000C900214A1268F823DB01134001D18161FA
:105B000001E01E4A11601E49802252001D4B1C6894
:105B1000144003D008240460032001E0AC204000BE
:105B200088641868024001D10A2008601648802164
:105B3000490301608909C160144C6069AF21C90142
:105B400045183068854200D30500401B30600021B5
:105B50003000FFF741FE3168491931600C4909688E
:105B6000216070BD802000010A49086000010A49D7
:105B700008607047641102A8AC8001A87C2102A8CB
:105B80000C8001A8FC0302A8981002A8903F000016
:105B9000340002A8441002A8685000A8F1B584B0EF
:105BA000C24800680190C248006BAF21C90140188B
:105BB0000499884205D2081A00F0D2FC002800D0CF
:105BC00047E2BC4D6868C00700D542E20420BA49EC
:105BD000C8628003B9498862B948406D0090A86BDB
:105BE0008407A40F032C03D01020B349C86224E01B
:105BF0000846802189028162EA6B920601D5012064
:105C000057E0009A120610D5EB6B022213400CD11C
:105C1000AC4B05261E60EE6B10273E4032431A60E7
:105C200000221A60AA6B120A1A600422C262E86B90
:105C3000002802D5A04881620024A86B400705D542
:105C4000A86BC00080214900084003E098488068A4
:105C5000C10701D5FFF7FCFA01210098084008D0E0
:105C6000BD48A2018018006AC004C00C401ECE4A84
:105C7000106000200022CD4B1E68360403D59B6FB8
:105C8000002B00D40122C0218900C94B5965210293
:105C90008B4B1B78DB0701D4002A02D0C022920074
:105CA00000E00A00C34B1A60C0229200C04CA265FB
:105CB0005960296C942292050A40140000D00124F6
:105CC00080273F02204300062CD0BB480078C0212B
:105CD0000140402902D1FFF7D9F801E0FFF7E4F8CD
:105CE00020202860240600D1B3E1B44CA86B400703
:105CF00008D57808714988620220206000F0C0FA57
:105D0000002806D004206C49C86240026B498862B2
:105D100027606B485421405C000600D499E13801AB
:105D200065493FE16868C00700D592E1B800634962
:105D3000C862FEF791FF9C48406E296C394008D13B
:105D4000C00606D5FEF79EFF0221C34A1160FEF78A
:105D5000A2FFFEF78AFFF8082860C04CC0200006AA
:105D6000A0607800BE490860A86B4007C10F684674
:105D70000170C74E0198C00700D4A5E000F082FE74
:105D80000290FEF799FF286C40040DD400BF00BFBD
:105D900000BF00BF00BF00BF00BF00BF00BF00BF0B
:105DA00080200006AF490860FEF78BFF029800F0E4
:105DB0006DFEEE20C004AC49086038092062032063
:105DC0003064FE20C003706442200199C90501D4EB
:105DD000706000E02060A02060600820A049086694
:105DE0000420AC490860286CC0022FD5AA4841683D
:105DF000080CAA4A0904C90B525A102826D32C4968
:105E00000B88E72B22D395267600B34205D8F31AE8
:105E10001B095A43930A5A4204E0A14E9B191B09DD
:105E20005A43920A52B28318086BCE6B72438018A1
:105E300008636F2B01D36F2302E00F2B00D20F23D7
:105E40001802184319040143964801608648964990
:105E50008164C0218901A1600221814A5167C0216A
:105E600089008160F02109014165F80960610A201B
:105E700000F088FBC0200006A0608220400260661F
:105E8000012000F07FFB0120A060062000F07AFBDB
:105E9000A760082000F076FB3801A0608000A060B9
:105EA000032000F06FFB780053E000BFFC0302A862
:105EB000743F0000100002A81C2002A81C1002A8B9
:105EC0006C3E0000E40000AA0198400746D56648F1
:105ED000EE21C904016062498222D204CA66BA096D
:105EE0002262D2018A66C021890181646F48A06064
:105EF0000A2000F047FB0020306408270199C905FB
:105F0000306001D4706000E07760A0206060544889
:105F10000766022141670A2000F034FBC02000061A
:105F2000A06063486066012000F02CFB062000F0B2
:105F300029FBA760062000F025FBC0204000A060E0
:105F4000082000F01FFB6020A060032000F01AFB77
:105F500002205049086007E00C0000AAE022D200AD
:105F60004021002001F014F80020C04310490860CF
:105F700000F06DFA964E401DC001316B471880202D
:105F8000C0019449496F0140029193490860049807
:105F9000874216D2316B401A00F0E2FA00280FD087
:105FA00002988E49086054E0204000A8684101A88A
:105FB000B46000A8085100A8F03E0000685000A896
:105FC000049F0198400702D58020800000E08448AB
:105FD000A060012000F0D6FA686AF06280204000DC
:105FE0001F490860380000F0BBFA7E4C6846007814
:105FF000002806D177480068A0678020C0037A494E
:10600000086002987549086017480199490704D546
:10601000802189008164244903E002218164C02138
:1060200089018164686A70626846007800280AD035
:10603000012000F0A7FA5420205C000603D5802040
:1060400000038D490860286CC00202D51248006820
:10605000306305B0F0BD0000D4E40350641102A821
:10606000B81002A804500950242102A880B5FEF7F8
:1060700009FE824900220A600A22CA61FEF70BFE6D
:106080009248C021890201609549416001BD00002C
:10609000600102A8C82102A8F83F0000C00000006B
:1060A000D6FEFFFFDC4001A8040400000404400009
:1060B000020400008B48806B800300D47047F8B561
:1060C00089480068009000240020884902220126A7
:1060D000009B334002D0C020800103E0009B5B079F
:1060E00001D583480A60086408278248076082480F
:1060F0000068C00403D4814800683840FBD0804D5C
:1061000037486865042000F03DFA8820C0046865BF
:106110000098064024D0A02080036865012000F08C
:1061200031FA7848686500F0ADFC0600FEF7C4FD62
:106130006C48006C40040DD400BF00BF00BF00BF1E
:1061400000BF00BF00BF00BF00BF00BF802000062F
:106150006D490860FEF7B5FD300000F097FC08E0DF
:10616000602068657803A860012000F00BFA67489A
:106170006865674E0098C005346001D5776000E01F
:106180007460C02000066865C00C62490860012088
:1061900000F0F8F9F0200001E8665F480099C905B1
:1061A00002D50321016000E00460862040025B49C3
:1061B00008605B4868652F60A020286534647464BB
:1061C000B80248490860000156490860F1BD000066
:1061D000743F000020C001A894E001A894D001A859
:1061E000024000006C3E00001C1002A8F8B54E48AA
:1061F00000680D2707400424002F00D104274B48D6
:106200001025660308214A4A4A4B1B68234012683E
:1062100014D04260394004D00220FEF75AFC4648B0
:1062200006603C4007D04548006805434348056088
:10623000B008414908600220414915E00260394038
:1062400005D00220FEF745FCA0023B4908603C4017
:1062500006D03A4801680D43056070093649086068
:106260003748066030032F490860FFF723FF0021FD
:106270000020FEF7B6FBF1BD1C2002A8D80000AA42
:1062800010B580202F490A6802400AD02E4B1A68A8
:106290000624144005D15C6E2C4A22401B6D9C01E3
:1062A00001D5002010BD096808400DD02848824261
:1062B00003D1180501D5012010BD26480068C1078B
:1062C000C90F481E8041C00F10BD0000442002A825
:1062D000214803210164A821C16310210160704796
:1062E00004000080100002A8FC0302A82C1102A8E0
:1062F00004040000106001A8D84001A8104001A8C3
:10630000182102A8018000000460095089050000DE
:10631000600102A8B06101A8548001A8C82102A8A8
:1063200004340000482002A8B44000A8E83E000061
:106330001CC101A8480002A8441002A8683F000040
:10634000685000A8440002A814C001A81F1F000044
:10635000010C000030C101A8082002A86C480068A8
:106360000121084209D16B4A12686B4B000C18409E
:10637000F03291400B40984201D00220704700203B
:106380007047F8B507000F386A461080604CE06827
:106390000A0004D16B461B8882B29A423AD200228C
:1063A0006B461A80012502263A0013D0226832403B
:1063B00007D000292ED059480088401C5749088032
:1063C00000203900216156490E6080B2B84201D3E5
:1063D00069460D805348456000E030BF206830407A
:1063E00003D1FFF7BBFF0028F7D04D4845603900C7
:1063F00010D02168314005D048490A886B461B8877
:10640000D2180A80066000202061E068B84201D2FC
:1064100044480660FFF7A2FFF2BD38B5050000F062
:1064200031FB0400012199204543A8093E4A126826
:106430008018123880B2FFF7A4FF05008020C00149
:106440003A490860200000F021FB280032BD3348A3
:1064500003883549096802889342F9D11004081865
:106460007047FEB51238070C6946088000F00AFB39
:106470000190274C294D2888B8421ADA01202C496E
:106480000860274E30BF02202168014006D03060EE
:106490004003264908602888401C2880FFF75EFFDB
:1064A000002802D12988B942ECDB01217160002863
:1064B0000DD12888B8420AD1E06869460988884227
:1064C00005D2002168460088FFF75BFF01E0FFF777
:1064D00045FF04008020C00114490860019800F0C5
:1064E000D5FA2000FEBD10B512490A680E4B1B6894
:1064F0000C689442FAD0DB014033141A02D2886946
:106500002418641C0C4800684443181B10BD00008C
:10651000280002A804ED00E0FF3F00004C3E000010
:10652000282002A8281002A8340002A880E200E077
:106530002C1002A820C001A8B43F0000F0B502E072
:106540000A601C602E607EC84F1C07D05F1C04D000
:106550006F1CF5D10A601C60F0BD0A60F0BD000040
:1065600010B5C409FFF773FF201A312806DAC000FE
:10657000183801D4C01EFDD5002010BD2000FFF743
:1065800070FF10BDC32148436F3801D41E38FDD5BC
:106590000020704780B5FEF79CFA0120864908600C
:1065A00001BD80B5EB2000F001F801BD30B5834995
:1065B0000B6818401022134211D0814BFB24A40118
:1065C0002468224008D0B04A14682402FF252D0216
:1065D00025401D6300241460802252031A60086065
:1065E00030BDF3B5010016001C0000250095A7483A
:1065F000019A330000270BE0BC464F5D4743AE00D5
:106600009E597E40575D47433740664637436D1C71
:10661000A542F1D3390939438A080A435108114385
:106620000840C10901430F208A0B0A430240504031
:10663000F6BDF1B582B00E00002093490860FD253B
:10664000AD01EF7AA87A01900F21394000910ED068
:106650000B468F4A8F490298FFF7C3FF019901400B
:10666000894801608C4841438C48084001D101248D
:1066700000E04401380915D032003B092900029896
:10668000009E6D7A75194019FFF7ABFF019909114A
:1066900001407D4802680B0113430360002901D0CB
:1066A000480044437E480068204001D10420FEBDDC
:1066B0000020FEBD80B50A00002111807949528872
:1066C0008018FFF7B6FF02BDF0B50F22764B5C795C
:1066D00005780F202040C5402009284001259C79DD
:1066E000C4402C4001D10320F0BDFB24A401246848
:1066F000254008D06D4D9E684700F65B761E2E60E3
:106700008026B601EE60DD78DE79C640F00711D54F
:10671000E0060FD5002D0DD06548486008884880F8
:1067200008881C7800192A4080185A7880182A098D
:10673000801800E0002008800020F0BD10B55D4802
:1067400001685D4A0820014200D09061C90602D567
:106750008C21090111605949594A5A4B1B681B0485
:106760000CD54B685C0402D5C303136006E0C0245B
:10677000A4011C4043029C4200D010600B680340FF
:1067800005D0514B1B689B0F9B0700D01060FB206E
:1067900080010078C023034002D1802040051060B2
:1067A000086820210840106048480068C00101D4F2
:1067B000FFF7F7FE10BD00002C4000A8703F00005E
:1067C0001C1002A8F8B5424F38687E680640414860
:1067D0003040414908608024A403404DF00229D58F
:1067E000FB2080010168080606D53D480068A860C6
:1067F00001202870022015E00120014202D0394911
:10680000A9600FE00020C9060CD52949A960364AC5
:1068100091780B071B0F12789A1809095118A98053
:10682000E880A888A880A888002801D0264301E035
:10683000FFF7B7FE264026D0274E74603460A88844
:1068400000280ED0396A81420BD3291D2748AA6837
:1068500090470100F3D0FEF73CF90120244908607D
:10686000F1BD01000CD0FC218902F1612149020334
:10687000CA6134604C603A6A824204D30C60F1BD54
:10688000EB20FFF793FEF1BD2C3E0000010101015A
:10689000F83E0000383F0000111100002184000084
:1068A000F43E0000183F0000483F0000204000A8D0
:1068B0006D220000F84F0000502102A8184001A8E6
:1068C000481002A8684101A84C4201A8D04000A885
:1068D000B44000A8FFFFDFFFB46000A8303E000016
:1068E000943C000081220000493F0000D84000A8ED
:1068F0002C4000A8B45000A870B505000C0000F0B2
:10690000C1F80600FEF7D8F92002054306480560E5
:10691000022006490860FEF7D4F9300000F0B6F80E
:1069200001200349087070BD04800950409009504F
:10693000503E0000FEB5C020C00433490860334813
:1069400033494865334888653348402404604460CF
:106950001020FFF717FE002854D1FF2000052F4913
:1069600008602F482F4908602F4829490860A5036F
:106970002A4805602D4807680820FFF703FE002815
:1069800040D108262A4806600120FFF7FBFD274872
:10699000806801902748066027481D4908601F4805
:1069A00005600820FFF7EEFD00282BD12048066087
:1069B0000120FFF7E7FD1D48806800901D48066034
:1069C000134D1E4828600199009800F03FF8860694
:1069D000B60E0198C10B0098C00B00F037F800020A
:1069E000FC218901014031432960104807606003A0
:1069F0000A4908601248046044601249016412495F
:106A000041640020FEBD000020E000A857140000F3
:106A10004C0102A8FF3FFF3F601102A8B42002A86A
:106A20000000380EB41002A830300000104101A858
:106A3000105101A8106101A81010000020200000D2
:106A4000602102A8F703F000FF3F000010B54904E1
:106A5000CA104004C310991A00209A18D30F9A182C
:106A6000521052188B115B0E5B18DB11D2182023C9
:106A7000541A01D422001843CC0F611849105B0846
:106A8000F6D110BDEFF3108072B67047002800D128
:106A900062B6704710B5C20018231340FF249C4013
:106AA000E2438907090E9940030004D478489B0803
:106AB0009B00C01806E0774B0007000F08388008DD
:106AC0008000181803681A401143016010BD80B59A
:106AD00073225421002000F05BFA01BD10B5FFF7CE
:106AE000D1FF6D4901220A606C4B6D4C23606D4CE7
:106AF000236003236C4C23606C4C23606C4B1A6046
:106B00006C4B1A606C4B80241C601A606B4A1A60D4
:106B100011228A63FFF7BAFF3F20694909680140E3
:106B20000A1D402A00D2081D664A1070664801708E
:106B300010BD80B501001120FFF7ACFF01BDFFF7CC
:106B4000A1FF05000024012160B2FFF7A3FF641C30
:106B50000E2CF8D301210F20FFF79CFF01211320F9
:106B6000FFF798FF01211720FFF794FF0321012071
:106B7000C043FFF78FFF01211E20FFF78BFF534813
:106B8000534908600220534908600120A249086067
:106B90004704514C20693840FCD02068800101D462
:106BA000FEF738F82800FFF771FF4C480068000333
:106BB00011D4FF222A325321002000F0E9F90AE023
:106BC00000281CD0FEF75EF819E020693840FCD0A0
:106BD0002800FFF75BFF206E0004000F022801D1A0
:106BE000FEF7D4FCFFF74EFF05003D4EFEF75AF8C6
:106BF00000287078E4D0002801D1FEF74CF801207D
:106C000034493278002A05D1744A1268920600D4B9
:106C1000086030BF0022327002220A607E4908609C
:106C2000D3E76F48016842680A406E4810401C492B
:106C30000860800700D4704770B578480188491C07
:106C40000180FB24A4012078000620D574490A683D
:106C50000F20120B0240032A19D1724A1268520700
:106C6000520F032A13D80968090B084003280ED1D4
:106C7000764805680826764806600D20FFF78AFCEE
:106C8000354001D073480660E08A401CE08270BD48
:106C900000E400E01CED00E0040002A80000FF3F5B
:106CA000282002A82C1002A840E002A844C002A894
:106CB00004C001A8044001A8145001A820006006E7
:106CC0002C8001A84E3E00004F3E0000FFFF9B407D
:106CD00000E100E0602002A8500002A8F80702A826
:106CE000513E0000F8B55C4C20686568054092484C
:106CF00005605A48284007D0FDF7E7FF002803D079
:106D00002800574909688847012102225548007820
:106D1000C00701D5022300E001232B408748002B48
:106D200010D0874B1A60874A12680A4007D1026860
:106D3000F0231B051340902212059342F3D0090261
:106D4000814A116080210D4220D0A26AF823DB0124
:106D500013401BD0C0221201934217D880231B0678
:106D60008A4E3360A76AF826F6013E402C4F3F68F2
:106D70003F043F0F022F01D0032F03D1002E01D07B
:106D80009642EFD3914A13606B4A1160904909789B
:106D900006290DDACC20800128401DD0FFF772FEB5
:106DA00004002800FDF74DFC2000FFF76FFEF1BD49
:106DB000806B800510D58748284005D0FEF7B6FACD
:106DC0002800FDF73EFCF1BDA80205D5802040015A
:106DD0005949086080490860F1BD0000F40302A829
:106DE000280002A8FFFF00C010B57C480168446875
:106DF0000C407B48046080210C4205D041607948FA
:106E000001600020FDF71DFC600403D580204005D3
:106E10007549086010BD0000601002A84C3E0000DB
:106E2000B00002A8184001A838B57048016844684D
:106E30000C40E00707D5FFF725FE0500FDF79CFC99
:106E40002800FFF723FE6A48046031BD4C4000A8CB
:106E50004C6000A84C5000A8104001A80200060099
:106E6000983C00006C3E0000FEB5624C206C676CE4
:106E7000074001252F4216D02E065F480660206885
:106E80005E490D60002802D00021FDF74DFE5C48F0
:106E90000068A021C90188428041C043C00F594900
:106EA000487059480660FDF7EDFE0190022007404A
:106EB0003ED06168CEB20F0A54490822484B4403C1
:106EC000012E24D0022E31D1012F22D1504EF6783E
:106ED00000964F4E37780126BE404E4F3E604C4ED6
:106EE0003678760590277F04F71903263E434A4FEC
:106EF0003E601C60494B1C600B68009C1B194B6575
:106F0000434909788D4046490D6046490DE000909F
:106F1000DFE7002F0AD1444E356000254D655C60E7
:106F20001C60C104414B196041490A603349086043
:106F30000198FDF7B0FEF7BD106001A80C0002A893
:106F40006C1102A8B44000A8B82002A870B5FDF7E3
:106F500099FE0400FFF796FD2F490A68D2070FD566
:106F60002A4A566D1368334D2E60CE686E604968AC
:106F7000E9818021C904204E3160297B591851656F
:106F8000FFF784FD2000FDF786FE70BDE06101A8DB
:106F9000002800D0704770B50C00FDF773FE0500A7
:106FA000FFF770FD0600FDF787FE2348046001210E
:106FB000224A1160026C0A40FCD1FDF782FE3000CB
:106FC000FFF764FD2800FDF766FE70BDE05101A8E3
:106FD0001C3E000000104006145001A890C001A8FB
:106FE00090E001A80CC001A804ED00E0C0C000A81A
:106FF000C0E000A800C002A8441002A840E002A817
:10700000404000A8513E0000442002A818800A50C9
:10701000653E000068A00A5060C101A894D001A894
:1070200068900A50F42302A860E101A880E200E021
:10703000F41302A85C3E0000008009504090095003
:1070400080B5FDF742FE002801D000F0ADFE01BD85
:1070500080B5FDF777FEC348006800030AD4FEF749
:107060002DF9FFF727F8FEF7A5F80120FEF7FEFF40
:10707000FEF7DEFC80208005FDF7FCFD01BD80B53C
:10708000FDF760FE80204002FDF7F4FD01BDFEB576
:1070900005208E4908608E4806680124264201D1E9
:1070A000FDF766FFFDF74EFE8A49086800909D488F
:1070B00049680160B105CA0F69460A710025264278
:1070C00010D00095A84949680160A7480268964910
:1070D0000B68981A9A4202D38B69C018401CA34BC4
:1070E0009842F5D3A24F3D6068460079002804D04D
:1070F00031000098FDF780FB0090002638682040A2
:1071000003D16846FDF761FF0600FDF7B7FF0028D1
:1071100043D09548407C00283FD196489249C968A1
:1071200002690B689A4200D00125934FBA1C94461D
:10713000924A1378062253436246D25A8C462B0059
:1071400018214B436146C9184A600099019186494C
:10715000C96801226A4018235A438D1829680161C1
:10716000A9680160A248E96801602969016268694B
:10717000A049086001A8FDF728FF002806D1B91C26
:107180007E4A127806235A43895A69603100060004
:107190000E4302D174494C7401E0002E02D10098D4
:1071A000FDF78EFF9E48046002209E490860C820BB
:1071B000C004BC4908606004FDF75CFDF7BDF8B58C
:1071C000994C8025EF02FDF759FF002808D0974819
:1071D0000078002804D13800FDF74CFD2560F1BD92
:1071E000206CC00506D580200006206000BF00BFCF
:1071F00040082060FEF744F8FDF7A4FDFDF79AF97A
:107200000600A948A9490860FFF71AFF3800FDF7F2
:1072100031FD002E00D025600120A5490870F1BD88
:10722000F8B50120FFF785FCA24CA3480068206058
:10723000FDF788FD1020C043A04908607A4D002664
:10724000EE639F4806607820205C0521014002D053
:10725000FDF71CFE01E0FDF727FE0227A06F384076
:1072600001D001202860FDF730FD002802D000F099
:10727000E8FD00E06663FDF7EFFC92480068296CCA
:10728000090407D4000705D5FDF7FCFC8E490F6003
:10729000FDF701FDFDF7E9FCFFF750FAB804FDF733
:1072A000E9FC0020FFF745FCF1BD80B5FDF74AFD84
:1072B0002C480068000303D4FDF77CFFFEF7B8FB01
:1072C00080204003FDF7D6FC01BD00005C1102A840
:1072D000440002A8B83F000038B5FDF733FD524C1A
:1072E0002025FEF7CDFF002806D0606B000704D5EF
:1072F000FEF7EEFFFEF736FC2560FDF75BFFFEF7BD
:1073000097FB724800780C210140042902D1FDF757
:10731000BDFD01E0FDF7C8FD6804FDF7ABFC4020B2
:10732000206031BD283E000020C001A81CB505200A
:1073300067490860FDF706FDFEF7CAFF654800686B
:1073400000906846FEF7CEFB0400FFF779FE002CA4
:1073500002D10098FEF722FC80204004FDF78AFC51
:1073600013BD00000C0002A8CC3E000001FF00008D
:10737000243E0000348001A8403E00003C3E000056
:10738000F8B5FDF7DFFC544CA56A5020284002D028
:10739000FDF77CFD01E0FDF787FD234FFEF770FF51
:1073A00000281BD1B86B40071DD4786BE021490140
:1073B000014018D1A80611D4FDF74EFCA56AA84ECD
:1073C000354207D0FF20C0432D18A562802000055C
:1073D000A4490860FDF749FC2E4002D00120386026
:1073E00001E00020206080208004FDF743FCF1BD17
:1073F0001C4101A8284000A880B5FDF7A3FC9A48CD
:107400000068C00501D5FDF7D5FE0120FEF72EFE70
:10741000FEF70EFB8020C004FDF72CFC01BD000030
:10742000442002A8305201A8100002A8DD3E00004E
:1074300010B526480468FDF785FC8C4909680903E6
:107440002AD40321C00601D5214001E0A008014053
:10745000012902D1FDF71AFD0BE0200107D50E200E
:10746000FFF798F882480421016008210160FDF7C8
:107470001BFDFDF792FD7F4C20697F490860FFF7F7
:10748000DFFD2068002807D04000122802D2FFF755
:1074900079F801E0FEF7C1FF80208003FDF7EAFBE9
:1074A00010BD0000106001A870012000B46000A8A9
:1074B000513E0000783E000008C000A8482002A805
:1074C0002C3E0000844000A8D4E40350F03E0000AD
:1074D0005C1102A8CC3F0000C83E0000F8B584B0A3
:1074E0000025A3490D740120694608700295FDF737
:1074F00029FC03905D4F3868000300D5A9E0032004
:107500009C4908649C480068FF26B6019B491024EA
:107510000F22974B1B78DB0713D50240022A03D0BA
:1075200097480068204002D19148806800E00868D0
:10753000FEF7D9FF7168401801D5019553E001901D
:1075400051E00F230340032B03D0000B0240062A17
:107550003AD1086871680291396C890701D5B16820
:107560000291FEF7C0FF0299401801D5019500E095
:107570000190B86B0107C80F0321404A12680A4006
:10758000022A1BD1039A224018D0794A526DD305A2
:1075900012D5FE6B9B4B1E409E4202D175490C6476
:1075A0000CE092050AD43A6C2823134006D16B46AE
:1075B0001D702C4A116001E06A4615700290684601
:1075C0000678002E03D10FE0306801900126FEF707
:1075D00057FE002808D0FEF77BFE0298002802D054
:1075E000FEF7C0FA00E00026022062490860002E83
:1075F00010D0224800780C210140042902D0F86BF9
:10760000044002D0FDF742FC01E0FDF74DFC2020D4
:1076100078601EE056480078C00705D558480068D5
:10762000044001D1FDF744FCFDF7C4FD80200006B5
:107630000C4908600020C0437349086001A8FEF7A8
:1076400051FA0400FFF7FCFC002C02D10198FEF770
:10765000A5FA80200004FDF70DFB05B0F0BD000089
:1076600000FFFF00481002A8680102A80C0002A851
:1076700080E200E0AC3F0000283E0000F03E000049
:10768000FEB53B4C002525740095FDF75BFBFFF72D
:10769000D7FC5E4EF06E5E4F0007000F07280BD13F
:1076A0007068002808D40020FEF7E0FC38685949CB
:1076B0000860FDF7FBFC55E00120716849070CD418
:1076C00055490968014008D00102626D0A4209D09B
:1076D000520502D43268114001D1009002E010201E
:1076E0004E4908602078C00705D525480068C006C7
:1076F00001D5FDF7DDFB4A4801680320009A002A06
:1077000001D0890900E00909084001900020FEF736
:10771000ADFC0198002805D17068C00602D4FDF7C1
:10772000C3FB01E0FDF7B2FB00200099002903D163
:107730003C480068FEF7D7FE7969401801D50095EE
:1077400000E000906846FDF740FC00280AD1009850
:10775000FDF7B6FC2078C00701D5606800E0B86985
:107760002C49086080200005FDF784FAF7BD000071
:107770006C3E0000082002A8B00002A80CC101A8BD
:10778000B04301A8F8B5FDF7DDFA0024002526482E
:10779000466B80277F05300606D5300709D5FEF7F2
:1077A00097FDFEF7DFF929E001251B480068284016
:1077B00019D00020FEF75AFC0220064002D01B49D7
:1077C0000C60C8611A480468002D03D02000FDF742
:1077D0009FF80400FEF77CFD2000FEF7DFF938007B
:1077E000FDF748FAF1BD0E480078C021014040295C
:1077F00002D1FDF74BFB01E0FDF756FB20200A49C3
:107800000860ECE710000010B46000A8440002A873
:10781000BC3F0000283E0000B44000A8481002A869
:10782000F03E00001CC101A8100002A8180000AA28
:10783000D83F0000FFF752F9024803494860FFF7BC
:107840007EF900BFF72600000000000080B5EFF3CE
:1078500005800B2801D23A2100E02921FF221632AF
:107860000020FFF795FBFEE7911102084111020885
:107870004D1102083D120208215104081157040855
:107880001557040821570408195704081D57040800
:1078900000000000B0010000381F00206C6F776509
:1078A000722D6D61632D7261696C2D3830322E310D
:1078B000352E342E63006C69627261696C2E610032
:1078C00000010304756E636C61696D656400627527
:1078D000666665722D6D616E6167656D656E742E8D
:1078E00063006576656E742D71756575652E630030
:1078F0000700100008001A00060011000200110025
:107900000400040001000400090008000A000A0045
:107910000B00020000000000FD7A0508A17A0508AE
:1079200000000000FE7A050866340508000000002B
:1079300041340508433405080000000045340508BB
:10794000797A0508137B05084B7B05084234050846
:1079500000000000463405086C79050877320508F8
:107960004034050844340508763205080002030453
:107970000508090A0B0001020304051D2000FFFF92
:10798000FFFFFFFFFFFFFFFFD55903083D77020808
:107990008DAC02081D8A030899AF02081D60040817
:1079A0001F600408216004082360040849240308B8
:1079B0002DFB02081141030875860308399A020855
:1079C0001B600408A5FF02083177030885870208B9
:1079D000299003080DAF0308398E020843F303080A
:1079E000000000007A69676265652D7570706572C8
:1079F0002D6D61632E63006E65696768626F722E1C
:107A000063006173736F63696174696F6E2E6300E5
:107A10000013000000000000000000000000000053
:107A2000010000007903030802000000C376040887
:107A300003000000D5020308040000003F7604089C
:107A400005000000750203080000000000000000AF
:107A50000023001B2200FF00000000000C090202AE
:107A6000000000001C1A0B0303FF060804020202B8
:107A700004020A0B030302030480FF0204FF010156
:107A800001010800000000000000003138323173AD
:107A9000005A6967426565416C6C69616E63653067
:107AA00039803134323231003132310032730032B8
:107AB0003831003831310031383231310031323132
:107AC00031313231323232317300313232003132BF
:107AD000313132323100313131310032323800004F
:107AE00000183810300000000000008F8E8C80726B
:107AF0006F7574652D7461626C652E630081815AA7
:107B00006967426565416C6C69616E636530390611
:107B1000080C10806D61632D6D756C74692D6E6538
:107B200074776F726B2E63006C65676163792D707B
:107B300061636B65742D6275666665722E63000005
:107B400002010A0000803834313200803231323292
:107B50003131313400313131323438313132323136
:107B600031003831323231313100383131320010A8
:107B7000270F51421B390F390F1C06000A0026003F
:107B80002A00008050684C6900000000434C534EAE
:107B900000000000D07B050800000000AC7B050859
:107BA00001000000C5FD8668C017530200000000F8
:107BB0004063598F404B4C000B000B001A006400CF
:107BC0002CA10020000000008080050800000000BB
:107BD0000C400200018014007F40000020400200A1
:107BE000000000000000000030400700000000001E
:107BF0000000000000000000000000000000000085
:107C000000400000A00700035040010000000000F9
:107C10005C4002000000000000000000A8400100DD
:107C200007000000BC40040000000000000000004D
:107C300000000000000000000841040000400000B7
:107C4000FF4C000000410000FF4D000020C001106B
:107C500000F8070020C001301402280124C00110E0
:107C6000FF00000024C001300043000028C00800CD
:107C7000EC80B30343754051A00F00F800400000B2
:107C8000A8AA070000000000000000002E0200006B
:107C900054C01000513130000E000DE62A000000E3
:107CA000080B0C0D0D000000D1B60200C00600004C
:107CB000BA10000000042000041880000B3C2001D2
:107CC000187C10022FFCE0067F000000000000007E
:107CD00000000000A8C00500BD4B721511A31805D7
:107CE00010325476980A000000000000CCC0040056
:107CF000010000000000000001000A00010028004F
:107D00000800010104070000180001010000000044
:107D1000200001010884000040402501000000000F
:107D2000000000001000000020F9130407006200AA
:107D30003870000000000000000000030068010F20
:107D400040B824404902F000410800000200000051
:107D5000B0070800A7000000000000002363000037
:107D60009BC34A74F0030F0000800060BE0A00004D
:107D70000101103050707F7F000000000000000003
:107D800000000000000000000000000000000000F3
:107D900000000000000000000000000000000000E3
:107DA00000000000000000000000000000000000D3
:107DB000E04001010002000010410201331E0500F5
:107DC000000000001C410E010090C28B590B000006
:107DD000FF0483078813C83AFF06660CFF04830775
:107DE0008813FF0390200AF0F854520000000000AE
:107DF000B756351200000050803B00000000000024
:107E00005841020100000000001E000064410D0105
:107E10000C010000E853FA0000140CC0141A2128C9
:107E20002E343B42495043557698BA0C23730000D8
:107E3000010100001721286414171A002004C87DCE
:107E4000A1203A09A441020100000000290000001D
:107E5000B04102010000000000002000BC4103010D
:107E60000000000000003C0069900600D0410301C2
:107E700000000000D000000000000200E0411601F8
:107E800000000000DE635E36BF6F07006FEA160079
:107E9000E530CE00B2B9D90E4B8494045A1FA92400
:107EA000DE635E36BF6F07006FEA1600E530CE0076
:107EB000B2B9D90E4B8494045A1FA92400000000C3
:107EC000000000002C00000007EE7536601800402E
:107ED00000000000000000003C4201010000000022
:107EE00044420301140000000000000008000004E8
:107EF0006842010100000000804202010000000011
:107F000081000000984205013F000002FFFF0000D1
:107F1000FFFF0000FF030000FFFF0000B44201016B
:107F20000000000030430A0140002001A0000000D2
:107F3000085000011F1F1F1F1F1F1F1B18151311A3
:107F4000100E0D0C45C1872F00000000000000003E
:107F5000108001010300000038800201F147100089
:107F6000010000009C800301EB40020070780300D8
:107F7000D5C00000A8800111F0010000A8800131E7
:107F80000542CB01AC800111F0010000AC80013151
:107F900005228D00B08002010003000237000001BD
:107FA0009C000102000C0004D8000302050040AA56
:107FB00088010000C0000000EC000112E00F00008A
:107FC000EC0001320C205111F00001022B010000E5
:107FD0001001011200FF0F001001013202000031F8
:107FE0005001011200C0010050010132C100A20085
:107FF0007401010269811B0C7801011200001C0050
:10800000780101321004E0CF8001011279070000ED
:108010008001013202000000840102020000000021
:1080200050000000FC4F010330800508FFFFFFFFF8
:10803000120000006666660000000000EC80050883
:10804000DC8005080000000000000000005A620209
:1080500080841E000420F600F1475002000000005A
:1080600084800508000000000000000000000000FF
:1080700062841E00000000000000000000000000FC
:108080000503000002000000C017530206140000A0
:10809000802FA60405380000A00800000000580941
:1080A00001040706100A01040707C80A00040807AC
:1080B000800B00040808380C00040908610800005F
:1080C00000008A0800000000C709010404032C0B0B
:1080D00001040404920C010405040000ED170000E3
:1080E000ED170000F401000000000000193F010638
:1080F0000410010000010106001027000009000023
:08810000000000000000000077
:0881080020ECFA7F01000000E9
:0C8110001C810508609900202C02000072
:10811C000000000000000000FFFF00000000000055
:10812C003600000037000000350000005800000049
:10813C00590000005A0000005B00000064000000C1
:10814C006500000066000000670000003B000000B6
:10815C003A0000004600000042000000440000000D
:10816C0047000000520000003800000039000000F9
:10817C0043000000450000005300000054000000C4
:10818C0055000000320000005600000057000000AF
:10819C00FFFFFFFF01002000C0EA2101C0EA21011E
:1081AC0000800000C0175302FC99002000601708E3
:1081BC0000800000BC490020C8000000FE00000048
:1081CC0000000000D0DE040808040020FFFFFFFFC1
:1081DC0000000500A0000000E9E4000878EA0408AB
:1081EC005DF2040800000000205300205000000045
:1081FC0033000000190801084CF3040800000000CB
:10820C00105400205000000068F304080000000027
:10821C00EC540020200000003300000039FA030861
:10822C000F0000000030E70400C818037F020508A7
:10823C0084020508B1020508DC0205080A030508DA
:10824C00380305086703050894030508C4030508EB
:10825C00F403050844040508005C2605B09A0020C8
:10826C000D000000F83405080000000001000300B8
:10827C000000000054630020010006000000000014
:10828C00346300200200030000000000146300208F
:10829C000200060000000000F4620020030003004E
:1082AC0000000000D4620020030006000000000063
:1082BC00B46200200400030000000000946200205F
:1082CC00050003000000000074620020060003009B
:1082DC0000000000546200200700030000000000B2
:1082EC00346200200800030000000000146200202B
:1082FC000900030000000000F46100200A000300E4
:10830C0000000000D46100200B00030000000000FE
:10831C00B46100200C0003000000000094610020F8
:10832C000D00030000000000746100200D00060029
:10833C0000000000546100200D0008000000000047
:10834C00346100200E0003000000000014610020C6
:10835C000E00060000000000F46000200E00080073
:10836C0000000000D46000200F000300000000009B
:10837C00B46000200F000600000000009460002094
:10838C000F000800000000007460002010000300C3
:10839C0000000000546000201100030000000000E9
:1083AC003460002012000300000000001460002064
:1083BC001300030000000000F45F0020130006000F
:1083CC0000000000D45F0020130008000000000033
:1083DC00B45F00201300000300000000945F002035
:1083EC001400030000000000745F0020140006005D
:1083FC0000000000545F0020140008000000000082
:10840C00345F00201400000300000000145F002003
:10841C001500030000000000F45E002015000600AB
:10842C0000000000D45E00201500080000000000D1
:10843C00B45E00201500000300000000945E0020D4
:10844C001600030000000000745E002016000600F9
:10845C0000000000545E0020170003000000000024
:10846C00345E00201700060000000000145E00209F
:10847C001800030000000000F45D00201800060046
:10848C0000000000D45D0020190003000000000073
:10849C00B45D00201900000500000000945D002070
:1084AC001A00030000000000745D00201A00000593
:1084BC0000000000545D00201B00030000000000C1
:1084CC00345D00201B00000500000000145D00203E
:1084DC001C00030000000000F45C00201D000300E1
:1084EC0000000000D45C00201E000300000000000F
:1084FC00B45C0020F000030000000000945C00203D
:10850C00F000190001000000745C0020070000005E
:10851C00AAAAAAAA370000002F4C0408833F04081B
:10852C00833F0408893F0408893F0408F07D00203C
:10853C00C83505080200000005F10108F07D002097
:10854C00507F0020D4350508020000009DF1010881
:10855C00507F00200000000003000000787F002006
:10856C00B49D002000000000787F0020E07F0020F8
:10857C004880002000000000000000000000000007
:10858C0000000000000000000000000000000000DF
:10859C0000000000000000000000000000000000CF
:1085AC0000000000000000000000000000000000BF
:1085BC00EB4F0408E74F0408FFFFFFFFFFFFFFFF2F
:1085CC00FB4F040820C001B88D540408FFFFFFFFC7
:1085DC008B550408FFFFFFFFFFFFFFFFFFFFFFFFAF
:1085EC00FFFFFFFF9F2600009957040890780508AD
:1085FC00FFFFFFFF0000000020A1070000000000AB
:10860C00C5BA0408000000006696002000000000B7
:10861C00748500203D6D0208698602080D17050857
:10862C00000000000000000000000000000000003E
:10863C0074850020CD730208000000000D1705089A
:10864C00000000000000000000000000000000001E
:10865C0074850020E97D0208698602080D1705085B
:10866C0000000000000000000000000000000000FE
:10867C00C478050874850020C98A0208000000002F
:10868C000D170508000000000000000000000000AD
:10869C000000000074850020C1A502080000000045
:1086AC000D1705080000000000000000000000008D
:1086BC00000000007485002035AB020800000000AB
:1086CC000D1705080000000000000000000000006D
:1086DC000000000074850020A9BF02080000000003
:1086EC000D1705080000000000000000000000004D
:1086FC0000000000B80B0000748500209DC4020827
:10870C00000000000D17050800000000000000002C
:10871C00000000000000000074850020A1CF0208BA
:10872C00000000000D17050800000000000000000C
:10873C0000000000000000007485002031D1020808
:10874C00000000000D1705080000000000000000EC
:10875C00000000000000000074850020F1D2020827
:10876C00000000000D1705080000000000000000CC
:10877C0000000000000000007485002059D702089A
:10878C00000000000D1705080000000000000000AC
:10879C0000000000000000007485002079DD020854
:1087AC00000000000D17050800000000000000008C
:1087BC00000000000000000074850020D37804083D
:1087CC00000000000D17050800000000000000006C
:1087DC00000000000000000074850020C140030868
:1087EC00000000000D17050800000000000000004C
:1087FC00000000000000000074850020F9580308F8
:10880C00000000000D17050800000000000000002B
:10881C000000000000000000DD81040874850020C9
:10882C00E5860308698602080D170508000000009C
:10883C000000000000000000000000007485002013
:10884C00ED8A0308000000000D1705080000000069
:10885C0000000000000000000000000074850020F3
:10886C00E98D0308000000000D170508000000004A
:10887C0000000000000000000000000074850020D3
:10888C00C98D0308000000000D170508000000004A
:10889C0000000000000000000000000074850020B3
:1088AC0059A80308000000000D170508000000007F
:1088BC000000000000000000000000007485002093
:1088CC003DAA0308000000000D1705080000000079
:1088DC00000000000000000000000000FFFFFFFF90
:1088EC00FFFFFFFFFFFFCEFAEFBEFFFF38002C01AA
:1088FC00001E2C0140061027FFFF04F8FFFF0C00A0
:10890C000000000000004000FDFF9C000000FFFF85
:10891C00FDFFFFFFFFFF60EA8000800010C1CDABC0
:10892C000100FFFF011F040128FF010101010101EA
:10893C00FFFF02FFFF640250FF01D80F0102080382
:10894C001E0605021601010A04050A07050510108A
:10895C00010F080410010607010103010FFF0C01B0
:10896C00FF0F7F0150403000FFFFFF0B03FF050B93
:10897C000101FF03010305020201FFFFFFFFFFFFDF
:10898C00FFFF010102FFFFFF40FF0101FF01FF009C
:10899C00EDF00308056D0008C96F0008BD710008F3
:1089AC009D790008F9790008917A0008097B000884
:1089BC00557B00088D7B0008497D0008DD6C0008A4
:040000050800847DEE
:00000001FF
